,CVEGEO,crime
0,01001,6177
1,01002,134
2,01003,203
3,01004,78
4,01005,806
5,01006,248
6,01007,277
7,01008,64
8,01009,78
9,01010,85
10,01011,339
11,02001,2475
12,02002,6298
13,02003,742
14,02004,8485
15,02005,694
16,02006,293
17,02007,122
18,03001,206
19,03002,189
20,03003,2439
21,03008,2575
22,03009,79
23,04001,31
24,04002,264
25,04003,202
26,04004,173
27,04005,30
28,04006,25
29,04007,0
30,04008,7
31,04009,5
32,04010,2
33,04011,11
34,04012,35
35,04013,21
36,05001,2
37,05002,1349
38,05003,110
39,05004,336
40,05005,2
41,05006,151
42,05007,77
43,05008,8
44,05009,135
45,05010,310
46,05011,76
47,05012,0
48,05013,0
49,05014,49
50,05015,0
51,05016,2
52,05017,581
53,05018,1308
54,05019,25
55,05020,342
56,05021,22
57,05022,126
58,05023,18
59,05024,251
60,05025,1698
61,05026,2
62,05027,710
63,05028,322
64,05029,2
65,05030,1563
66,05031,83
67,05032,144
68,05033,321
69,05034,0
70,05035,2775
71,05036,52
72,05037,5
73,05038,45
74,06001,133
75,06002,1632
76,06003,142
77,06004,160
78,06005,132
79,06006,28
80,06007,1971
81,06008,54
82,06009,586
83,06010,935
84,07001,8
85,07002,4
86,07003,11
87,07004,4
88,07005,1
89,07006,5
90,07007,1
91,07008,4
92,07009,21
93,07010,1
94,07011,1
95,07012,7
96,07013,8
97,07014,1
98,07015,6
99,07016,14
100,07017,11
101,07018,2
102,07019,125
103,07020,2
104,07021,5
105,07022,1
106,07023,2
107,07024,1
108,07025,1
109,07026,3
110,07027,61
111,07028,0
112,07029,2
113,07030,19
114,07031,5
115,07032,19
116,07033,1
117,07034,24
118,07035,1
119,07036,0
120,07037,12
121,07038,1
122,07039,1
123,07040,30
124,07041,4
125,07042,3
126,07043,4
127,07044,3
128,07045,3
129,07046,6
130,07047,1
131,07048,11
132,07049,1
133,07050,1
134,07051,32
135,07052,30
136,07053,2
137,07054,27
138,07055,1
139,07056,1
140,07057,37
141,07058,0
142,07059,81
143,07060,0
144,07061,21
145,07062,2
146,07063,0
147,07064,1
148,07065,57
149,07066,4
150,07067,2
151,07068,15
152,07069,10
153,07070,1
154,07071,7
155,07072,4
156,07073,1
157,07074,58
158,07075,1
159,07076,1
160,07077,1
161,07078,246
162,07079,7
163,07080,3
164,07081,13
165,07082,1
166,07083,5
167,07084,4
168,07085,3
169,07086,3
170,07087,23
171,07088,0
172,07089,272
173,07090,1
174,07091,3
175,07092,5
176,07093,0
177,07094,10
178,07096,3
179,07097,47
180,07098,2
181,07099,17
182,07100,2
183,07101,461
184,07102,40
185,07103,8
186,07104,4
187,07105,3
188,07106,2
189,07107,9
190,07108,53
191,07109,5
192,07110,0
193,07111,5
194,07112,1
195,07113,1
196,07114,8
197,07115,0
198,07116,1
199,07117,0
200,07118,0
201,07119,0
202,07120,0
203,07121,0
204,07122,8
205,07123,2
206,07124,4
207,07125,1
208,08001,49
209,08002,84
210,08003,12
211,08004,27
212,08005,82
213,08006,16
214,08007,29
215,08008,3
216,08009,89
217,08010,33
218,08011,293
219,08012,8
220,08013,33
221,08014,0
222,08015,7
223,08016,5
224,08017,1339
225,08018,7
226,08019,4185
227,08020,9
228,08021,1046
229,08022,5
230,08023,32
231,08024,32
232,08025,6
233,08026,7
234,08027,97
235,08028,4
236,08029,41
237,08030,3
238,08031,122
239,08032,881
240,08033,4
241,08034,6
242,08035,35
243,08036,278
244,08037,6929
245,08038,15
246,08039,6
247,08040,85
248,08041,2
249,08042,1
250,08043,5
251,08044,13
252,08045,238
253,08046,4
254,08047,6
255,08048,28
256,08049,8
257,08050,307
258,08051,29
259,08052,33
260,08053,3
261,08054,12
262,08055,59
263,08056,1
264,08057,4
265,08058,5
266,08059,60
267,08060,88
268,08061,26
269,08062,146
270,08063,6
271,08064,2
272,08065,8
273,08066,2
274,08067,23
275,09002,1487
276,09003,2894
277,09004,588
278,09005,3147
279,09006,2456
280,09007,4270
281,09008,692
282,09009,293
283,09010,2347
284,09011,977
285,09012,2814
286,09013,1133
287,09014,3282
288,09015,5081
289,09016,2949
290,09017,1922
291,09998,478
292,10001,55
293,10002,0
294,10003,0
295,10004,101
296,10005,1668
297,10006,1
298,10007,355
299,10008,98
300,10009,3
301,10010,1
302,10011,5
303,10012,126
304,10013,16
305,10014,28
306,10015,19
307,10016,55
308,10017,8
309,10018,8
310,10019,1
311,10020,27
312,10021,16
313,10022,73
314,10023,79
315,10024,28
316,10025,0
317,10026,4
318,10027,0
319,10028,36
320,10029,0
321,10030,0
322,10031,5
323,10032,157
324,10033,7
325,10034,7
326,10035,15
327,10036,24
328,10037,0
329,10038,93
330,10039,56
331,11001,236
332,11002,397
333,11003,2126
334,11004,307
335,11005,992
336,11006,12
337,11007,3616
338,11008,59
339,11009,433
340,11010,48
341,11011,466
342,11012,46
343,11013,99
344,11014,983
345,11015,2097
346,11016,39
347,11017,4713
348,11018,204
349,11019,67
350,11020,11281
351,11021,233
352,11022,124
353,11023,521
354,11024,79
355,11025,274
356,11026,131
357,11027,2024
358,11028,536
359,11029,142
360,11030,650
361,11031,613
362,11032,777
363,11033,892
364,11034,30
365,11035,308
366,11036,20
367,11037,1667
368,11038,47
369,11039,181
370,11040,66
371,11041,237
372,11042,657
373,11043,58
374,11044,273
375,11045,17
376,11046,274
377,12001,2504
378,12002,3
379,12003,3
380,12004,8
381,12005,5
382,12006,7
383,12007,6
384,12008,9
385,12009,1
386,12010,1
387,12011,50
388,12012,41
389,12013,11
390,12014,23
391,12015,39
392,12016,1
393,12017,2
394,12018,14
395,12019,7
396,12020,4
397,12021,105
398,12022,19
399,12023,31
400,12024,2
401,12025,6
402,12026,0
403,12027,7
404,12028,36
405,12029,1285
406,12030,28
407,12031,2
408,12032,7
409,12033,18
410,12034,60
411,12035,467
412,12036,20
413,12037,6
414,12038,404
415,12039,69
416,12040,13
417,12041,8
418,12042,0
419,12043,14
420,12044,3
421,12045,13
422,12046,133
423,12047,0
424,12048,35
425,12049,16
426,12050,37
427,12051,2
428,12052,26
429,12053,50
430,12054,1
431,12055,172
432,12056,19
433,12057,77
434,12058,67
435,12059,61
436,12060,1
437,12061,51
438,12062,7
439,12063,1
440,12064,1
441,12065,0
442,12066,177
443,12067,12
444,12068,74
445,12069,3
446,12070,14
447,12071,9
448,12072,0
449,12073,7
450,12074,0
451,12075,112
452,12076,0
453,12077,21
454,12078,12
455,12079,1
456,12080,13
457,12081,4
458,12082,0
459,12083,0
460,12084,0
461,12085,0
462,13001,20
463,13002,98
464,13003,302
465,13004,23
466,13005,12
467,13006,33
468,13007,40
469,13008,260
470,13009,37
471,13010,194
472,13011,7
473,13012,86
474,13013,213
475,13014,6
476,13015,9
477,13016,90
478,13017,18
479,13018,22
480,13019,25
481,13020,1
482,13021,75
483,13022,52
484,13023,84
485,13024,57
486,13025,10
487,13026,4
488,13027,19
489,13028,99
490,13029,140
491,13030,253
492,13031,13
493,13032,4
494,13033,0
495,13034,11
496,13035,17
497,13036,10
498,13037,31
499,13038,25
500,13039,50
501,13040,3
502,13041,166
503,13042,20
504,13043,0
505,13044,19
506,13045,33
507,13046,11
508,13047,3
509,13048,2097
510,13049,1
511,13050,110
512,13051,700
513,13052,97
514,13053,22
515,13054,70
516,13055,25
517,13056,97
518,13057,69
519,13058,22
520,13059,26
521,13060,40
522,13061,253
523,13062,10
524,13063,349
525,13064,16
526,13065,14
527,13066,66
528,13067,138
529,13068,6
530,13069,1002
531,13070,76
532,13071,3
533,13072,36
534,13073,18
535,13074,144
536,13075,117
537,13076,528
538,13077,778
539,13078,5
540,13079,6
541,13080,7
542,13081,45
543,13082,142
544,13083,196
545,13084,73
546,14001,17
547,14002,70
548,14003,43
549,14004,3
550,14005,21
551,14006,122
552,14007,20
553,14008,76
554,14009,66
555,14010,3
556,14011,5
557,14012,6
558,14013,49
559,14014,8
560,14015,91
561,14016,27
562,14017,1
563,14018,57
564,14019,0
565,14020,10
566,14021,14
567,14022,41
568,14023,244
569,14024,47
570,14025,17
571,14026,5
572,14027,10
573,14028,1
574,14029,8
575,14030,129
576,14031,2
577,14032,2
578,14033,23
579,14034,2
580,14035,64
581,14036,14
582,14037,30
583,14038,7
584,14039,6831
585,14040,17
586,14041,12
587,14042,6
588,14043,24
589,14044,80
590,14045,12
591,14046,33
592,14047,26
593,14048,11
594,14049,1
595,14050,72
596,14051,74
597,14052,6
598,14053,467
599,14054,1
600,14055,43
601,14056,2
602,14057,2
603,14058,23
604,14059,36
605,14060,4
606,14061,5
607,14062,1
608,14063,116
609,14064,39
610,14065,5
611,14066,44
612,14067,891
613,14068,6
614,14069,2
615,14070,888
616,14071,5
617,14072,3
618,14073,47
619,14074,4
620,14075,11
621,14076,1
622,14077,39
623,14078,29
624,14079,31
625,14080,2
626,14081,7
627,14082,48
628,14083,202
629,14084,5
630,14085,27
631,14086,24
632,14087,9
633,14088,19
634,14089,6
635,14090,2
636,14091,19
637,14092,6
638,14093,199
639,14094,67
640,14095,14
641,14096,36
642,14097,1967
643,14098,2983
644,14099,8
645,14100,22
646,14101,1464
647,14102,6
648,14103,10
649,14104,1
650,14105,24
651,14106,1
652,14107,12
653,14108,43
654,14109,11
655,14110,15
656,14111,9
657,14112,3
658,14113,15
659,14114,33
660,14115,4
661,14116,11
662,14117,2
663,14118,21
664,14119,43
665,14120,3553
666,14121,52
667,14122,5
668,14123,53
669,14124,154
670,14125,5
671,14998,0
672,15001,133
673,15002,418
674,15003,123
675,15004,10
676,15005,386
677,15006,26
678,15007,30
679,15008,8
680,15009,198
681,15010,74
682,15011,256
683,15012,37
684,15013,1887
685,15014,406
686,15015,49
687,15016,203
688,15017,14
689,15018,132
690,15019,89
691,15020,1118
692,15021,45
693,15022,75
694,15023,250
695,15024,847
696,15025,2306
697,15026,37
698,15027,44
699,15028,116
700,15029,633
701,15030,155
702,15031,2515
703,15032,29
704,15033,6044
705,15034,13
706,15035,886
707,15036,72
708,15037,767
709,15038,25
710,15039,1418
711,15040,79
712,15041,5
713,15042,329
714,15043,33
715,15044,106
716,15045,325
717,15046,45
718,15047,96
719,15048,182
720,15049,25
721,15050,54
722,15051,585
723,15052,66
724,15053,218
725,15054,1209
726,15055,60
727,15056,46
728,15057,3970
729,15058,2956
730,15059,274
731,15060,1319
732,15061,110
733,15062,251
734,15063,87
735,15064,72
736,15065,205
737,15066,3
738,15067,211
739,15068,73
740,15069,11
741,15070,1329
742,15071,124
743,15072,24
744,15073,73
745,15074,135
746,15075,137
747,15076,427
748,15077,3
749,15078,5
750,15079,67
751,15080,6
752,15081,2119
753,15082,57
754,15083,41
755,15084,111
756,15085,135
757,15086,47
758,15087,202
759,15088,283
760,15089,28
761,15090,211
762,15091,524
763,15092,326
764,15093,87
765,15094,45
766,15095,510
767,15096,75
768,15097,17
769,15098,6
770,15099,1127
771,15100,156
772,15101,275
773,15102,23
774,15103,106
775,15104,3755
776,15105,18
777,15106,4561
778,15107,25
779,15108,703
780,15109,1994
781,15110,172
782,15111,56
783,15112,73
784,15113,82
785,15114,149
786,15115,177
787,15116,2
788,15117,4
789,15118,595
790,15119,15
791,15120,1062
792,15121,3048
793,15122,1458
794,15123,5
795,15124,72
796,15125,53
797,16001,24
798,16002,4
799,16003,63
800,16004,12
801,16005,5
802,16006,573
803,16007,4
804,16008,13
805,16009,69
806,16010,62
807,16011,6
808,16012,52
809,16013,0
810,16014,15
811,16015,23
812,16016,25
813,16017,42
814,16018,43
815,16019,28
816,16020,74
817,16021,5
818,16022,59
819,16023,18
820,16024,10
821,16025,67
822,16026,2
823,16027,12
824,16028,39
825,16029,3
826,16030,70
827,16031,11
828,16032,16
829,16033,22
830,16034,209
831,16035,14
832,16036,12
833,16037,21
834,16038,71
835,16039,16
836,16040,38
837,16041,19
838,16042,11
839,16043,264
840,16044,18
841,16045,92
842,16046,10
843,16047,12
844,16048,15
845,16049,21
846,16050,209
847,16051,10
848,16052,846
849,16053,3916
850,16054,12
851,16055,75
852,16056,29
853,16057,3
854,16058,16
855,16059,12
856,16060,19
857,16061,13
858,16062,12
859,16063,39
860,16064,29
861,16065,36
862,16066,325
863,16067,12
864,16068,19
865,16069,328
866,16070,16
867,16071,147
868,16072,32
869,16073,74
870,16074,11
871,16075,73
872,16076,136
873,16077,12
874,16078,6
875,16079,124
876,16080,13
877,16081,3
878,16082,91
879,16083,61
880,16084,79
881,16085,52
882,16086,27
883,16087,35
884,16088,257
885,16089,32
886,16090,31
887,16091,65
888,16092,12
889,16093,17
890,16094,8
891,16095,23
892,16096,0
893,16097,10
894,16098,29
895,16099,8
896,16100,45
897,16101,11
898,16102,1538
899,16103,29
900,16104,22
901,16105,18
902,16106,42
903,16107,80
904,16108,657
905,16109,7
906,16110,131
907,16111,77
908,16112,383
909,16113,36
910,17001,26
911,17002,90
912,17003,83
913,17004,218
914,17005,19
915,17006,1709
916,17007,3597
917,17008,624
918,17009,343
919,17010,70
920,17011,1215
921,17012,358
922,17013,59
923,17014,24
924,17015,28
925,17016,51
926,17017,210
927,17018,609
928,17019,34
929,17020,219
930,17021,25
931,17022,23
932,17023,22
933,17024,79
934,17025,67
935,17026,59
936,17027,15
937,17028,347
938,17029,918
939,17030,191
940,17031,73
941,17032,13
942,17033,56
943,17034,16
944,17035,37
945,17036,7
946,18001,53
947,18002,20
948,18003,12
949,18004,152
950,18005,13
951,18006,40
952,18007,13
953,18008,49
954,18009,1
955,18010,41
956,18011,16
957,18012,37
958,18013,10
959,18014,23
960,18015,107
961,18016,41
962,18017,543
963,18018,25
964,18019,1
965,18020,311
966,19001,0
967,19002,1
968,19003,0
969,19004,45
970,19005,10
971,19006,567
972,19007,5
973,19008,5
974,19009,101
975,19010,87
976,19011,3
977,19012,83
978,19013,14
979,19014,42
980,19015,3
981,19016,4
982,19017,58
983,19018,386
984,19019,159
985,19020,17
986,19021,461
987,19022,12
988,19023,2
989,19024,1
990,19025,69
991,19026,635
992,19027,1
993,19028,1
994,19029,9
995,19030,0
996,19031,587
997,19032,1
998,19033,72
999,19034,2
1000,19035,0
1001,19036,0
1002,19037,10
1003,19038,87
1004,19039,1863
1005,19040,0
1006,19041,128
1007,19042,8
1008,19043,1
1009,19044,17
1010,19045,132
1011,19046,379
1012,19047,15
1013,19048,252
1014,19049,57
1015,19050,4
1016,19051,4
1017,20001,0
1018,20002,14
1019,20003,1
1020,20004,0
1021,20005,10
1022,20006,52
1023,20007,2
1024,20008,0
1025,20009,5
1026,20010,8
1027,20011,0
1028,20012,5
1029,20013,5
1030,20014,45
1031,20015,2
1032,20016,1
1033,20017,1
1034,20018,1
1035,20019,2
1036,20020,0
1037,20021,7
1038,20022,0
1039,20023,21
1040,20024,1
1041,20025,9
1042,20026,3
1043,20027,0
1044,20028,51
1045,20029,2
1046,20030,16
1047,20031,1
1048,20032,0
1049,20033,4
1050,20034,1
1051,20035,0
1052,20036,0
1053,20037,1
1054,20038,0
1055,20039,203
1056,20040,1
1057,20041,7
1058,20042,2
1059,20043,118
1060,20044,41
1061,20045,10
1062,20046,0
1063,20047,0
1064,20048,0
1065,20049,0
1066,20050,0
1067,20051,3
1068,20052,12
1069,20053,0
1070,20054,1
1071,20055,3
1072,20056,0
1073,20057,39
1074,20058,0
1075,20059,91
1076,20060,0
1077,20061,2
1078,20062,0
1079,20063,4
1080,20064,4
1081,20065,1
1082,20066,5
1083,20067,1378
1084,20068,40
1085,20069,0
1086,20070,1
1087,20071,2
1088,20072,1
1089,20073,23
1090,20074,0
1091,20075,4
1092,20076,0
1093,20077,6
1094,20078,1
1095,20079,162
1096,20080,1
1097,20081,1
1098,20082,1
1099,20083,32
1100,20084,3
1101,20085,3
1102,20086,1
1103,20087,7
1104,20088,1
1105,20089,4
1106,20090,3
1107,20091,6
1108,20092,1
1109,20093,0
1110,20094,0
1111,20095,0
1112,20096,1
1113,20097,0
1114,20098,0
1115,20099,0
1116,20100,0
1117,20101,0
1118,20102,5
1119,20103,12
1120,20104,0
1121,20105,1
1122,20106,1
1123,20107,57
1124,20108,0
1125,20109,3
1126,20110,0
1127,20111,0
1128,20112,3
1129,20113,0
1130,20114,0
1131,20115,38
1132,20116,2
1133,20117,1
1134,20118,1
1135,20119,0
1136,20120,0
1137,20121,0
1138,20122,1
1139,20123,1
1140,20124,13
1141,20125,5
1142,20126,0
1143,20127,0
1144,20128,1
1145,20129,3
1146,20130,1
1147,20131,5
1148,20132,0
1149,20133,3
1150,20134,3
1151,20135,2
1152,20136,3
1153,20137,1
1154,20138,0
1155,20139,1
1156,20140,1
1157,20141,3
1158,20142,0
1159,20143,3
1160,20144,1
1161,20145,12
1162,20146,0
1163,20147,0
1164,20148,0
1165,20149,1
1166,20150,10
1167,20151,0
1168,20152,0
1169,20153,2
1170,20154,0
1171,20155,0
1172,20156,1
1173,20157,49
1174,20158,1
1175,20159,0
1176,20160,1
1177,20161,2
1178,20162,1
1179,20163,0
1180,20164,0
1181,20165,0
1182,20166,8
1183,20167,0
1184,20168,2
1185,20169,0
1186,20170,1
1187,20171,2
1188,20172,0
1189,20173,1
1190,20174,17
1191,20175,0
1192,20176,5
1193,20177,9
1194,20178,5
1195,20179,1
1196,20180,0
1197,20181,1
1198,20182,1
1199,20183,0
1200,20184,306
1201,20185,2
1202,20186,1
1203,20187,1
1204,20188,1
1205,20189,0
1206,20190,8
1207,20191,0
1208,20192,1
1209,20193,2
1210,20194,1
1211,20195,1
1212,20196,2
1213,20197,0
1214,20198,5
1215,20199,0
1216,20200,2
1217,20201,0
1218,20202,0
1219,20203,0
1220,20204,1
1221,20205,3
1222,20206,0
1223,20207,1
1224,20208,2
1225,20209,1
1226,20210,1
1227,20211,0
1228,20212,0
1229,20213,0
1230,20214,0
1231,20215,0
1232,20216,0
1233,20217,0
1234,20218,0
1235,20219,0
1236,20220,0
1237,20221,2
1238,20222,0
1239,20223,0
1240,20224,0
1241,20225,1
1242,20226,0
1243,20227,19
1244,20228,0
1245,20229,0
1246,20230,1
1247,20231,0
1248,20232,10
1249,20233,0
1250,20234,0
1251,20235,0
1252,20236,0
1253,20237,0
1254,20238,0
1255,20239,0
1256,20240,0
1257,20241,0
1258,20242,1
1259,20243,2
1260,20244,5
1261,20245,0
1262,20246,0
1263,20247,1
1264,20248,0
1265,20249,1
1266,20250,2
1267,20251,0
1268,20252,0
1269,20253,1
1270,20254,3
1271,20255,0
1272,20256,0
1273,20257,0
1274,20258,1
1275,20259,0
1276,20260,1
1277,20261,2
1278,20262,1
1279,20263,1
1280,20264,1
1281,20265,1
1282,20266,1
1283,20267,0
1284,20268,2
1285,20269,0
1286,20270,0
1287,20271,0
1288,20272,3
1289,20273,0
1290,20274,0
1291,20275,0
1292,20276,1
1293,20277,7
1294,20278,22
1295,20279,0
1296,20280,0
1297,20281,1
1298,20282,1
1299,20283,1
1300,20284,2
1301,20285,1
1302,20286,2
1303,20287,0
1304,20288,0
1305,20289,0
1306,20290,0
1307,20291,1
1308,20292,0
1309,20293,35
1310,20294,16
1311,20295,10
1312,20296,0
1313,20297,0
1314,20298,22
1315,20299,0
1316,20300,4
1317,20301,0
1318,20302,0
1319,20303,0
1320,20304,2
1321,20305,4
1322,20306,0
1323,20307,7
1324,20308,1
1325,20309,0
1326,20310,17
1327,20311,1
1328,20312,2
1329,20313,0
1330,20314,1
1331,20315,0
1332,20316,0
1333,20317,0
1334,20318,99
1335,20319,0
1336,20320,0
1337,20321,0
1338,20322,0
1339,20323,0
1340,20324,51
1341,20325,2
1342,20326,0
1343,20327,13
1344,20328,0
1345,20329,2
1346,20330,0
1347,20331,0
1348,20332,0
1349,20333,6
1350,20334,38
1351,20335,0
1352,20336,0
1353,20337,8
1354,20338,24
1355,20339,5
1356,20340,3
1357,20341,0
1358,20342,8
1359,20343,3
1360,20344,3
1361,20345,1
1362,20346,1
1363,20347,0
1364,20348,2
1365,20349,4
1366,20350,50
1367,20351,1
1368,20352,1
1369,20353,0
1370,20354,0
1371,20355,0
1372,20356,2
1373,20357,0
1374,20358,0
1375,20359,0
1376,20360,6
1377,20361,0
1378,20362,1
1379,20363,4
1380,20364,8
1381,20365,1
1382,20366,0
1383,20367,0
1384,20368,1
1385,20369,1
1386,20370,0
1387,20371,0
1388,20372,0
1389,20373,0
1390,20374,1
1391,20375,22
1392,20376,1
1393,20377,2
1394,20378,1
1395,20379,0
1396,20380,2
1397,20381,1
1398,20382,0
1399,20383,0
1400,20384,1
1401,20385,218
1402,20386,3
1403,20387,6
1404,20388,0
1405,20389,0
1406,20390,139
1407,20391,0
1408,20392,0
1409,20393,2
1410,20394,2
1411,20395,0
1412,20396,1
1413,20397,34
1414,20398,3
1415,20399,71
1416,20400,1
1417,20401,58
1418,20402,0
1419,20403,13
1420,20404,0
1421,20405,0
1422,20406,4
1423,20407,1
1424,20408,0
1425,20409,12
1426,20410,2
1427,20411,0
1428,20412,0
1429,20413,80
1430,20414,3
1431,20415,0
1432,20416,0
1433,20417,5
1434,20418,17
1435,20419,0
1436,20420,1
1437,20421,5
1438,20422,2
1439,20423,0
1440,20424,0
1441,20425,0
1442,20426,1
1443,20427,4
1444,20428,0
1445,20429,0
1446,20430,0
1447,20431,1
1448,20432,0
1449,20433,0
1450,20434,0
1451,20435,0
1452,20436,1
1453,20437,2
1454,20438,1
1455,20439,21
1456,20440,0
1457,20441,0
1458,20442,0
1459,20443,0
1460,20444,0
1461,20445,0
1462,20446,0
1463,20447,3
1464,20448,0
1465,20449,1
1466,20450,0
1467,20451,0
1468,20452,1
1469,20453,5
1470,20454,2
1471,20455,1
1472,20456,3
1473,20457,1
1474,20458,1
1475,20459,3
1476,20460,0
1477,20461,1
1478,20462,7
1479,20463,1
1480,20464,0
1481,20465,0
1482,20466,4
1483,20467,7
1484,20468,1
1485,20469,17
1486,20470,0
1487,20471,0
1488,20472,4
1489,20473,0
1490,20474,2
1491,20475,11
1492,20476,1
1493,20477,0
1494,20478,0
1495,20479,0
1496,20480,0
1497,20481,0
1498,20482,59
1499,20483,14
1500,20484,0
1501,20485,0
1502,20486,6
1503,20487,1
1504,20488,0
1505,20489,0
1506,20490,0
1507,20491,0
1508,20492,1
1509,20493,0
1510,20494,0
1511,20495,0
1512,20496,1
1513,20497,1
1514,20498,3
1515,20499,0
1516,20500,1
1517,20501,1
1518,20502,2
1519,20503,0
1520,20504,1
1521,20505,3
1522,20506,0
1523,20507,1
1524,20508,3
1525,20509,0
1526,20510,1
1527,20511,3
1528,20512,0
1529,20513,3
1530,20514,0
1531,20515,186
1532,20516,0
1533,20517,2
1534,20518,0
1535,20519,1
1536,20520,2
1537,20521,0
1538,20522,0
1539,20523,3
1540,20524,0
1541,20525,9
1542,20526,2
1543,20527,0
1544,20528,0
1545,20529,0
1546,20530,2
1547,20531,2
1548,20532,0
1549,20533,1
1550,20534,0
1551,20535,0
1552,20536,0
1553,20537,3
1554,20538,0
1555,20539,11
1556,20540,8
1557,20541,0
1558,20542,1
1559,20543,0
1560,20544,1
1561,20545,20
1562,20546,3
1563,20547,1
1564,20548,15
1565,20549,2
1566,20550,3
1567,20551,82
1568,20552,0
1569,20553,26
1570,20554,0
1571,20555,2
1572,20556,0
1573,20557,3
1574,20558,0
1575,20559,13
1576,20560,3
1577,20561,0
1578,20562,0
1579,20563,1
1580,20564,0
1581,20565,98
1582,20566,0
1583,20567,0
1584,20568,8
1585,20569,0
1586,20570,55
1587,20999,0
1588,21001,170
1589,21002,9
1590,21003,43
1591,21004,317
1592,21005,1
1593,21006,9
1594,21007,2
1595,21008,40
1596,21009,1
1597,21010,51
1598,21011,0
1599,21012,13
1600,21013,39
1601,21014,1
1602,21015,892
1603,21016,6
1604,21017,28
1605,21018,3
1606,21019,643
1607,21020,7
1608,21021,1
1609,21022,21
1610,21023,20
1611,21024,2
1612,21025,5
1613,21026,29
1614,21027,1
1615,21028,1
1616,21029,0
1617,21030,1
1618,21031,5
1619,21032,0
1620,21033,10
1621,21034,411
1622,21035,13
1623,21036,6
1624,21037,1
1625,21038,56
1626,21039,2
1627,21040,25
1628,21041,772
1629,21042,1
1630,21043,36
1631,21044,54
1632,21045,165
1633,21046,9
1634,21047,21
1635,21048,13
1636,21049,9
1637,21050,10
1638,21051,55
1639,21052,0
1640,21053,276
1641,21054,31
1642,21055,6
1643,21056,0
1644,21057,11
1645,21058,15
1646,21059,8
1647,21060,5
1648,21061,9
1649,21062,2
1650,21063,353
1651,21064,8
1652,21065,34
1653,21066,2
1654,21067,36
1655,21068,1
1656,21069,16
1657,21070,5
1658,21071,368
1659,21072,8
1660,21073,6
1661,21074,484
1662,21075,4
1663,21076,49
1664,21077,0
1665,21078,3
1666,21079,12
1667,21080,1
1668,21081,2
1669,21082,8
1670,21083,8
1671,21084,0
1672,21085,168
1673,21086,21
1674,21087,3
1675,21088,2
1676,21089,2
1677,21090,109
1678,21091,11
1679,21092,2
1680,21093,5
1681,21094,139
1682,21095,2
1683,21096,40
1684,21097,1
1685,21098,8
1686,21099,37
1687,21100,4
1688,21101,2
1689,21102,15
1690,21103,13
1691,21104,54
1692,21105,10
1693,21106,55
1694,21107,1
1695,21108,121
1696,21109,8
1697,21110,192
1698,21111,8
1699,21112,11
1700,21113,7
1701,21114,8484
1702,21115,143
1703,21116,15
1704,21117,53
1705,21118,57
1706,21119,908
1707,21120,5
1708,21121,1
1709,21122,24
1710,21123,0
1711,21124,20
1712,21125,32
1713,21126,5
1714,21127,2
1715,21128,63
1716,21129,38
1717,21130,20
1718,21131,1
1719,21132,1028
1720,21133,0
1721,21134,48
1722,21135,0
1723,21136,205
1724,21137,29
1725,21138,11
1726,21139,2
1727,21140,513
1728,21141,2
1729,21142,79
1730,21143,141
1731,21144,153
1732,21145,1
1733,21146,1
1734,21147,3
1735,21148,26
1736,21149,46
1737,21150,7
1738,21151,5
1739,21152,21
1740,21153,56
1741,21154,433
1742,21155,9
1743,21156,695
1744,21157,30
1745,21158,3
1746,21159,2
1747,21160,1
1748,21161,49
1749,21162,1
1750,21163,22
1751,21164,278
1752,21165,0
1753,21166,16
1754,21167,3
1755,21168,12
1756,21169,26
1757,21170,111
1758,21171,10
1759,21172,27
1760,21173,6
1761,21174,122
1762,21175,28
1763,21176,14
1764,21177,80
1765,21178,6
1766,21179,27
1767,21180,120
1768,21181,22
1769,21182,7
1770,21183,25
1771,21184,1
1772,21185,16
1773,21186,52
1774,21187,3
1775,21188,14
1776,21189,58
1777,21190,1
1778,21191,11
1779,21192,0
1780,21193,6
1781,21194,43
1782,21195,14
1783,21196,3
1784,21197,135
1785,21198,0
1786,21199,36
1787,21200,1
1788,21201,5
1789,21202,9
1790,21203,5
1791,21204,4
1792,21205,29
1793,21206,6
1794,21207,33
1795,21208,265
1796,21209,14
1797,21210,1
1798,21211,32
1799,21212,16
1800,21213,3
1801,21214,22
1802,21215,3
1803,21216,0
1804,21217,4
1805,22001,149
1806,22002,22
1807,22003,19
1808,22004,131
1809,22005,234
1810,22006,977
1811,22007,136
1812,22008,127
1813,22009,74
1814,22010,18
1815,22011,1288
1816,22012,270
1817,22013,27
1818,22014,8750
1819,22015,17
1820,22016,1362
1821,22017,299
1822,22018,59
1823,22998,5
1824,23001,642
1825,23002,347
1826,23003,147
1827,23004,1382
1828,23005,6661
1829,23006,96
1830,23007,100
1831,23008,2883
1832,23009,543
1833,23010,249
1834,23011,235
1835,24001,51
1836,24002,9
1837,24003,55
1838,24004,6
1839,24005,50
1840,24006,10
1841,24007,56
1842,24008,58
1843,24009,29
1844,24010,73
1845,24011,142
1846,24012,22
1847,24013,657
1848,24014,22
1849,24015,42
1850,24016,94
1851,24017,38
1852,24018,27
1853,24019,2
1854,24020,376
1855,24021,163
1856,24022,40
1857,24023,29
1858,24024,283
1859,24025,92
1860,24026,16
1861,24027,19
1862,24028,8138
1863,24029,21
1864,24030,14
1865,24031,7
1866,24032,112
1867,24033,11
1868,24034,26
1869,24035,1448
1870,24036,46
1871,24037,170
1872,24038,8
1873,24039,16
1874,24040,89
1875,24041,20
1876,24042,41
1877,24043,22
1878,24044,23
1879,24045,40
1880,24046,94
1881,24047,5
1882,24048,4
1883,24049,66
1884,24050,176
1885,24051,47
1886,24052,21
1887,24053,50
1888,24054,76
1889,24055,140
1890,24056,47
1891,24057,44
1892,24058,36
1893,24059,212
1894,25001,1246
1895,25002,87
1896,25003,17
1897,25004,67
1898,25005,31
1899,25006,5444
1900,25007,62
1901,25008,325
1902,25009,162
1903,25010,132
1904,25011,528
1905,25012,2646
1906,25013,59
1907,25014,125
1908,25015,137
1909,25016,52
1910,25017,28
1911,25018,334
1912,25019,8
1913,25020,21
1914,26001,3
1915,26002,133
1916,26003,15
1917,26004,28
1918,26005,4
1919,26006,2
1920,26007,0
1921,26008,1
1922,26009,8
1923,26010,1
1924,26011,1
1925,26012,99
1926,26013,5
1927,26014,3
1928,26015,1
1929,26016,10
1930,26017,173
1931,26018,1215
1932,26019,36
1933,26020,4
1934,26021,2
1935,26022,1
1936,26023,10
1937,26024,0
1938,26025,86
1939,26026,34
1940,26027,1
1941,26028,0
1942,26029,312
1943,26030,1996
1944,26031,2
1945,26032,1
1946,26033,46
1947,26034,0
1948,26035,20
1949,26036,86
1950,26037,4
1951,26038,7
1952,26039,2
1953,26040,0
1954,26041,23
1955,26042,215
1956,26043,554
1957,26044,1
1958,26045,3
1959,26046,2
1960,26047,9
1961,26048,91
1962,26049,7
1963,26050,1
1964,26051,8
1965,26052,20
1966,26053,0
1967,26054,0
1968,26055,346
1969,26056,5
1970,26057,1
1971,26058,40
1972,26059,0
1973,26060,5
1974,26061,1
1975,26062,0
1976,26063,1
1977,26064,8
1978,26065,2
1979,26066,51
1980,26067,0
1981,26068,0
1982,26069,6
1983,26070,116
1984,26071,45
1985,26072,15
1986,26998,0
1987,26999,0
1988,27001,30
1989,27002,354
1990,27003,141
1991,27004,2687
1992,27005,558
1993,27006,374
1994,27007,56
1995,27008,323
1996,27009,44
1997,27010,173
1998,27011,12
1999,27012,196
2000,27013,225
2001,27014,165
2002,27015,35
2003,27016,100
2004,27017,50
2005,28001,21
2006,28002,50
2007,28003,628
2008,28004,12
2009,28005,6
2010,28006,4
2011,28007,17
2012,28008,1
2013,28009,645
2014,28010,2
2015,28011,19
2016,28012,46
2017,28013,49
2018,28014,2
2019,28015,15
2020,28016,21
2021,28017,47
2022,28018,19
2023,28019,22
2024,28020,2
2025,28021,285
2026,28022,1183
2027,28023,7
2028,28024,12
2029,28025,94
2030,28026,7
2031,28027,401
2032,28028,3
2033,28029,19
2034,28030,30
2035,28031,6
2036,28032,3159
2037,28033,327
2038,28034,6
2039,28035,116
2040,28036,1
2041,28037,39
2042,28038,634
2043,28039,57
2044,28040,86
2045,28041,1882
2046,28042,2
2047,28043,53
2048,29001,1
2049,29002,28
2050,29003,5
2051,29004,0
2052,29005,97
2053,29006,48
2054,29007,3
2055,29008,13
2056,29009,0
2057,29010,84
2058,29011,8
2059,29012,1
2060,29013,49
2061,29014,7
2062,29015,9
2063,29016,3
2064,29017,6
2065,29018,22
2066,29019,13
2067,29020,6
2068,29021,9
2069,29022,4
2070,29023,24
2071,29024,16
2072,29025,60
2073,29026,11
2074,29027,12
2075,29028,21
2076,29029,15
2077,29030,0
2078,29031,15
2079,29032,4
2080,29033,159
2081,29034,23
2082,29035,3
2083,29036,12
2084,29037,1
2085,29038,8
2086,29039,9
2087,29040,7
2088,29041,28
2089,29042,14
2090,29043,21
2091,29044,67
2092,29045,1
2093,29046,1
2094,29047,0
2095,29048,12
2096,29049,3
2097,29050,3
2098,29051,2
2099,29052,4
2100,29053,3
2101,29054,6
2102,29055,2
2103,29056,3
2104,29057,1
2105,29058,5
2106,29059,6
2107,29060,1
2108,30001,25
2109,30002,3
2110,30003,224
2111,30004,31
2112,30005,2
2113,30006,40
2114,30007,2
2115,30008,12
2116,30009,19
2117,30010,126
2118,30011,76
2119,30012,8
2120,30013,58
2121,30014,85
2122,30015,38
2123,30016,88
2124,30017,1
2125,30018,11
2126,30019,5
2127,30020,6
2128,30021,23
2129,30022,11
2130,30023,53
2131,30024,11
2132,30025,6
2133,30026,75
2134,30027,12
2135,30028,547
2136,30029,8
2137,30030,54
2138,30031,9
2139,30032,59
2140,30033,10
2141,30034,16
2142,30035,8
2143,30036,11
2144,30037,0
2145,30038,162
2146,30039,814
2147,30040,53
2148,30041,6
2149,30042,2
2150,30043,8
2151,30044,458
2152,30045,113
2153,30046,4
2154,30047,39
2155,30048,262
2156,30049,30
2157,30050,3
2158,30051,5
2159,30052,14
2160,30053,46
2161,30054,10
2162,30055,11
2163,30056,5
2164,30057,6
2165,30058,51
2166,30059,22
2167,30060,7
2168,30061,160
2169,30062,18
2170,30063,3
2171,30064,1
2172,30065,221
2173,30066,21
2174,30067,2
2175,30068,147
2176,30069,34
2177,30070,5
2178,30071,90
2179,30072,27
2180,30073,32
2181,30074,19
2182,30075,6
2183,30076,5
2184,30077,87
2185,30078,7
2186,30079,0
2187,30080,26
2188,30081,36
2189,30082,21
2190,30083,26
2191,30084,8
2192,30085,84
2193,30086,54
2194,30087,1487
2195,30088,2
2196,30089,47
2197,30090,12
2198,30091,32
2199,30092,49
2200,30093,21
2201,30094,54
2202,30095,9
2203,30096,0
2204,30097,31
2205,30098,0
2206,30099,85
2207,30100,26
2208,30101,32
2209,30102,242
2210,30103,11
2211,30104,2
2212,30105,152
2213,30106,4
2214,30107,0
2215,30108,375
2216,30109,89
2217,30110,7
2218,30111,25
2219,30112,25
2220,30113,4
2221,30114,20
2222,30115,59
2223,30116,34
2224,30117,36
2225,30118,241
2226,30119,12
2227,30120,14
2228,30121,23
2229,30122,4
2230,30123,185
2231,30124,216
2232,30125,45
2233,30126,22
2234,30127,14
2235,30128,284
2236,30129,18
2237,30130,23
2238,30131,429
2239,30132,34
2240,30133,72
2241,30134,35
2242,30135,15
2243,30136,14
2244,30137,4
2245,30138,58
2246,30139,2
2247,30140,3
2248,30141,210
2249,30142,14
2250,30143,56
2251,30144,36
2252,30145,21
2253,30146,2
2254,30147,4
2255,30148,22
2256,30149,11
2257,30150,6
2258,30151,10
2259,30152,18
2260,30153,9
2261,30154,11
2262,30155,148
2263,30156,3
2264,30157,19
2265,30158,25
2266,30159,8
2267,30160,141
2268,30161,44
2269,30162,2
2270,30163,1
2271,30164,16
2272,30165,2
2273,30166,4
2274,30167,5
2275,30168,9
2276,30169,8
2277,30170,7
2278,30171,3
2279,30172,24
2280,30173,35
2281,30174,158
2282,30175,158
2283,30176,7
2284,30177,21
2285,30178,5
2286,30179,4
2287,30180,6
2288,30181,36
2289,30182,21
2290,30183,111
2291,30184,3
2292,30185,3
2293,30186,4
2294,30187,1
2295,30188,10
2296,30189,382
2297,30190,1
2298,30191,45
2299,30192,24
2300,30193,1774
2301,30194,27
2302,30195,2
2303,30196,25
2304,30197,6
2305,30198,7
2306,30199,5
2307,30200,13
2308,30201,38
2309,30202,5
2310,30203,5
2311,30204,105
2312,30205,24
2313,30206,62
2314,30207,93
2315,30208,24
2316,30209,9
2317,30210,13
2318,30211,47
2319,30212,7
2320,30998,0
2321,30999,0
2322,31001,1
2323,31002,2
2324,31003,10
2325,31004,4
2326,31005,0
2327,31006,1
2328,31007,1
2329,31008,0
2330,31009,4
2331,31010,0
2332,31011,3
2333,31012,0
2334,31013,1
2335,31014,0
2336,31015,0
2337,31016,1
2338,31017,0
2339,31018,0
2340,31019,3
2341,31020,1
2342,31021,1
2343,31022,0
2344,31023,6
2345,31024,1
2346,31025,2
2347,31026,1
2348,31027,4
2349,31028,0
2350,31029,0
2351,31030,0
2352,31031,0
2353,31032,0
2354,31033,9
2355,31034,0
2356,31035,3
2357,31036,1
2358,31037,4
2359,31038,19
2360,31039,1
2361,31040,21
2362,31041,49
2363,31042,3
2364,31043,1
2365,31044,2
2366,31045,0
2367,31046,0
2368,31047,1
2369,31048,13
2370,31049,0
2371,31050,884
2372,31051,2
2373,31052,22
2374,31053,3
2375,31054,0
2376,31055,0
2377,31056,15
2378,31057,1
2379,31058,4
2380,31059,40
2381,31060,0
2382,31061,0
2383,31062,1
2384,31063,0
2385,31064,0
2386,31065,0
2387,31066,0
2388,31067,1
2389,31068,0
2390,31069,1
2391,31070,1
2392,31071,1
2393,31072,0
2394,31073,0
2395,31074,2
2396,31075,1
2397,31076,0
2398,31077,2
2399,31078,1
2400,31079,43
2401,31080,1
2402,31081,0
2403,31082,2
2404,31083,2
2405,31084,2
2406,31085,5
2407,31086,0
2408,31087,4
2409,31088,0
2410,31089,21
2411,31090,2
2412,31091,0
2413,31092,0
2414,31093,0
2415,31094,0
2416,31095,0
2417,31096,14
2418,31097,2
2419,31098,6
2420,31099,0
2421,31100,0
2422,31101,39
2423,31102,70
2424,31103,3
2425,31104,1
2426,31105,0
2427,31106,1
2428,32001,10
2429,32002,6
2430,32003,3
2431,32004,4
2432,32005,239
2433,32006,5
2434,32007,33
2435,32008,39
2436,32009,5
2437,32010,1326
2438,32011,13
2439,32012,12
2440,32013,30
2441,32014,17
2442,32015,8
2443,32016,33
2444,32017,1368
2445,32018,6
2446,32019,73
2447,32020,235
2448,32021,2
2449,32022,37
2450,32023,15
2451,32024,109
2452,32025,42
2453,32026,12
2454,32027,0
2455,32028,1
2456,32029,21
2457,32030,8
2458,32031,9
2459,32032,41
2460,32033,11
2461,32034,30
2462,32035,15
2463,32036,131
2464,32037,39
2465,32038,163
2466,32039,65
2467,32040,19
2468,32041,0
2469,32042,137
2470,32043,4
2471,32044,21
2472,32045,20
2473,32046,18
2474,32047,29
2475,32048,128
2476,32049,70
2477,32050,16
2478,32051,68
2479,32052,8
2480,32053,12
2481,32054,20
2482,32055,156
2483,32056,1595
2484,32057,61
2485,32058,5
