CVEGEO,distance_ciit
01001,1000.3738084913115
01008,1040.5281374238625
01011,1003.7291475506391
01009,1008.8418459228475
01007,1026.4987001723398
01006,1015.042856049624
01004,1025.6408357960709
01005,1022.172798364535
01010,979.3443712397888
01003,1046.9301576774155
01002,988.8712831743702
02007,2792.417890030129
02003,2835.8270529586034
02004,2889.069693645722
02001,2794.003676467756
02006,2945.631093465722
02005,2888.028063085383
02002,2732.086937588434
03001,3488.142853498603
03008,3829.0860710365687
03003,3690.292131797247
03002,3231.9519446396203
03009,3457.8829688687724
04008,674.9869401394061
04005,695.7148622007641
04003,468.99704140717125
04012,613.832611206855
04001,719.6732316404212
04010,661.8254685319174
04006,707.1168824543171
04011,536.4284989122469
04004,598.234631460408
04013,716.3422791987338
04002,640.844804515675
04009,579.5533905932754
04007,406.15642097360495
05010,1413.2215715998152
05036,1281.2114703320499
05018,1394.5525240415027
05029,1421.7484835343967
05007,1417.7018023401713
05032,1531.8367952889648
05006,1368.4225817265917
05003,1536.782971419802
05012,1495.2438661764004
05009,1413.1525958290047
05005,1373.3981951089515
05004,1200.356564548609
05016,1451.9616869699933
05035,1289.4663043279895
05014,1618.4398256692944
05008,1443.2804461028607
05019,1548.4103884177716
05038,1614.251008851338
05037,1510.9839815465784
05001,1421.6235918533682
05017,1330.809450078497
05002,1708.1038225937243
05026,1445.5108934811599
05021,1454.1626970967698
05013,1453.1606050557148
05024,1278.2459582174554
05020,1589.5474734076201
05023,1581.7261889578115
05022,1548.7707781109818
05015,1458.2560594852205
05011,1257.0499987245614
05034,1558.135351886302
05033,1367.0987719598418
05031,1530.446968344232
05030,1185.2388155425178
05028,1505.8956697920103
05027,1288.8662325404875
05025,1579.7707781109818
06009,1134.4945160902298
06005,1024.2935059634533
06010,1050.465078838707
06008,1072.778787337692
06002,1018.766594028872
06007,1090.8376618407374
06006,1017.1391770309023
06003,1045.6072144624382
06001,1053.2102448427677
06004,1051.0803025278567
07106,273.3847763108502
07090,241.7939392393398
07022,288.923881554251
07073,253.55129855222052
07042,259.5218613006977
07036,356.0071426749368
07121,261.2081528017129
07119,274.19595949289317
07124,185.13708498984744
07123,239.07106781186548
07067,246.55129855222052
07091,255.45079348883218
07114,486.4142135623731
07069,245.45079348883266
07081,292.3086578651012
07080,340.59292911256364
07065,392.87720036002537
07077,351.22034611053294
07086,214.3847763108502
07010,363.835569799683
07011,348.0365799264595
07024,316.5269119345811
07028,258.3847763108502
07122,232.3847763108502
07001,312.8061325481603
07002,248.9705627484771
07003,312.5046173579955
07004,356.84062043356585
07005,276.0782104868019
07006,366.52186130069816
07007,293.556349186104
07029,233.43860018001243
07012,205.81118318204295
07013,250.68124086713172
07014,274.923881554251
07015,384.4751801064728
07016,384.3746750430841
07019,318.9705627484771
07020,274.9533188057739
07021,221.58073580374338
07033,226.6934341759515
07053,367.2203461105334
07025,244.35028842544392
07026,291.0243866176394
07027,233.04163056034258
07030,323.5807358037436
07031,355.72287142747433
07055,394.901586977666
07023,273.3969696196699
07034,355.9949493661167
07075,295.4852813742385
07076,300.59292911256324
07038,299.42640687119274
07039,288.8650070512053
07040,344.303607231219
07041,362.87005768508874
07043,250.9066376115481
07044,249.9827560572968
07045,266.39191898578673
07046,153.24264068711926
07048,252.3330444827413
07052,360.4142135623731
07056,288.29646455628153
07054,360.83051916580047
07072,269.2081528017129
07111,258.84062043356585
07110,261.28427124746185
07051,288.563491861041
07050,405.3330444827413
07049,266.9533188057739
07096,316.9066376115481
07097,176.78174593052015
07099,362.5685424949237
07058,266.4142135623731
07060,235.37972567696673
07070,355.73506473629476
07063,232.88225099390843
07057,355.53405460951825
07101,220.42640687119277
07102,391.58787847868115
07103,355.8183258569804
07104,321.25483399593895
07079,219.29646455628153
07120,312.59292911256364
07107,221.22539674441606
07108,191.21320343559637
07109,326.2081528017129
07085,244.5391052434008
07088,237.39191898578673
07093,296.63961030678917
07098,264.72792206135784
07100,336.59292911256324
07105,392.303607231219
07112,309.6101730552663
07087,402.18585822512813
07113,276.36753236814695
07115,420.6274169979695
07117,301.2081528017133
07118,273.3086578651012
07047,263.40916292848954
07092,209.89444430272812
07018,237.23759005323575
07059,416.1543289325506
07061,185.7401153701775
07064,316.9827560572968
07066,305.99494936611643
07071,332.98989873223417
07078,278.1837661840735
07032,328.8772003600258
07125,327.3502884254444
07035,398.21529547665085
07062,218.49242404917499
07037,361.61731573020387
07068,244.46298679765226
07074,254.7888886054572
07082,318.5807358037434
07083,308.08326112068517
07084,260.6639969244288
07089,377.9310242291887
07008,295.06601717798225
07009,138.0121933088197
07017,139.5269119345811
07116,469.4852813742385
07094,282.21320343559637
08037,2118.872508663641
08021,1708.3506473629536
08019,1836.345596729071
08001,2001.073518790429
08006,1867.009593653501
08052,1804.1719318127623
08020,1876.2278477229802
08041,1836.7963902179044
08055,1728.7059864222813
08032,1608.877559297535
08017,1837.7547596575616
08043,1882.4065632731715
08016,1664.53946418091
08023,2025.0217869623211
08059,1594.4044712321165
08015,1876.0958133670142
08049,1690.671498536876
08036,1547.4440097514043
08060,1576.605481358893
08007,1649.0196949212661
08008,1772.3750339805938
08051,1873.7080784633363
08067,1653.0196949212661
08062,1688.5516574897301
08061,1701.345596729071
08029,1673.9242404917604
08003,1587.723230364984
08014,1527.6105319927756
08018,1779.0979054080692
08054,1832.0857120992491
08058,1643.7942981768495
08002,1817.2501422995651
08065,1812.6298679765332
08063,1886.3182515186033
08022,1736.7009357883987
08066,1891.86745802977
08004,1773.19126779652
08009,1796.725322406039
08010,1990.3111088436658
08011,1653.2724368761506
08012,1744.8968952812927
08013,2052.389319330468
08053,2069.0196949212627
08057,1737.2989155348457
08044,1557.2501422995651
08031,1827.607573399948
08056,1651.1445866022946
08045,1733.3506473629536
08046,1760.3922779232964
08047,1926.5365055880825
08025,1939.4065632731715
08048,1908.3821766555313
08024,1767.7303730399215
08064,1636.8603153548324
08050,2068.9212818989295
08026,1774.8430714121298
08027,1736.073518790429
08028,2011.2501422995651
08030,1848.9141392239953
08033,1618.20346110534
08034,1980.1639225860522
08035,2134.673590577917
08038,1736.125250618537
08039,1557.125250618537
08040,1964.0167363284386
08042,1726.4196231337642
08005,2146.9801564019626
09005,564.4062043356618
09007,550.364573775319
09015,564.0924958366769
09017,558.0924958366769
09013,549.3940110268417
09003,559.1219330881996
09008,568.636651713961
09009,539.8376618407375
09010,569.5361466505727
09014,562.6072144624383
09011,542.0508652763341
09006,556.4356415871845
09002,570.5777772109155
09012,559.3229432149761
09004,576.1219330881996
09016,569.6782822743038
10009,1568.811542119552
10017,1550.7648609253267
10036,1434.3779925734214
10021,1315.6500705120634
10034,1589.591196009018
10024,1382.7038943812263
10012,1341.277487510033
10039,1415.3779925734214
10018,1463.6866504385237
10011,1449.5567081236127
10005,1358.19927702323
10010,1456.669406495821
10030,1387.6866504385237
10029,1364.9881656286884
10023,1382.3464632808436
10033,1263.3464632808436
10016,1286.743432900514
10003,1397.6622638208835
10004,1273.5079348883323
10006,1243.2236636408702
10025,1537.0958133670142
10008,1298.667314454766
10027,1209.5129855222149
10001,1391.0520907656164
10035,1544.9587283771657
10014,1285.8784258493076
10022,1275.0277041479762
10038,1256.601297276783
10037,1590.6744571297036
10019,1500.579002700198
10028,1355.8927111991827
10026,1461.0398974567963
10015,1335.7749621930918
10031,1235.3952365161242
10007,1361.407429824944
10020,1330.809450078497
10032,1487.4196231337642
10013,1433.5028842544498
10002,1568.9759723198683
11044,807.7981233214497
11017,853.8397538817925
11037,873.8519471906126
11010,729.8864350760178
11031,907.780879378747
11015,855.3372285648512
11034,740.9646455628209
11036,789.9869401394061
11030,877.2905473706259
11026,883.638743755016
11009,795.910821693658
11016,852.5138520739876
11024,845.7981233214497
11029,834.8052659963872
11011,796.4133470105993
11027,829.5260453828076
11025,922.1950929411202
11003,799.1950929411202
11004,759.4133470105993
11005,771.4549775709421
11043,766.4915574974024
11022,905.0184694319838
11014,830.1362184380747
11045,741.4915574974024
11001,863.9696961967035
11033,795.1484117468948
11006,719.3494218736713
11002,760.430590953302
11012,880.6976182580614
11013,770.1362184380747
11007,786.3839097590766
11019,741.0580079512716
11035,813.5971131946732
11018,805.0996385116144
11008,907.2539674441656
11041,805.3300858899137
11028,784.4722215136447
11040,744.5798692519705
11042,828.9280656363607
11039,770.6143571373758
11032,766.9230150024781
11023,887.17070632348
11038,734.3595231414364
11046,815.2295808265254
11021,812.6732316404212
11020,900.3077913133285
12021,550.4680374315353
12060,581.6417023478435
12063,420.43860018001243
12082,443.8284271247462
12024,433.04877323527916
12058,593.3868683519041
12010,446.6934341759515
12011,590.1665222413702
12012,442.84062043356585
12004,383.8944443027281
12068,781.232539419353
12043,379.71067811865464
12007,618.4163056034268
12057,635.480230740355
12066,418.76450198781697
12056,461.84062043356585
12001,505.1837661840735
12075,535.1198410471446
12055,567.84271247462
12006,586.9604614807109
12037,582.3574311003814
12085,379.0121933088197
12027,680.6417023478435
12015,546.3574311003814
12074,487.04877323527916
12014,587.3969696196699
12018,414.14213562373095
12072,429.99494936611643
12009,400.5096679918779
12081,396.5685424949237
12084,404.66904755831206
12071,336.69848480983495
12070,423.9188309203682
12083,424.5269119345811
12079,452.9655121145936
12076,437.9533188057739
12065,397.59292911256324
12073,729.1442276647848
12064,651.2863632885159
12019,484.8183258569799
12005,411.9066376115481
12030,432.4142135623731
12069,403.9655121145936
12036,369.3847763108502
12080,387.556349186104
12078,376.0538238691622
12077,392.4852813742385
12023,373.9411254969542
12048,690.0071426749363
12053,469.3847763108502
12054,611.362481734264
12047,597.0853531617394
12049,577.5411972844553
12050,665.5584412271579
12051,466.1665222413703
12045,452.09040379562197
12046,349.24264068711926
12040,546.2497833620556
12013,372.4142135623731
12062,352.5979797464466
12041,408.36753236814695
12042,509.7766952966371
12044,486.99494936611643
12038,728.1198410471446
12039,488.88225099390843
12002,463.46298679765226
12003,644.6761902332488
12034,518.0020920410537
12035,551.5878784786806
12031,617.1147904132621
12032,575.8061325481598
12033,423.362481734264
12028,468.6934341759515
12029,524.066017177982
12008,494.2741699796958
12025,414.8284271247462
12026,571.6173157302034
12059,533.7888886054571
12061,499.00714267493635
12052,399.28427124746185
12067,645.6589462905462
12016,772.2447327281731
12017,561.0315292925765
12020,420.9655121145936
12022,687.1320343559647
13031,654.0823945689118
13005,589.572726577033
13075,566.1168824543171
13028,643.6732316404212
13045,545.4722215136447
13021,517.8620484583777
13001,541.0163773909288
13002,525.6610383316012
13049,677.8691911333152
13003,579.6854249492413
13030,622.2123368838228
13023,595.9575028878834
13004,555.1168824543171
13027,560.2762620207508
13022,540.844804515675
13020,618.4844148224648
13074,604.3300858899137
13070,604.9869401394061
13018,663.7981233214497
13029,665.17070632348
13071,635.6265504461959
13076,617.6732316404212
13046,664.4722215136447
13065,597.1585130146599
13061,515.3178925810936
13047,664.5382386916277
13078,607.2173875177053
13063,609.2173875177053
13017,637.7859300126296
13083,538.8742417671978
13072,525.1463197058398
13067,615.0580079512716
13026,630.9158723275406
13062,651.8275605729724
13044,657.1290757631372
13016,509.97474683058607
13015,611.5260453828076
13014,623.4011537017792
13068,609.4011537017792
13084,650.1534623807773
13081,597.0580079512716
13043,635.3250352560311
13066,551.4600282048247
13013,598.5310960166902
13025,625.974746830586
13048,559.1585130146599
13038,561.5432893255103
13052,574.3300858899137
13037,596.5849198858531
13036,582.4722215136447
13053,559.6610383316012
13012,567.3717164502565
13011,629.9453095790633
13010,601.2590180780481
13009,574.1290757631372
13008,506.1757569573626
13007,494.0041840821088
13006,637.4133470105993
13054,595.8569978244951
13055,593.8275605729724
13080,617.3595231414364
13079,614.1290757631372
13035,542.8742417671978
13073,640.9575028878834
13034,637.2712113868682
13019,617.6854249492413
13077,528.2884553295709
13051,550.0874452027944
13082,560.7737367038095
13064,626.4722215136447
13024,547.572726577033
13041,605.1290757631372
13060,547.4894654563474
13059,667.2123368838228
13032,649.9869401394061
13058,640.6265504461959
13057,523.1879502661826
13050,609.2712113868682
13056,519.9453095790633
13042,628.3422791987338
13040,663.1828996323001
13069,565.5605332682129
13039,547.8153672641523
13033,626.8275605729724
14018,958.5138520739876
14097,1056.8986283848378
14114,1083.1707063234799
14113,1056.1046891454969
14112,981.4894654563474
14111,1002.5798692519705
14110,1123.3595231414363
14109,940.5504320004478
14124,1025.9402589451806
14065,994.0092347159913
14116,1025.1606050557148
14117,1012.9646455628209
14118,1035.7220048757015
14119,1061.714862200764
14014,1040.9453095790632
14015,1117.7615433949893
14017,1144.844804515675
14043,1165.8204178980347
14106,1085.8620484583776
14107,1023.572726577033
14108,1016.3351365237962
14115,1153.729147550639
14075,1157.052957317389
14077,1106.6559876977185
14078,972.0945878777319
14074,950.508801440105
14076,1145.261110119103
14069,968.832611206855
14123,1005.0702012600917
14122,1049.9919907732885
14121,1011.5483399593928
14120,1079.3961030678965
14002,1074.4133470105992
14003,1121.6681810065386
14005,1104.8813844421352
14055,1139.780879378747
14086,1069.8742417671976
14098,1054.869191133315
14025,1115.6286424872508
14027,1104.6782822743037
14028,1158.4722215136446
14101,1042.1118318204344
14022,1129.6366517139609
14039,1057.0113267570462
14044,1030.7564927611068
14051,1027.8986283848378
14070,1041.7981233214496
14125,974.7392488184042
14071,1090.9940828143435
14068,1164.0752518939742
14067,1247.0823945689117
14066,993.3717164502565
14064,940.3738084913115
14063,981.17070632348
14062,1166.9696961967034
14061,1193.8418459228474
14060,1023.5209947489251
14059,994.974746830586
14058,1207.2834046956882
14057,1003.7737367038095
14056,954.4062043356618
14054,1100.3178925810937
14053,942.8763338082528
14052,1102.844804515675
14050,1049.442784262122
14031,1138.0600999923265
14049,949.2935059634534
14048,928.9402589451809
14047,971.7859300126296
14046,992.2072862499402
14045,1055.9524522540007
14042,1202.4103884177716
14041,1119.9839815465784
14040,1151.8225099390897
14038,1170.8397538817924
14037,1108.246824769228
14036,1142.325035256031
14035,978.7758287448644
14034,1101.2173875177052
14033,925.2417741353455
14004,1057.3595231414363
14019,1172.1017305526693
14001,1017.1534623807773
14006,1129.2123368838227
14007,1133.2245301926428
14008,953.7392488184042
14009,1096.7392488184041
14072,934.2661607529856
14080,1220.7098115668814
14081,1109.184991673355
14082,1047.7321061434666
14083,1090.1118318204344
14084,1209.856997824495
14085,996.8620484583777
14087,977.7371567773491
14088,1110.3717164502564
14089,1056.5016587651676
14094,1122.8935777509553
14095,1109.4255403194193
14096,1004.3300858899137
14032,1088.0874452027942
14030,1022.9575028878834
14029,1037.4377336282394
14026,1016.1168824543171
14024,1095.1707063234799
14023,1032.6904755831238
14021,1128.5483399593927
14020,1259.3422791987336
14016,945.312841947211
14011,1139.2712113868681
14013,968.7981233214497
14010,1076.2295808265253
14012,1169.0996385116143
14073,975.9352083112982
14079,1029.3178925810935
14093,1000.2245301926429
14099,1070.063058585154
14100,1218.3595231414363
14102,1084.3178925810937
14103,1023.2640687119307
14104,1129.4154390516542
14105,990.7981233214497
14090,1119.986940139406
14091,1012.4621202458796
14092,1032.9158723275405
15116,662.2813126546333
15072,594.4234482783644
15003,667.7442994522868
15007,642.9797974644686
15094,512.038671967514
15032,666.8792924010803
15081,560.5189027078701
15071,672.7148622007641
15070,539.778787337692
15026,624.9036790187205
15061,537.9036790187205
15057,580.7493500861693
15120,574.4894654563474
15110,653.6660889654837
15030,543.8914857099004
15044,573.1757569573625
15093,530.7199128346466
15108,573.2762620207508
15111,665.1930009000652
15016,535.4183976444818
15112,611.9331162702432
15113,598.5533905932754
15123,671.8965363437829
15074,661.6194077712584
15125,566.6904755831239
15053,575.9331162702432
15055,598.7371567773491
15073,593.6660889654837
15015,500.2813126546334
15014,654.6610383316012
15056,629.7615433949894
15054,601.3940110268417
15076,597.2224381515879
15060,598.7909806465121
15083,525.3229432149761
15024,578.5189027078701
15059,570.7615433949894
15009,504.42344827836445
15067,604.50670939905
15031,542.6782822743038
15092,548.104689145497
15066,670.3523804664989
15098,587.0092347159913
15025,523.2224381515879
15077,635.5533905932754
15078,671.6660889654837
15096,586.6316010800784
15104,572.0630585851542
15107,583.8549057834401
15100,549.9625535217659
15082,648.5828278447981
15058,550.6782822743038
15064,677.832611206855
15109,572.7909806465121
15023,589.2468247692279
15040,593.168614282425
15039,521.364573775319
15005,633.4356415871845
15086,636.5239533417526
15042,639.7199128346466
15049,585.1097397793795
15052,572.4112549695444
15103,510.1513703397224
15050,522.766594028872
15101,580.6660889654837
15090,597.5239533417526
15062,582.8082245892148
15105,637.6711395993663
15068,509.45288552988717
15080,618.3696244092015
15106,611.4650788387072
15118,621.7371567773491
15036,577.1168824543171
15013,583.8914857099004
15124,676.9625535217659
15117,599.9554108468284
15046,593.4062043356618
15115,598.0924958366769
15045,638.6021638285557
15006,587.2518754031106
15012,589.0803025278568
15034,499.38181771802164
15041,673.3940110268417
15017,515.4234482783644
15102,645.8031739553322
15089,521.6660889654837
15029,535.2640687119307
15087,614.1635636485424
15069,540.3056992722735
15084,554.9036790187205
15119,576.6833329081863
15008,645.7127701597091
15011,550.4772721475273
15121,583.0336213336315
15075,545.3473298326163
15018,603.2518754031106
15019,585.7371567773491
15020,568.7909806465121
15022,523.9797974644686
15047,622.7199128346466
15001,665.1168824543171
15048,647.5189027078701
15028,543.7199128346466
15063,569.6244584051409
15051,593.9503602129458
15085,679.6316010800784
15088,585.5533905932754
15027,595.3229432149761
15122,536.0508652763341
15099,533.1635636485424
15004,609.9259735953057
15043,573.6660889654837
15035,593.9036790187205
15065,532.4478348960046
15079,632.2590180780481
15010,590.3595231414364
15037,581.6072144624383
15038,600.4772721475273
15091,582.0041840821087
15033,560.7199128346466
15097,622.8965363437829
15114,653.0924958366769
15095,594.3473298326163
15021,609.310749906156
15002,550.6194077712584
16045,964.702668891944
16093,690.0041840821087
16092,717.8670990922602
16088,791.6610383316012
16085,908.1463197058398
16084,929.974746830586
16074,983.9158723275406
16055,853.7249634685292
16061,693.8914857099004
16073,825.8620484583777
16104,948.5310960166902
16089,935.2813126546333
16103,963.1585130146599
16102,873.2640687119307
16071,843.9158723275406
16064,866.8670990922602
16063,864.9453095790633
16062,949.572726577033
16060,895.1290757631372
16059,834.4234482783644
16058,880.6072144624383
16057,763.5239533417526
16056,858.376767084139
16079,826.364573775319
16078,789.6021638285557
16018,803.2173875177053
16019,949.7615433949894
16020,794.1168824543171
16021,897.8620484583777
16022,769.6194077712584
16067,881.5016587651675
16072,754.5189027078701
16086,934.5432893255103
16087,846.2935059634534
16047,707.2640687119307
16046,693.636651713961
16012,912.4945160902299
16065,878.7909806465121
16066,822.7493500861693
16068,911.7493500861693
16069,908.6143571373758
16070,882.8031739553322
16083,893.2935059634534
16002,912.0264786586939
16094,893.9453095790633
16095,933.7909806465121
16100,823.1341263970197
16105,948.9575028878834
16101,747.8498551495576
16111,851.4356415871845
16034,732.1341263970197
16017,699.2884553295709
16016,839.4183976444818
16015,941.4701294725897
16014,1000.7838379715746
16053,796.6194077712584
16052,839.5462479183378
16051,991.0163773909288
16050,718.974746830586
16049,770.7077195258265
16042,936.572726577033
16041,715.104689145497
16038,732.2274887854703
16037,829.974746830586
16036,811.5310960166902
16035,826.9259735953057
16023,935.6021638285557
16025,889.2468247692279
16040,766.1757569573625
16039,808.9919907732886
16026,979.6122650963208
16027,815.974746830586
16028,901.7442994522868
16029,786.8843430349629
16030,919.9869401394061
16054,829.5310960166902
16033,850.4234482783644
16076,970.430590953302
16075,912.7909806465121
16080,703.7615433949894
16081,684.0803025278568
16082,795.5655839020955
16099,707.3229432149761
16003,780.1463197058398
16090,849.5777772109155
16091,930.0041840821087
16048,806.4772721475273
16001,794.50670939905
16024,874.5189027078701
16009,818.0092347159913
16008,943.8010819142772
16007,704.6194077712584
16006,883.0681092190367
16005,693.376767084139
16004,865.1585130146599
16011,959.7148622007641
16010,840.972654789531
16110,753.1463197058398
16109,897.2295808265254
16108,916.1879502661826
16107,861.6610383316012
16106,924.6143571373758
16013,739.7249634685292
16044,853.6316010800784
16043,917.6316010800784
16077,691.4995667241125
16032,841.5483399593928
16031,716.9869401394061
16098,710.4772721475273
16097,778.0681092190367
16096,875.6711395993663
16113,854.5432893255103
16112,688.6782822743038
17008,537.9259735953057
17003,479.0853531617394
17036,490.2396820942906
17029,527.4112549695444
17018,549.168614282425
17014,550.7127701597091
17019,497.15642097360495
17006,515.3401871576788
17001,548.1564209736049
17025,511.428498912247
17002,513.7249634685292
17026,523.1391770309023
17023,529.2813126546333
17004,512.3696244092015
17010,488.12698372208223
17017,537.4995667241125
17015,557.9259735953057
17022,493.4823227814099
17009,555.6955262170064
17011,539.8254685319174
17012,531.1564209736049
17024,524.9554108468284
17030,505.99704140717125
17013,492.298556597336
17034,548.1980515339477
17020,538.7960312803947
17031,532.4701294725897
17021,556.1269837220822
17027,519.6244584051409
17016,499.2396820942906
17032,492.9259735953057
17033,494.4406922210671
17035,538.7127701597091
17007,552.310749906156
17005,561.7838379715746
17028,541.440692221067
18009,1258.1139238614894
18003,1176.2955980045083
18015,1316.1017305526693
18014,1217.9057710597754
18007,1190.6214998123132
18005,1347.7657274770993
18017,1255.3321779309686
18013,1225.793072687567
18012,1317.7463914933417
18011,1283.9007204258928
18010,1316.1139238614894
18002,1202.4082963767166
18001,1334.8540392316675
18018,1326.0722933011466
18019,1180.7758287448644
18004,1256.9646455628208
18006,1174.5798692519704
18020,1266.1240251292545
18008,1257.5626253092678
18016,1356.469262920817
19035,1232.1362184380746
19036,967.2316728675804
19002,1268.8347032479098
19013,1149.1828996323
19014,1022.444876303177
19032,1380.6580797387735
19001,1256.8296526140273
19031,1208.8174593052072
19015,1205.0823945689117
19043,1148.8174593052072
19048,1219.729147550639
19047,1264.9007204258928
19040,1296.1067811865519
19037,1310.5697679842053
19027,1214.8225099390897
19020,1179.2123368838227
19005,1396.9179643685954
19019,1222.1727983645346
19041,1217.0184694319837
19008,1333.457069611997
19026,1219.5453813665652
19051,1312.7585848021617
19007,1046.0479066835064
19050,1314.7047609329989
19049,1188.3738084913114
19034,1231.6042558696106
19045,1276.444876303177
19038,1142.5626253092678
19033,1100.5504320004477
19010,1250.7585848021617
19023,1248.4793641885822
19009,1191.118974495372
19029,1110.7636354360443
19030,1089.805265996387
19006,1231.716954241819
19028,1250.84689655673
19025,1242.6458864299534
19046,1229.0306627408038
19021,1241.7585848021617
19003,1228.0235200658663
19042,1192.8641404994326
19018,1252.184991673355
19017,1125.587011926908
19016,1222.976838871641
19011,1243.8347032479098
19044,1316.4743135546996
19004,1170.6753236814761
19022,1143.4082963767166
19024,1003.8347032479099
19039,1220.6875169902962
19012,1251.716954241819
20155,201.48528137423855
20481,301.3259018078044
20378,200.62741699796948
20334,285.923881554251
20437,128.19595949289317
20441,25.72792206135786
20446,307.5685424949237
20447,312.9705627484771
20469,337.6101730552663
20440,57.24264068711928
20513,37.21320343559642
20278,242.54624791833788
20457,160.83556979968256
20482,339.81118318204295
20329,249.7401153701775
20330,232.13203435596478
20170,141.94112549695421
20230,370.9066376115481
20184,203.80613254815984
20214,215.22034611053294
20220,233.5340546095178
20262,174.5096679918779
20266,134.65180361560886
20265,78.3847763108502
20318,239.89444430272812
20327,107.18376618407349
20556,312.362481734264
20005,18.55634918610405
20517,120.91168824543132
20565,194.49747468305821
20503,153.3380951166241
20500,269.69848480983495
20059,178.25483399593895
20177,255.1198410471447
20364,255.9533188057739
20057,68.31370849898474
20544,202.89444430272812
20410,96.98275605729678
20435,112.7401153701775
20417,185.04877323527916
20439,205.76450198781703
20251,401.9066376115481
20467,307.5391052434008
20559,191.84776310850265
20169,251.24473272817312
20118,163.42640687119277
20568,352.5046173579951
20460,126.2081528017129
20044,193.1076477383246
20507,364.1543289325506
20515,52.42640687119282
20516,236.72792206135784
20051,169.0121933088197
20041,257.1736649163076
20042,177.17871555019013
20071,171.30865786510122
20223,156.45079348883218
20190,100.05382386916224
20097,153.23759005323575
20098,226.06096654409924
20101,190.65685424949237
20104,217.69848480983495
20413,154.6934341759515
20120,153.58073580374338
20121,283.6639969244288
20015,169.3847763108502
20125,100.69848480983494
20124,25.65685424949238
20020,330.81118318204295
20153,233.3380951166241
20141,83.08326112068514
20147,274.3086578651012
20150,232.55129855222052
20164,369.39191898578673
20204,91.14213562373092
20035,184.48023074035504
20202,234.29646455628153
20566,250.7989898732233
20217,245.5391052434008
20016,359.43860018001243
20229,228.7989898732233
20232,214.81832585697992
20235,154.87005768508874
20236,163.923881554251
20525,84.89949493661165
20526,248.0954544295048
20052,70.18376618407349
20290,378.1198410471447
20043,27.870057685088817
20079,46.556349186104015
20207,76.32590180780443
20356,165.81118318204295
20340,349.0315292925765
20218,270.0538238691622
20386,263.69848480983495
20179,222.86500705120528
20524,326.3208511739212
20264,272.7350647362943
20333,123.07106781186546
20198,55.65685424949237
20365,177.26702730475864
20002,269.10259710444205
20006,261.4507934888322
20008,86.98275605729678
20009,171.29141392239848
20010,27.071067811865476
20414,322.5391052434008
20291,200.5391052434008
20298,146.15432893255058
20385,195.39696961966987
20023,200.9827560572968
20306,172.16652224137027
20310,205.05382386916224
20309,236.10259710444205
20324,175.5218613006977
20337,131.63961030678917
20351,183.7695526217004
20562,281.13708498984744
20426,227.63961030678917
20427,35.41421356237309
20021,287.48737341529244
20175,226.49242404917499
20466,283.79898987322326
20468,157.42135623730945
20470,55.69848480983495
20479,283.2081528017129
20498,120.46803743153534
20133,297.63961030678917
20134,225.85995641732273
20138,152.68124086713172
20149,198.7989898732233
20161,243.9655121145936
20159,219.29646455628153
20047,311.6051224213833
20094,239.923881554251
20031,120.46803743153534
20279,167.85281374238554
20401,228.0365799264591
20367,307.3259018078044
20359,201.2081528017129
20511,237.02438661763935
20096,276.1076477383246
20504,196.99494936611646
20537,369.59292911256324
20543,276.1543289325506
20548,303.1320343559648
20076,297.24264068711926
20463,250.5218613006977
20436,262.2914139223985
20523,284.17871555019013
20054,263.9655121145936
20168,351.08326112068517
20185,329.65685424949237
20246,144.43860018001243
20277,215.21320343559637
20542,181.89949493661163
20357,84.0
20489,289.9116882454313
20490,279.07315985291933
20502,113.92388155425103
20163,271.1736649163076
20166,192.04877323527916
20237,352.87720036002537
20506,141.7106781186546
20508,11.485281374238571
20205,131.72287142747433
20271,203.3847763108502
20545,287.68838354206895
20546,173.46803743153532
20547,314.7056274847716
20186,397.26197667087575
20227,207.36753236814698
20261,371.5046173579951
20552,314.5046173579951
20550,174.39696961966987
20253,159.82337649086264
20254,174.19595949289317
20272,264.0538238691622
20273,218.84062043356585
20275,92.39696961966987
20551,147.59797974644658
20553,186.1248916810277
20493,277.2792206135784
20554,130.99494936611646
20555,196.25483399593895
20018,316.88939366884546
20036,44.59797974644665
20338,209.68124086713172
20344,213.26702730475864
20366,197.0954544295048
20377,279.89949493661163
20451,267.9777054234136
20404,276.83556979968256
20407,92.05382386916226
20558,258.362481734264
20561,148.72792206135784
20056,341.21320343559637
20563,190.11269837220803
20497,247.29646455628153
20549,339.83556979968256
20564,256.4680374315353
20099,399.7350647362943
20491,239.89949493661163
20379,304.36753236814695
20494,219.39696961966987
20499,304.8650070512053
20058,263.3746750430841
20569,249.58073580374338
20570,214.21320343559637
20567,406.1198410471447
20423,294.3797256769667
20528,342.3797256769667
20112,158.21320343559637
20510,271.1837661840735
20129,296.87720036002537
20371,280.22539674441606
20424,156.02438661763935
20406,258.8010819142773
20422,288.5634918610405
20450,260.24264068711926
20075,77.62741699796948
20501,379.6639969244288
20505,40.24264068711928
20459,356.4163056034269
20477,240.94112549695421
20484,387.46298679765226
20485,375.1543289325506
20492,268.26702730475864
20495,145.16652224137027
20514,141.13708498984744
20534,197.42640687119277
20117,206.89444430272812
20512,148.29646455628153
20518,277.3797256769667
20206,277.2031021678303
20521,288.492424049175
20001,207.35028842544392
20256,306.6051224213833
20003,110.46803743153534
20263,188.5391052434008
20004,335.9898987322337
20007,180.7989898732233
20267,192.89444430272812
20011,379.76450198781697
20027,244.13203435596478
20030,13.899494936611667
20519,182.29646455628153
20034,380.2914139223985
20013,191.59797974644658
20017,189.89949493661163
20049,176.31370849898474
20520,357.9777054234136
20019,249.3330444827413
20022,361.10259710444205
20024,254.88939366884546
20025,108.59797974644658
20026,279.9116882454313
20029,267.2447327281731
20032,385.1614716074875
20033,209.85281374238554
20050,291.5096679918779
20536,288.2081528017129
20037,323.1837661840735
20040,251.85995641732273
20045,213.75230867899717
20053,18.899494936611667
20046,259.75230867899717
20172,291.480230740355
20048,206.59797974644658
20522,153.19595949289317
20456,334.87720036002537
20060,135.26702730475864
20061,175.0121933088197
20062,176.06601717798193
20063,212.85281374238554
20065,353.1076477383246
20069,182.82842712474618
20070,318.42640687119274
20072,169.65685424949237
20074,138.08326112068514
20078,182.9827560572968
20077,213.0954544295048
20081,354.83556979968256
20092,210.05382386916224
20080,188.7989898732233
20084,202.0954544295048
20082,298.9411254969542
20086,285.43860018001243
20083,187.5685424949237
20087,191.29646455628153
20089,328.22034611053294
20090,315.9116882454313
20091,192.78174593052006
20095,170.05382386916224
20100,145.06601717798193
20199,394.7056274847716
20102,219.85281374238554
20233,157.59797974644658
20103,179.28427124746185
20105,324.9360748630708
20107,189.81118318204295
20108,232.42640687119277
20109,295.3452377915614
20110,289.36753236814695
20111,321.21320343559637
20527,248.01933598375643
20116,240.03152929257652
20114,149.75230867899717
20115,186.08326112068514
20119,279.6812408671317
20014,6.414213562373095
20123,205.11269837220803
20122,96.28427124746185
20126,150.49747468305821
20127,296.5807358037434
20128,152.55129855222052
20529,365.1198410471447
20131,137.45584412271566
20130,48.94112549695426
20152,377.4507934888322
20132,173.3847763108502
20135,213.7106781186546
20136,210.67619023324886
20137,253.11269837220803
20139,239.9898987322337
20142,274.2447327281731
20140,274.7939392393398
20160,352.1909088590102
20143,72.69848480983494
20144,267.8944443027281
20145,180.22539674441606
20531,219.19595949289317
20146,147.59797974644658
20148,140.02438661763935
20151,322.3330444827413
20157,201.1248916810277
20248,42.899494936611646
20158,249.04163056034258
20162,161.31370849898474
20176,284.87720036002537
20165,370.8183258569799
20167,163.7401153701775
20530,176.7695526217004
20187,245.03152929257652
20171,244.0020920410538
20188,308.28427124746185
20173,190.5218613006977
20174,191.15432893255058
20191,183.82337649086264
20196,193.2081528017129
20178,207.75230867899717
20197,170.91168824543132
20180,354.87005768508874
20215,274.4507934888322
20181,338.30360723121856
20480,311.65180361560886
20182,221.7472580451144
20183,389.42135623730945
20189,128.13708498984744
20192,178.11269837220803
20193,214.89444430272812
20194,127.84062043356586
20195,275.5807358037434
20210,321.7939392393398
20200,98.42640687119277
20201,164.30865786510122
20203,157.89949493661163
20208,327.65180361560886
20209,145.9827560572968
20284,164.62741699796948
20219,174.0121933088197
20216,155.30865786510122
20221,293.6639969244288
20222,167.6934341759515
20541,166.2081528017129
20224,275.76450198781697
20225,309.0121933088197
20226,135.42640687119277
20228,273.07315985291933
20231,80.74011537017752
20239,304.5512985522205
20234,267.51681066681516
20240,321.85281374238554
20241,189.24264068711926
20242,370.06601717798196
20243,183.18376618407348
20244,280.10259710444205
20249,264.7594513539345
20245,374.1909088590102
20269,290.0538238691622
20247,176.89444430272812
20250,270.2081528017129
20255,260.7401153701775
20252,280.36753236814695
20257,144.99494936611646
20258,285.82337649086264
20259,394.9777054234136
20260,211.45079348883218
20268,176.65685424949237
20276,245.81832585697992
20281,270.13708498984744
20274,242.91168824543132
20532,309.29646455628153
20280,159.37972567696673
20533,174.81118318204295
20368,170.45584412271566
20282,62.568542494923754
20283,294.43354954612954
20535,208.4142135623731
20286,349.2081528017129
20285,331.7695526217004
20288,171.13708498984744
20289,184.5269119345811
20292,208.7401153701775
20380,174.91168824543132
20294,223.65180361560886
20295,192.28427124746185
20538,165.42640687119277
20296,197.00714267493635
20297,270.7401153701775
20304,259.17871555019013
20299,145.19595949289317
20300,319.0
20308,37.65685424949237
20301,180.9705627484771
20311,257.63455967290605
20302,314.0416305603426
20303,151.85281374238554
20305,14.899494936611667
20321,321.6051224213833
20332,281.4507934888322
20307,98.58073580374344
20312,323.5269119345811
20313,265.9482681718909
20314,229.32590180780443
20331,279.06601717798196
20315,177.3847763108502
20316,131.28427124746185
20317,311.03657992645907
20360,185.11269837220803
20319,135.22539674441606
20320,284.29646455628153
20322,270.4163056034269
20323,97.98275605729678
20325,108.04163056034257
20326,224.26197667087575
20328,154.82842712474618
20335,177.86500705120528
20336,197.97770542341362
20339,299.9360748630708
20341,299.83556979968256
20342,194.7401153701775
20343,179.15432893255058
20345,333.0416305603426
20346,317.9360748630708
20347,159.46803743153532
20539,211.02438661763935
20211,140.19595949289317
20212,146.17871555019013
20213,254.49747468305821
20348,353.65180361560886
20349,180.49747468305821
20540,316.22034611053294
20350,190.05382386916224
20352,367.0193359837564
20353,187.66904755831206
20354,270.48737341529244
20355,250.13203435596478
20358,193.556349186104
20362,180.32590180780443
20361,134.25483399593895
20363,187.923881554251
20373,330.1320343559648
20369,187.18376618407348
20370,295.65180361560886
20381,383.1909088590102
20372,292.7401153701775
20374,266.5878784786807
20293,201.02438661763935
20382,266.0121933088197
20375,191.05382386916224
20376,376.59292911256324
20383,299.72287142747433
20408,302.06601717798196
20384,181.66904755831206
20387,188.62741699796948
20411,180.5685424949237
20388,201.84062043356585
20106,309.7056274847716
20055,379.6051224213833
20390,191.88225099390843
20391,181.7106781186546
20418,43.31370849898474
20392,295.42640687119274
20393,173.14213562373092
20394,103.95331880577389
20395,260.7350647362943
20396,257.10259710444205
20397,305.0954544295048
20398,193.65685424949237
20399,203.7106781186546
20400,332.09040379562197
20402,354.5979797464466
20154,159.32590180780443
20156,149.7939392393398
20403,189.32590180780443
20419,191.55129855222052
20405,317.6639969244288
20409,184.22539674441606
20412,35.04163056034262
20415,312.89949493661163
20287,305.1198410471447
20416,280.09040379562197
20420,212.14213562373092
20421,25.041630560342625
20425,238.43354954612954
20428,115.08326112068514
20432,152.2081528017129
20429,209.72792206135784
20430,269.9533188057739
20431,278.64675298172614
20270,273.5340546095178
20433,243.36753236814698
20442,160.82337649086264
20438,239.81832585697992
20434,277.0020920410538
20444,264.3553390593273
20443,169.5096679918779
20445,279.29646455628153
20448,242.82842712474618
20449,138.89949493661163
20452,182.45584412271566
20453,89.53910524340084
20454,113.36753236814698
20455,369.1614716074875
20458,188.56349186104052
20461,358.3797256769667
20462,333.1909088590102
20464,311.9188309203682
20465,69.32590180780446
20471,163.45079348883218
20472,20.071067811865476
20473,160.5096679918779
20474,347.112698372208
20475,152.5269119345811
20476,345.06096654409924
20389,186.87005768508874
20478,238.59292911256324
20012,183.55129855222052
20028,176.65685424949237
20039,347.26197667087575
20064,78.31370849898474
20066,56.24264068711928
20067,197.5391052434008
20068,177.7989898732233
20073,314.9116882454313
20085,190.23759005323575
20088,297.28427124746185
20483,222.923881554251
20486,302.9777054234136
20093,305.6639969244288
20113,206.75230867899717
20487,235.40916292848956
20488,302.1909088590102
20496,171.82337649086264
20509,197.86500705120528
20557,33.31370849898476
20560,158.88225099390843
20038,142.0954544295048
20238,174.82842712474618
21053,485.34732983261637
21211,454.9087296526031
21206,409.39906166072427
21152,403.25187540311066
21027,328.93102422918827
21026,478.59502115361823
21015,432.5239533417527
21014,498.26406871193075
21010,305.1858582251277
21149,342.98484809835116
21004,401.1097397793796
21005,482.8549057834402
21006,498.1635636485425
21008,512.7615433949894
21146,413.6417023478436
21145,271.5290039756352
21003,393.93102422918827
21117,417.05086527633415
21165,477.026478658694
21163,431.0803025278569
21113,409.44574285494963
21009,406.2447327281731
21039,481.84985514955764
21040,426.79603128039474
21041,456.42344827836445
21016,471.64884502278113
21087,485.73001410241176
21167,488.3351365237963
21166,455.19805153394776
21018,361.28636328851593
21054,448.1097397793796
21127,377.0020920410538
21129,312.07315985291933
21130,380.3523804664989
21213,525.6782822743038
21124,327.2152954766504
21169,393.6711395993663
21172,471.43564158718453
21179,377.5533905932754
21202,479.63665171396104
21203,385.7838379715746
21042,416.77164466275457
21043,483.42344827836445
21217,287.5290039756352
21101,480.1513703397224
21100,531.5189027078701
21099,351.8549057834402
21098,394.54119728445534
21096,399.9087296526031
21094,428.05086527633415
21093,391.4823227814099
21092,374.32799384885874
21012,380.59502115361823
21013,319.8721497261428
21007,432.57063453597806
21011,432.47518010647235
21022,478.75440072005193
21025,485.2813126546334
21037,375.11479041326214
21035,295.31580054003865
21033,486.026478658694
21032,466.7594513539345
21031,420.57063453597806
21029,492.9797974644686
21045,364.038671967514
21046,344.7127701597091
21002,481.82546853191747
21212,455.87929240108036
21199,443.79603128039474
21205,379.0975464705595
21201,442.298556597336
21197,533.234631460408
21195,316.15642097360495
21186,463.00923471599134
21185,464.54119728445534
21184,507.9209229614232
21158,497.2813126546334
21104,416.5655839020955
21123,503.84985514955764
21128,408.46507883870726
21126,466.6955262170065
21161,354.57063453597806
21079,398.0975464705595
21194,544.1219330881996
21190,373.14422766478486
21189,396.99704140717125
21188,484.3107499061561
21187,546.4478348960046
21177,369.12698372208223
21156,340.428498912247
21155,410.960461480711
21154,389.2396820942906
21153,415.4823227814099
21118,403.79603128039474
21119,455.2813126546334
21120,324.4995667241125
21125,460.45288552988717
21105,437.05086527633415
21175,474.038671967514
21085,446.2569260369932
21164,412.2813126546334
21198,442.6173157302034
21133,444.298556597336
21174,458.79603128039474
21176,462.2274887854705
21178,542.376767084139
21134,492.7787873376921
21135,351.71782079359167
21208,496.962553521766
21207,467.7371567773493
21180,502.1930009000652
21137,393.1808075912451
21001,423.42344827836445
21138,486.3523804664989
21139,397.10259710444205
21196,383.31580054003865
21140,463.3523804664989
21116,381.61226509632087
21141,381.5462479183379
21170,420.9381669041258
21052,413.298556597336
21168,474.4701294725898
21143,494.22243815158794
21142,391.9087296526031
21023,353.0681092190368
21115,383.38181771802164
21114,442.45288552988717
21108,407.9087296526031
21112,369.7888886054572
21147,400.11479041326214
21204,468.5239533417527
21097,408.3107499061561
21148,462.79603128039474
21200,469.22243815158794
21151,404.4823227814099
21159,436.61226509632087
21050,374.54119728445534
21144,397.5533905932754
21051,465.2569260369932
21055,361.23253941935303
21056,431.68838354206895
21057,538.3178925810936
21058,385.75440072005193
21059,416.2447327281731
21063,350.6538956566637
21064,571.9209229614232
21065,390.6955262170065
21066,393.5462479183379
21067,399.21024484276785
21070,415.95541084682844
21071,521.4478348960046
21076,476.1391770309023
21038,402.1391770309023
21078,482.5361466505728
21047,451.90158697766554
21048,486.7371567773493
21049,508.30569927227356
21080,486.80822458921483
21132,481.46507883870726
21216,486.3229432149762
21072,496.3940110268417
21068,502.364573775319
21171,400.75440072005193
21062,444.6417023478436
21061,290.0853531617394
21060,475.83766184073755
21181,467.0803025278569
21044,437.9087296526031
21036,280.9726547895311
21191,416.23253941935303
21215,487.6072144624383
21192,492.66608896548377
21193,419.16861428242504
21173,461.9381669041258
21073,470.0437226013966
21121,447.2691193458133
21083,452.3351365237963
21081,451.30360723121856
21075,467.8670990922603
21074,478.49451609023
21111,557.4062043356618
21089,514.4356415871845
21210,488.7077195258266
21136,463.9087296526031
21077,492.2935059634534
21088,489.66608896548377
21131,414.8549057834402
21110,367.41125496954436
21183,515.234631460408
21020,405.75440072005193
21028,494.1930009000652
21109,538.1757569573625
21030,495.364573775319
21034,461.25187540311066
21090,465.42344827836445
21091,524.9625535217659
21095,422.4406922210671
21102,473.9381669041258
21103,337.298556597336
21106,454.1391770309023
21107,499.87929240108036
21214,310.6295090390235
21019,466.4823227814099
21017,456.5239533417527
21024,425.7594513539345
21086,545.9919907732886
21084,490.63665171396104
21150,428.2691193458133
21082,381.8427124746201
21160,484.35743110038146
21157,424.6295090390235
21162,492.43564158718453
21209,339.14422766478486
21122,490.3940110268417
21182,405.2396820942906
21021,458.32799384885874
21069,466.2691193458133
22006,748.312841947211
22011,742.0823945689118
22012,719.8986283848379
22001,698.2295808265254
22005,725.7392488184042
22004,681.8103166302698
22017,700.6265504461959
22003,723.6214998123133
22013,713.4793641885823
22007,696.1828996323001
22015,676.508801440105
22018,716.1950929411202
22002,692.5504320004478
22008,731.5849198858531
22016,697.3422791987338
22014,760.4966081312849
22009,707.3666658163739
22010,688.5676759431504
23007,1001.8885271170728
23009,945.6803743153588
23010,805.4772721475273
23008,983.3494218736713
23002,881.0285706997489
23006,798.4722215136447
23003,1054.6286424872508
23011,1024.7463914933417
23005,1049.7880220536845
23001,1016.0062761231637
23004,796.3523804664989
24016,766.4011537017792
24032,819.716954241819
24051,902.3565645486088
24029,681.1290757631372
24033,1023.0205614730388
24027,752.8052659963872
24025,977.5230867899801
24015,985.4103884177717
24059,863.042856049624
24013,777.5971131946732
24002,799.2072862499402
24003,737.2539674441656
24004,859.6997102991164
24028,887.3271272970861
24050,867.444876303177
24057,682.2417741353455
24049,1012.7362902255767
24006,1029.925107043533
24018,709.8691911333152
24037,670.17070632348
24038,688.5138520739876
24020,995.042856049624
24001,922.782971419802
24045,951.1677477306524
24026,715.6559876977186
24044,1075.1261171703095
24039,704.7564927611068
24048,1019.4987001723399
24055,843.9007204258929
24054,696.5260453828076
24053,693.8986283848379
24052,844.0600999923266
24019,745.7930726875671
24014,705.5554826343304
24017,912.0306627408039
24008,864.3738084913115
24056,910.1555544218323
24034,724.7148622007641
24010,840.7636354360444
24046,902.8296526140274
24047,967.4276323604744
24024,801.0184694319838
24023,769.2072862499402
24022,933.4814562296373
24009,862.1849916733551
24036,770.0235200658664
24007,1045.184991673355
24043,809.1606050557149
24042,706.2001435750027
24012,721.040764008569
24035,873.4987001723399
24041,725.2417741353455
24021,904.0844866099668
24058,831.8519471906126
24005,789.6925676241789
24030,842.2438661764005
24040,762.9280656363607
24011,814.4743135546997
24031,733.6803743153588
25016,1513.0277041479762
25015,1748.201369064285
25019,1635.9099551418853
25020,1838.2846301849706
25002,1744.189175755465
25018,1688.3069247615558
25010,1843.9658710521032
25009,1390.2804461028607
25013,1715.3018741276733
25011,1801.0003589375085
25001,1879.8826099314176
25007,1820.19126779652
25008,1565.5840533340804
25012,1485.6601717798285
25006,1634.407429824944
25005,1579.4663043279895
25014,1417.1921343482923
25004,1451.7606768432167
25017,1774.4683963690445
25003,1686.2429996246278
26037,2105.7152211382645
26036,2254.5579336128617
26021,2113.3598820789357
26054,2046.3182515186033
26068,2086.685783886745
26046,2318.8716421118365
26045,2207.835062185394
26041,2141.509160377599
26033,1932.4339084836395
26034,2147.0360723121803
26014,2122.9528111914988
26026,1976.4166645409366
26016,2252.290906308103
26044,2013.8624073958874
26047,2330.835062185374
26043,2286.9132726721846
26071,1995.9730137270408
26029,2115.2644276494293
26069,1960.3771260216488
26025,2114.0512242138334
26039,2243.4919164348807
26055,2630.731598529112
26030,2233.5142110114675
26035,2237.800574299984
26022,2204.232031805065
26050,2169.5802281894607
26013,2155.2492757477758
26012,2052.7963902179035
26032,2082.0238790033704
26053,2153.9650045003136
26048,2508.6361440996243
26057,2064.5558415718374
26065,2300.499059109809
26066,2132.5264043203038
26070,2478.5062017847185
26072,2055.813634160606
26058,2248.13152674167
26017,2408.2564184226726
26009,2020.7446583897965
26020,2220.5802281894526
26015,2134.455336508438
26059,2266.102089490144
26060,2319.0676016047305
26001,2139.822868876585
26042,1949.9019459151752
26067,2107.5385976291277
26018,2027.4532444673966
26023,2110.59242149829
26007,2309.942709923703
26028,2055.5385976291363
26005,1987.0878041403041
26003,1895.4166645409366
26004,2361.753893105739
26008,2054.425899256928
26027,2188.3081502508157
26031,2076.9700551342085
26006,2165.0898961813405
26064,2293.746750430812
26062,2050.7913395840214
26052,1986.3010075759007
26051,1978.9801564019783
26010,2092.827919510475
26011,2183.977197809129
26019,2229.08989618133
26061,2039.6025227660655
26024,2048.881743379645
26049,1966.683691845696
26063,2058.6685399440466
26040,2020.3132008847208
26038,2087.680733252862
26056,2184.1538213182653
26002,2195.668539944025
27006,263.73001410241176
27005,272.90158697766554
27008,205.40411229460682
27004,300.2447327281731
27010,284.35743110038146
27003,343.2274887854705
27015,295.7056274847716
27014,289.70057685088904
27007,416.88939366884546
27011,380.6295090390235
27013,297.5290039756352
27017,448.7056274847716
27002,244.64675298172614
27001,460.68838354206895
27009,298.47518010647235
27016,275.43354954612954
27012,337.0315292925765
28009,747.4062043356618
28003,786.5899705197356
28022,1127.4183976444817
28021,820.4844148224648
28013,976.4966081312849
28041,958.3961030678967
28014,1327.5504320004477
28040,1129.790980646512
28010,1032.986940139406
28015,1208.9280656363605
28039,898.6631303726562
28020,1072.793072687567
28027,1397.8347032479098
28005,1082.3839097590765
28007,1222.0407640085689
28038,750.7199128346466
28026,974.0773439350293
28037,923.1757569573625
28019,899.1412690719573
28028,828.2245301926429
28025,1236.7392488184041
28002,836.3473298326163
28001,971.5310960166902
28004,828.8397538817925
28029,869.0235200658664
28031,926.9646455628209
28035,1043.51890270787
28034,1037.3544725075537
28006,945.8052659963872
28033,1141.661038331601
28043,872.040764008569
28032,1161.7442994522867
28023,1099.8153672641522
28017,943.7514421272243
28042,1062.508801440105
28008,919.2001435750027
28016,1021.9230150024781
28018,994.8864350760178
28011,882.3961030678967
28024,1263.6093065034931
28036,1046.6559876977185
28030,981.5554826343304
28012,832.8864350760178
29013,433.7787873376921
29051,463.63665171396104
29059,455.9797974644686
29011,473.234631460408
29060,458.05086527633415
29009,450.1930009000652
29030,440.8204178980349
29021,505.8204178980349
29058,456.1513703397224
29046,448.234631460408
29035,445.26406871193075
29025,446.49451609023
29052,444.364573775319
29031,455.4062043356618
29032,465.80822458921483
29024,471.1930009000652
29042,456.9087296526031
29053,461.80822458921483
29034,472.6194077712584
29006,512.3056992722735
29044,461.1513703397224
29049,469.2935059634534
29040,469.9209229614232
29026,454.6072144624383
29055,474.8204178980349
29022,451.9797974644686
29001,460.6072144624383
29037,427.3940110268417
29054,461.9797974644686
29036,466.364573775319
29010,451.7077195258266
29033,463.5361466505728
29023,469.80822458921483
29050,445.05086527633415
29041,453.3229432149762
29057,468.22243815158794
29048,457.87929240108036
29020,497.47727214752734
29017,450.1513703397224
29056,473.7077195258266
29002,461.1930009000652
29007,413.05086527633415
29004,426.0214280248114
29012,491.3351365237963
29029,459.63665171396104
29028,447.3940110268417
29008,415.7787873376921
29047,448.89148570990045
29039,447.50670939905007
29005,457.50670939905007
29045,495.3767670841391
29016,427.46507883870726
29019,476.87929240108036
29014,483.4062043356618
29015,481.1930009000652
29018,453.9503602129459
29038,451.84985514955764
29043,462.67828227430385
29027,451.0803025278569
29003,470.30569927227356
30051,524.8792924010803
30056,658.5016587651675
30055,646.702668891944
30054,212.7939392393398
30053,309.90158697766554
30183,470.3401871576788
30182,408.2274887854705
30181,288.362481734264
30110,301.57063453597806
30111,193.30865786510122
30180,575.6610383316012
30178,242.3380951166241
30175,555.4945160902299
30201,306.4995667241125
30208,222.06601717798193
30207,237.5340546095178
30204,210.6934341759515
30202,593.6316010800784
30200,345.6295090390235
30186,350.8132752230974
30197,434.5290039756352
30196,321.11479041326214
30137,313.4701294725898
30184,311.8843430349629
30105,313.7766952966371
30043,351.55844122715797
30042,441.0437226013966
30019,309.8132752230974
30163,436.57063453597806
30115,336.5117600329326
30114,463.77164466275457
30113,323.74220741123185
30010,440.8549057834402
30097,251.36753236814698
30087,405.0853531617394
30149,189.9705627484771
30150,654.2935059634534
30148,332.2031021678303
30147,325.026478658694
30064,508.1513703397224
30074,333.61226509632087
30168,320.4701294725898
30166,414.5290039756352
30165,347.6000717875008
30164,388.15642097360495
30126,354.6173157302034
30050,505.9087296526031
30046,384.39906166072427
30004,390.3452377915614
30128,419.0681092190368
30145,168.28427124746185
30146,364.91378028648563
30098,323.8843430349629
30107,432.6833329081864
30116,155.21320343559637
30131,537.3523804664989
30136,415.2274887854705
30138,337.4406922210671
30140,326.95541084682844
30156,431.7838379715746
30157,568.7077195258265
30158,504.54119728445534
30159,302.15642097360495
30160,596.778787337692
30161,690.1879502661826
30162,371.6000717875008
30078,639.4478348960046
30167,622.4062043356618
30169,197.82337649086264
30185,328.12698372208223
30190,212.6934341759515
30003,163.4142135623731
30194,429.75440072005193
30199,171.9827560572968
30206,196.75230867899717
30011,280.6934341759515
30012,232.82337649086264
30015,240.39696961966987
30016,355.8183258569799
30017,373.14422766478486
30117,304.55844122715797
30044,338.32799384885874
30047,357.95541084682844
30049,308.47518010647235
30052,314.94321753800835
30099,340.41125496954436
30100,333.64675298172614
30198,569.2884553295709
30139,240.78174593052006
30041,320.4995667241125
30058,613.8620484583777
30135,329.95541084682844
30176,216.59292911256324
30120,174.32590180780443
30020,317.36962440920155
30021,332.11479041326214
30022,345.54119728445534
30023,454.4406922210671
30024,373.77164466275457
30025,400.5117600329326
30026,411.57063453597806
30027,598.6610383316012
30028,327.1198410471447
30029,368.0975464705595
30030,331.8549057834402
30033,551.1391770309023
30034,623.6782822743038
30065,387.0437226013966
30066,510.42344827836445
30067,511.1219330881997
30068,337.39906166072427
30070,130.63961030678917
30072,576.6732316404212
30073,186.21320343559637
30075,270.24978336205567
30112,413.428498912247
30109,451.4995667241125
30141,218.5269119345811
30142,137.3847763108502
30143,218.39696961966987
30144,133.14213562373092
30151,628.0803025278568
30152,706.9209229614232
30153,632.0924958366769
30154,649.2640687119307
30155,662.0752518939743
30187,425.74220741123185
30188,370.0853531617394
30189,580.9381669041258
30191,373.1320343559648
30192,442.73001410241176
30195,318.7127701597091
30210,113.65180361560888
30211,481.57063453597806
30212,141.3380951166241
30048,182.88225099390843
30059,181.08326112068514
30209,209.5269119345811
30173,292.4579361637697
30205,711.844804515675
30203,496.9087296526031
30031,311.5878784786807
30079,392.7838379715746
30069,514.2691193458132
30101,348.0975464705595
30103,509.05086527633415
30104,200.28427124746185
30106,425.0853531617394
30102,476.95541084682844
30108,158.58073580374338
30193,338.67619023324886
30177,427.4701294725898
30179,359.70057685088904
30174,269.3330444827413
30172,146.35533905932732
30171,307.0559159102167
30170,582.0458146424515
30134,364.5878784786807
30001,412.7127701597091
30133,737.5483399593928
30132,422.19805153394776
30122,197.91168824543132
30130,156.5096679918779
30129,659.7737367038095
30125,328.31580054003865
30124,517.7249634685292
30127,355.5117600329326
30123,746.6316010800784
30002,419.428498912247
30005,251.2081528017129
30121,685.4062043356618
30119,216.3208511739212
30006,335.4406922210671
30118,336.36962440920155
30096,425.8427124746201
30095,426.9726547895311
30094,169.91168824543132
30093,413.32799384885874
30007,332.1736649163076
30008,365.026478658694
30009,412.2447327281731
30071,361.74220741123185
30092,401.54119728445534
30091,101.62741699796948
30090,318.5046173579951
30089,159.66904755831206
30088,376.8721497261428
30086,445.896536343783
30018,343.75440072005193
30035,645.6488450227811
30036,421.98484809835116
30037,518.5361466505727
30085,333.0559159102167
30084,245.5218613006977
30083,581.2051942088852
30082,187.75230867899717
30081,343.2691193458133
30038,395.74220741123185
30039,204.3380951166241
30040,529.4945160902299
30032,207.82842712474618
30080,350.32799384885874
30077,188.61017305526627
30076,604.0163773909288
30063,653.7909806465121
30062,349.8843430349629
30061,162.80613254815984
30013,633.9503602129458
30014,327.428498912247
30060,640.5361466505727
30045,229.24978336205567
30057,423.5290039756352
31054,835.780879378747
31051,837.9818895055236
31046,775.3666658163739
31045,762.9991334482262
31014,883.2783540618058
31029,896.8052659963872
31006,888.9474016201183
31093,825.7098115668815
31092,877.508801440105
31061,953.314933988266
31008,920.9179643685956
31011,768.7737367038095
31081,873.0651506262092
31017,855.6509370638361
31091,869.0062761231637
31096,958.9301576774157
31018,769.2245301926429
31059,861.2245301926429
31040,839.6925676241789
31085,922.9474016201183
31052,848.4377336282395
31048,752.5432893255103
31047,765.3666658163739
31036,800.3372285648512
31104,832.9940828143436
31101,792.5554826343304
31102,909.9352083112982
31071,832.248916810283
31069,813.9646455628209
31067,811.5382386916277
31050,812.5260453828076
31065,935.7880220536846
31084,871.4204896855368
31079,756.0702012600917
31064,811.9940828143436
31001,777.3544725075539
31049,788.7514421272243
31032,896.0895372438493
31024,777.508801440105
31022,851.7098115668815
31094,789.9818895055236
31106,871.6509370638361
31105,830.8103166302698
31103,820.3077913133285
31097,849.6336931211334
31095,818.9818895055236
31090,794.910821693658
31088,850.5504320004478
31087,787.7148622007641
31086,854.4499269370597
31083,866.6093065034933
31082,856.8519471906126
31080,787.9230150024781
31055,756.4844148224648
31078,842.3077913133285
31077,858.0773439350293
31074,822.2661607529856
31073,809.8103166302698
31072,850.8225099390899
31070,902.5453813665653
31068,866.3372285648512
31063,783.3422791987338
31060,859.976838871641
31053,751.4549775709421
31044,777.5432893255103
31066,732.6976182580614
31043,872.6214998123133
31020,835.6681810065387
31039,847.7392488184042
31037,808.3077913133285
31035,826.6509370638361
31034,814.3372285648512
31033,738.3300858899137
31031,865.4915574974024
31027,876.378859125194
31026,857.1240251292546
31089,750.3250352560311
31025,761.2955980045084
31098,784.312841947211
31042,823.5209947489251
31062,765.4255403194194
31075,780.3666658163739
31023,774.6559876977186
31016,795.910821693658
31015,800.1950929411202
31013,829.4966081312849
31056,739.768686069927
31057,920.6164491784308
31012,872.6753236814762
31010,801.2661607529856
31009,861.1362184380747
31007,832.0945878777319
31005,838.4082963767167
31004,841.0529573173891
31003,762.5676759431504
31076,787.638743755016
31019,944.5626253092679
31028,910.2905473706259
31058,812.3544725075539
31021,894.4082963767167
31030,870.976838871641
31038,804.6143571373758
31041,811.0823945689118
31099,887.3199846221486
31100,814.312841947211
31002,805.2245301926429
32029,1225.9982668964535
32028,1080.6214998123132
32027,1208.6896090313512
32026,1143.3759005323661
32025,1021.9545442950558
32024,987.912913734713
32008,1039.3687578574288
32031,1146.469262920817
32022,1214.8683245815425
32018,1063.716954241819
32052,973.8712831743702
32016,1022.5525240415028
32054,968.7119036079365
32006,1125.1454531540671
32013,1105.4642122869345
32007,1125.795164728622
32034,1040.5626253092678
32053,999.3393206059062
32055,1079.7413408594591
32003,1118.5453813665652
32039,1164.6723650886486
32038,942.4987001723399
32015,1087.0722933011466
32017,1055.6946596652338
32020,1113.2093782909951
32023,1066.9057710597754
32058,1095.533188057745
32036,1027.1677477306523
32057,1045.4520189781144
32030,1104.587011926908
32032,1086.0083681642186
32056,1081.6235918533682
32035,988.2976900455634
32005,1098.978930912696
32010,1136.8195513462622
32001,1066.0479066835064
32011,1098.8641404994326
32002,1025.6336931211333
32040,1176.731239591694
32041,1111.7119036079364
32037,1072.2215715998152
32021,1232.3342699720235
32047,1100.4915574974023
32045,1102.0895372438492
32051,1072.1454531540671
32050,1067.0083681642186
32049,1194.1088732276069
32048,1095.5453813665652
32019,1065.0895372438492
32033,1062.6214998123132
32012,1058.0256121069212
32046,1115.3687578574288
32044,1072.1727983645346
32004,1119.2905473706257
32043,1130.067242667264
32042,1218.459161653052
32014,1158.8266940211997
32009,1238.1038225937243
