CVEGEO,economic_output
01001,279752.625
01002,106.629
01003,1456.031
01004,456.057
01005,49562.686
01006,440.578
01007,4399.484
01008,46.698
01009,6960.706
01010,1253.369
01011,44202.135
02001,22333.76
02002,171967.327
02003,24334.459
02004,302569.193
02005,6958.619
02006,669.53
02007,72.8
03001,1707.955
03002,819.012
03003,5116.472
03008,2664.448
03009,95.325
04001,359.333
04002,3367.802
04003,4075.182
04004,2296.561
04005,283.014
04006,532.564
04007,17.245
04008,174.124
04009,621.22
04010,80.191
04011,46.236
04012,156.95
04013,259.299
05001,0.0
05002,27105.198
05003,598.568
05004,35866.006
05005,0.0
05006,10499.95
05007,780.795
05008,0.0
05009,3245.823
05010,40197.365
05011,77.065
05012,0.0
05014,29.744
05015,0.0
05016,10.092
05017,8316.747
05018,22456.179
05019,177.134
05020,786.097
05021,8.68
05022,95859.857
05023,3434.701
05024,2185.167
05025,38673.913
05027,479117.157
05028,8055.844
05029,0.0
05030,407352.925
05031,226.916
05032,435.915
05033,2204.728
05034,9.387
05035,183792.083
05036,9.779
05037,5.378
05038,102.738
06001,699.868
06002,4775.563
06003,123.324
06004,78.276
06005,2176.885
06006,8.625
06007,5253.628
06008,29.447
06009,10360.849
06010,863.766
07001,69.506
07002,47.047
07003,1011.72
07004,55.994
07005,19.931
07007,72.063
07008,37.675
07009,1298.229
07012,1330.537
07013,80.226
07014,18.143
07015,98.296
07016,9.24
07017,247.769
07018,19.767
07019,728.726
07020,14.856
07021,26.579
07022,8.794
07023,28.213
07024,17.223
07025,14.678
07026,20.261
07027,3692.77
07028,15.952
07029,15.867
07030,0.0
07031,83.906
07032,54.818
07033,0.0
07034,0.0
07035,15.318
07037,107.981
07038,5.14
07039,22.48
07040,2876.313
07041,77.454
07042,24.14
07043,24.085
07044,27.152
07045,8.45
07046,43.05
07047,18.636
07048,51.211
07049,11.752
07050,5.807
07051,881.189
07052,198.483
07053,0.0
07054,63.384
07055,7.845
07056,2.331
07057,112.898
07058,20.827
07059,309.617
07060,13.213
07061,4959.034
07062,659.812
07063,7.562
07064,24.108
07065,1538.62
07066,27.624
07067,12.776
07068,55.683
07069,158.034
07071,147.392
07072,55.652
07073,47.612
07074,33795.776
07075,72.642
07076,15.261
07077,51.044
07078,5533.848
07079,209.981
07081,101.288
07082,17.814
07083,28.338
07084,14.016
07085,18.613
07086,72.04
07087,77.316
07088,8.857
07089,7155.371
07090,3.964
07091,52.497
07092,23.326
07093,24.18
07094,213.506
07096,42.951
07097,526.452
07098,20.32
07099,91.953
07100,19.524
07101,8712.956
07102,48.144
07103,61.93
07104,48.97
07105,22.003
07106,5743.14
07107,10.54
07108,3908.751
07109,96.224
07110,17.052
07111,133.749
07112,25.877
07114,369.621
07115,12.566
07116,14.945
07117,0.0
07118,2.23
07119,0.0
07121,3.517
07122,72.842
07123,20.274
07124,14.433
08001,310.647
08002,1033.229
08003,75.351
08004,451.913
08005,673.024
08006,8.069
08007,10.88
08008,0.0
08009,348.524
08010,476.511
08011,1535.811
08012,5.712
08013,28.45
08014,4.099
08015,0.0
08016,0.0
08017,27049.137
08019,171326.553
08020,1.523
08021,14324.182
08022,0.0
08023,0.0
08024,254.418
08025,171.738
08026,0.0
08027,296.636
08028,3.556
08029,33.467
08030,6.222
08031,406.867
08032,4805.684
08033,0.0
08034,4.813
08035,6.97
08036,868.66
08037,230889.474
08038,0.0
08039,8.871
08040,385.282
08042,0.0
08043,148.072
08044,220.901
08045,6868.194
08046,0.0
08047,4.859
08048,1278.582
08049,0.0
08050,2493.629
08051,36.512
08052,1934.219
08053,62.437
08054,1576.01
08055,30.943
08056,0.0
08057,0.0
08058,0.0
08059,10.584
08060,21.673
08061,0.0
08062,596.139
08063,0.0
08064,0.0
08065,2.905
08066,0.0
08067,15.831
09002,152594.599
09003,30727.638
09004,9072.288
09005,32822.074
09006,24438.822
09007,95224.636
09008,1191.593
09009,1137.993
09010,13359.866
09011,8400.585
09012,12851.695
09013,14990.228
09014,21339.281
09015,34805.815
09016,59156.421
09017,8468.884
10001,210.287
10002,0.0
10003,0.0
10004,314.668
10005,26502.776
10006,2.849
10007,83357.839
10008,528.37
10009,6.286
10010,1.171
10011,0.0
10012,2568.51
10013,894.812
10014,19.643
10015,58.194
10016,433.36
10017,16.692
10018,39.375
10019,0.0
10020,30.166
10021,21.858
10022,63.631
10023,1010.263
10024,29.826
10025,1.476
10026,16.414
10027,12.349
10028,163.965
10029,0.0
10030,0.0
10031,15.303
10032,1126.055
10033,13.542
10034,17.801
10035,93.506
10036,11515.813
10037,2.454
10038,426.234
10039,994.33
11001,1936.227
11002,3182.949
11003,12744.878
11004,4404.772
11005,126913.634
11006,0.0
11007,281899.844
11008,1047.308
11009,4617.225
11010,24.187
11011,8315.869
11012,351.416
11013,9136.054
11014,1880.033
11015,1644.227
11016,77.436
11017,140060.591
11018,1658.183
11019,116.105
11020,164884.332
11021,849.762
11022,1004.546
11023,9839.527
11024,29.691
11025,10167.565
11026,809.436
11027,215747.922
11028,1451.672
11029,1388.049
11030,2333.805
11031,19139.826
11032,78262.822
11033,433.79
11034,25.267
11035,6181.56
11036,19.295
11037,331260.344
11038,37.93
11039,96.075
11040,21.925
11041,1073.761
11042,3355.214
11043,22.584
11044,26686.91
11045,0.0
11046,746.086
12001,5105.315
12002,21.667
12003,80.148
12004,12.086
12005,44.347
12006,46.595
12007,143.47
12008,16.487
12009,1.859
12010,13.466
12011,340.252
12012,113.822
12013,34.091
12014,158.242
12015,169.642
12016,6.837
12017,22.275
12018,68.963
12019,134.303
12020,14.275
12021,149.943
12022,64.62
12023,119.458
12024,12.923
12025,36.068
12026,6.493
12027,37.186
12028,387.534
12029,987.235
12030,69.2
12031,4.333
12032,49.243
12033,56.95
12034,129.435
12035,1177.429
12036,23.208
12037,27.274
12038,511.634
12039,51.301
12040,131.262
12041,0.0
12042,44.562
12043,11.425
12044,29.546
12045,90.66
12046,345.54
12047,3.059
12048,163.66
12049,42.111
12050,207.412
12051,67.052
12052,126.543
12053,126.566
12054,16.864
12055,617.008
12056,39.456
12057,433.182
12058,140.15
12059,53.281
12060,34.879
12061,100.861
12062,48.715
12063,2.487
12064,31.793
12065,16.507
12066,299.861
12067,134.161
12068,28.156
12069,14.105
12070,44.877
12071,69.99
12072,4.216
12073,36.663
12074,110.62
12075,487.136
12076,10.782
12077,56.437
12078,11.765
12079,14.34
12080,16.977
12081,16.795
12082,21.561
12083,0.0
12084,2.282
12085,20.014
13001,175.114
13002,128.09
13003,3618.296
13004,22.259
13005,1111.088
13006,156.31
13007,176.976
13008,21911.785
13009,27.499
13010,116446.215
13011,20.992
13012,68.516
13013,9407.71
13014,40.332
13015,4.347
13016,340.653
13017,15.122
13018,22.526
13019,23.424
13020,0.892
13021,1278.269
13022,15.746
13023,113.635
13024,3.636
13025,44.922
13026,2.803
13027,28.895
13028,344.579
13029,4211.575
13030,300.947
13031,31.796
13032,80.356
13033,0.664
13034,0.0
13035,1105.305
13036,20.882
13037,29.613
13038,5.708
13039,72.017
13040,5.135
13041,262.367
13042,30.625
13043,3.286
13044,76.837
13045,8.113
13046,79.188
13047,5.011
13048,7916.856
13049,16.122
13050,710.071
13051,7096.229
13052,631.354
13053,15.902
13054,32.942
13055,3936.546
13056,549.36
13057,334.783
13058,29.588
13059,121.171
13060,22.686
13061,50889.178
13062,3.421
13063,26814.906
13064,8.43
13065,48.556
13066,2254.509
13067,196.973
13068,7.933
13069,28124.697
13070,245.83
13071,0.0
13072,91.981
13073,39.055
13074,1397.824
13075,644.935
13076,333.628
13077,3479.122
13078,12.051
13079,6.641
13080,58.963
13081,2851.613
13082,413.556
13083,355.666
13084,381.45
14001,272.81
14002,8103.808
14003,150.925
14004,11.137
14005,1870.856
14006,2998.052
14007,65.726
14008,13629.132
14009,3070.201
14010,78.618
14011,12.456
14012,13.141
14013,14681.161
14014,160.048
14015,3765.083
14016,2377.466
14017,64.073
14018,2158.168
14019,13.97
14020,41.099
14021,1616.003
14022,239.934
14023,2713.108
14024,1513.743
14025,123.114
14026,91.953
14027,30.281
14028,14.499
14029,31.193
14030,1629.454
14031,0.0
14032,19.935
14033,174.392
14034,8.714
14035,625.955
14036,176.198
14037,146.446
14038,5.571
14039,181779.731
14040,32.86
14041,35.037
14042,59.263
14043,136.061
14044,15153.691
14045,84.745
14046,1551.41
14047,457.703
14048,1922.025
14049,20.381
14050,187.757
14051,942.22
14052,44.392
14053,59349.785
14054,17.286
14055,103.249
14056,7.714
14057,29.944
14058,96.082
14059,66.381
14060,25.485
14061,10.813
14062,11.101
14063,18229.357
14064,100.482
14065,27.435
14066,4943.531
14067,2923.945
14068,29.911
14069,8.196
14070,75761.846
14071,0.0
14072,56.008
14073,12983.481
14074,1359.438
14075,17.939
14076,15.687
14077,646.582
14078,2171.192
14079,238.427
14080,7.783
14081,11.021
14082,2223.645
14083,8242.837
14084,115.428
14085,3098.857
14086,101.325
14087,56.943
14088,94.015
14089,14.247
14090,54.937
14091,266.086
14092,286.919
14093,21126.966
14094,14628.405
14095,25.187
14096,89.136
14097,116087.699
14098,109732.802
14099,28.124
14100,127.373
14101,10973.158
14102,257.976
14103,39.783
14104,20.343
14105,9239.733
14106,3.001
14107,22.173
14108,1318.12
14109,2448.11
14110,41.502
14111,232.015
14112,72.32
14113,247.517
14114,144.375
14115,46.766
14116,148.857
14117,14.486
14118,97.481
14119,280.609
14120,212291.062
14121,5996.363
14122,12.312
14123,431.277
14124,2322.119
14125,1590.217
15001,1228.686
15002,11108.796
15003,620.329
15004,28.166
15005,1656.962
15006,102.899
15007,22.639
15008,52.925
15009,1204.371
15010,7127.878
15011,281.539
15012,447.314
15013,18195.893
15014,24454.151
15015,187.922
15016,598.193
15017,11.159
15018,209.622
15019,383.87
15020,6090.282
15021,74.574
15022,828.733
15023,180.276
15024,52375.866
15025,11342.503
15026,156.968
15027,26.164
15028,314.722
15029,1880.257
15030,281.249
15031,2860.767
15032,29.2
15033,149325.816
15034,32.564
15035,16862.034
15036,359.286
15037,1388.794
15038,17.216
15039,13049.859
15040,98.81
15041,4.763
15042,2473.074
15043,281.573
15044,142.834
15045,42664.426
15046,225.873
15047,38.188
15048,11161.987
15049,54.445
15050,72.141
15051,125640.831
15052,91.726
15053,493.904
15054,2062.368
15055,477.582
15056,305.281
15057,76931.815
15058,12621.71
15059,163.793
15060,3228.551
15061,174.893
15062,13546.842
15063,34.882
15064,96.94
15065,289.672
15066,2.669
15067,799.413
15068,386.909
15069,79.661
15070,15432.574
15071,1973.095
15072,1897.873
15073,4427.251
15074,201.669
15075,1542.141
15076,5365.348
15077,8.982
15078,11.715
15079,313.372
15080,24.059
15081,11708.417
15082,224.175
15083,26.356
15084,247.957
15085,433.508
15086,21.554
15087,357.419
15088,338.872
15089,47.646
15090,4794.758
15091,3123.566
15092,6370.295
15093,157.218
15094,62.676
15095,44591.72
15096,716.277
15097,27.437
15098,13.574
15099,9628.018
15100,884.224
15101,44737.322
15102,531.173
15103,99.723
15104,103950.098
15105,20.483
15106,304660.45
15107,38.658
15108,12618.949
15109,59462.204
15110,214.772
15111,45.005
15112,163.357
15113,110.105
15114,207.655
15115,218.439
15116,130.638
15117,36.052
15118,7011.279
15119,16.088
15120,1032.561
15121,195019.727
15122,2185.917
15123,64.23
15124,31.409
15125,37.158
16001,79.774
16002,48.309
16003,64.231
16004,37.996
16005,24.857
16006,1660.482
16007,28.059
16008,7.843
16009,109.691
16010,79.547
16011,55.229
16012,429.676
16013,20.812
16014,55.229
16015,138.264
16016,66.588
16017,22.424
16018,18.357
16019,469.133
16020,433.639
16021,132.239
16022,96.541
16023,508.172
16024,196.883
16025,593.567
16026,2.223
16027,10.928
16028,12.178
16029,37.172
16030,995.595
16031,20.638
16032,23.61
16033,109.586
16034,2080.309
16035,71.757
16036,43.0
16037,25.532
16038,172.695
16039,20.435
16040,75.564
16041,49.892
16042,550.273
16043,7490.795
16044,33.468
16045,1346.25
16046,41.268
16047,40.696
16048,407.837
16049,69.67
16050,266.854
16051,1568.86
16052,86185.351
16053,46044.16
16054,25.4
16055,214.917
16056,384.94
16057,32.377
16058,505.319
16059,0.0
16060,46.099
16061,122.252
16062,97.115
16063,166.969
16064,66.348
16065,537.412
16066,510.718
16067,54.517
16068,235.543
16069,7443.297
16070,953.623
16071,278.889
16072,43.614
16073,284.598
16074,79.893
16075,324.168
16076,2330.631
16077,55.085
16078,87.604
16079,716.325
16080,18.677
16081,0.0
16082,873.546
16083,52.788
16084,134.663
16085,177.337
16086,67.417
16087,510.967
16088,1218.553
16089,159.191
16090,88.973
16091,231.602
16092,44.996
16093,122.461
16094,13.541
16095,1080.597
16096,10.087
16097,80.623
16098,53.003
16099,25.661
16100,104.241
16101,4.466
16102,7476.328
16103,299.703
16104,1969.775
16105,13157.933
16106,247.393
16107,8649.886
16108,7579.914
16109,14.977
16110,269.084
16111,48.935
16112,899.505
16113,62.343
17001,32.933
17002,89.078
17003,169.197
17004,28814.844
17005,8.014
17006,9859.015
17007,19422.143
17008,6425.17
17009,221.367
17010,100.337
17011,68401.333
17012,251.491
17013,61.996
17014,20.028
17015,40.248
17016,50.476
17017,205.703
17018,420.811
17019,84.661
17020,329.076
17021,18.044
17022,47.861
17023,13.671
17024,115.482
17025,91.534
17026,136.293
17027,25.156
17028,2112.063
17029,1058.964
17030,8551.698
17031,2363.45
17032,51.994
17033,487.954
17034,33.688
17035,798.477
17036,27.422
18001,1543.95
18002,88.064
18003,45.764
18004,382.661
18005,13.047
18006,398.166
18007,81.705
18008,462.331
18009,11.311
18010,38.794
18011,138.452
18012,262.615
18013,13.916
18014,557.768
18015,354.175
18016,129.117
18017,14729.812
18018,153.603
18019,6.766
18020,1805.113
19001,669.515
19002,67.825
19004,1388.113
19005,4234.289
19006,340854.751
19007,22.724
19008,50.315
19009,90162.202
19010,16207.873
19011,23.496
19012,10537.576
19013,31.403
19014,477.057
19015,0.0
19016,749.207
19017,36.641
19018,96835.72
19019,23794.772
19020,45.43
19021,192816.241
19022,130.529
19023,0.0
19024,0.0
19025,60532.915
19026,187153.115
19027,1.321
19028,0.0
19029,54.112
19030,5.019
19031,9602.415
19032,146.26
19033,7148.113
19034,5186.283
19035,0.0
19036,3.616
19037,11.328
19038,8742.585
19039,221296.897
19040,0.0
19041,180601.549
19042,13.13
19043,0.0
19044,3668.012
19045,38011.763
19046,175666.574
19047,544.037
19048,147091.517
19049,1672.909
19050,0.0
19051,31.139
20001,1.657
20002,2278.023
20003,2.428
20004,2.625
20005,57.87
20006,82.243
20007,7.521
20008,1.744
20009,17.568
20010,5203.639
20011,0.0
20012,24.41
20013,36.003
20014,202.329
20015,5.001
20016,9.407
20017,5.857
20018,0.479
20019,2.864
20020,9.553
20021,777.979
20022,2.101
20023,39.97
20024,3.325
20025,97.93
20026,28.222
20027,27.758
20028,80.413
20029,1.276
20030,56.218
20031,7.547
20032,1.422
20033,329.242
20034,5.368
20035,0.0
20036,10.527
20037,4.368
20038,30.21
20039,317.049
20040,4.429
20041,110.553
20042,63.951
20043,927.882
20044,581.718
20045,1723.105
20046,3.154
20047,0.0
20049,0.963
20050,3.531
20051,124.928
20052,24.676
20053,10.542
20054,0.648
20055,16.715
20056,8.505
20057,120.791
20058,4.226
20059,192.118
20060,0.672
20061,3.775
20062,0.0
20063,18.74
20064,7.49
20065,0.888
20066,35.346
20067,1763.126
20068,191.436
20069,0.0
20070,51.0
20071,9.54
20072,16.528
20073,61.693
20074,0.0
20075,21.44
20076,8.501
20077,11.126
20078,8.463
20079,123107.776
20080,7.619
20081,1.973
20082,2.285
20083,64.503
20084,21.671
20085,7.439
20086,2.899
20087,102.29
20088,3.694
20089,2.743
20090,34.974
20091,17.989
20092,4.666
20093,0.0
20094,0.637
20095,9.061
20096,0.0
20097,1.819
20098,1.821
20099,0.0
20100,0.0
20101,5.647
20102,7.233
20103,77.23
20104,2.765
20105,3.619
20106,0.0
20107,266.682
20108,0.902
20109,0.0
20110,0.0
20111,20.323
20112,11.114
20113,15.186
20114,0.0
20115,211.863
20116,12.864
20117,2.256
20118,7.118
20119,0.102
20120,0.0
20121,0.0
20122,1.786
20123,5.135
20124,304.429
20125,1.816
20126,27.466
20127,0.55
20128,8.387
20129,1.371
20130,19.419
20131,116.636
20132,1.285
20133,2.681
20134,34.587
20135,18.971
20136,26.184
20137,0.0
20138,1.904
20139,0.0
20140,0.0
20141,40.885
20142,5.091
20143,34.304
20144,4.617
20145,136.22
20146,3.741
20147,0.0
20148,0.0
20149,6.781
20150,55.241
20151,0.78
20152,3.064
20153,30.479
20154,0.195
20155,3.043
20156,10.867
20157,409.49
20158,0.0
20159,0.0
20160,2.45
20161,0.0
20162,1.09
20163,5.806
20164,5.536
20165,15.027
20166,19.752
20167,2.525
20168,3.494
20169,1.726
20170,3.827
20171,12.188
20172,0.901
20173,1.193
20174,8.576
20175,0.562
20176,7.255
20177,31.037
20178,96.677
20179,5.083
20180,18.168
20181,0.0
20182,1.042
20183,1.417
20184,13977.573
20185,20.501
20186,0.0
20187,1.558
20188,35.841
20189,0.649
20190,65.851
20191,0.0
20192,5.824
20193,10.257
20194,36.644
20195,1.297
20196,1.247
20197,29.102
20198,35.792
20199,0.0
20200,5.969
20201,0.0
20202,21.783
20203,6.431
20204,0.192
20205,4.616
20206,3.71
20207,1.657
20208,7.97
20209,0.597
20210,0.708
20211,0.0
20212,0.0
20213,4.202
20214,3.743
20215,3.819
20216,0.938
20217,0.0
20218,2.143
20219,22.297
20220,0.0
20221,0.0
20222,1.3
20223,0.0
20224,1.772
20225,9.054
20226,3.956
20227,266.502
20228,6.877
20229,2.751
20230,0.623
20231,0.0
20232,53.309
20233,5.482
20234,2.544
20235,15.5
20236,0.0
20237,4.787
20238,1.825
20239,0.0
20240,0.0
20241,11.374
20242,3.259
20243,78.787
20244,5.65
20246,6.384
20247,7.303
20248,40.764
20249,6.001
20250,1.898
20251,1.283
20252,2.436
20253,1.162
20254,4.589
20255,3.976
20256,0.0
20257,1.088
20258,1.606
20259,14.991
20260,5.449
20261,2.463
20262,1.597
20263,17.561
20264,0.31
20265,6.116
20266,9.61
20267,0.0
20268,3.189
20269,5.55
20270,4.343
20271,0.675
20272,17.782
20273,2.443
20274,1.396
20275,9.148
20276,0.0
20277,18.678
20278,61.067
20279,16.435
20280,8.638
20281,0.342
20282,0.0
20283,2.161
20284,28.202
20285,20.01
20286,9.689
20287,4.233
20289,2.601
20290,1.128
20291,3.512
20293,431.314
20294,17.19
20295,87.312
20296,0.0
20297,1.287
20298,215.179
20299,12.071
20300,54.229
20301,9.179
20302,23.326
20303,19.311
20304,0.0
20305,35.97
20306,0.0
20307,12.442
20308,14.045
20309,21.923
20310,21.694
20311,1.631
20312,25.791
20313,11.304
20314,4.301
20315,4.375
20316,2.404
20317,0.0
20318,536.87
20319,1.397
20320,0.0
20321,0.0
20322,2.371
20323,0.0
20324,338.042
20325,28.567
20326,2.435
20327,46.437
20328,48.618
20329,3.457
20330,8.044
20331,13.905
20332,0.0
20333,4.16
20334,276.594
20335,0.0
20336,0.921
20337,22.019
20338,62.719
20339,15.584
20340,1.695
20342,7.679
20343,4.246
20344,2.853
20345,7.878
20346,7.88
20347,13.589
20348,20.939
20349,9.132
20350,102.175
20351,2.233
20352,3.475
20353,4.609
20354,0.0
20355,2.795
20356,28.234
20357,1.111
20358,2.261
20359,0.0
20360,10.379
20361,0.0
20362,10.797
20363,30.704
20364,81.209
20365,2.077
20366,10.391
20367,32.75
20368,28.594
20369,14.826
20370,0.0
20371,1.623
20372,0.0
20373,0.858
20374,1.384
20375,49.199
20376,0.0
20377,8.996
20378,7.362
20379,1.594
20380,17.422
20381,15.863
20382,1.115
20383,0.0
20384,13.718
20385,631.258
20386,0.0
20387,9.297
20388,0.0
20389,3.574
20390,394.911
20391,2.235
20392,0.0
20393,6.804
20394,1.962
20395,0.707
20396,5.741
20397,209.863
20398,24.988
20399,138.449
20400,6.712
20401,115.75
20402,9.413
20403,101.574
20404,4.082
20405,114.185
20406,12.378
20407,5.487
20409,524.03
20410,4.676
20411,3.951
20412,55.865
20413,310.687
20414,41.744
20415,8.423
20416,9.459
20417,10.281
20418,42.424
20419,2.757
20420,0.0
20421,16.444
20422,0.373
20424,0.0
20425,0.555
20426,0.0
20427,20.625
20428,0.554
20429,3.705
20430,0.087
20431,3.864
20432,2.876
20433,2.833
20434,0.0
20435,5.739
20436,7.205
20437,26.329
20438,6.812
20439,121.679
20440,1.54
20441,182.278
20442,0.368
20443,0.0
20444,0.625
20445,0.235
20446,0.0
20447,44.562
20448,0.0
20449,9.76
20450,2.014
20451,1.79
20452,37.429
20453,11.055
20454,0.802
20455,4.136
20456,2.511
20457,1.851
20458,0.0
20459,23.025
20460,2.117
20461,2.89
20462,15.573
20463,0.0
20464,0.0
20465,2.151
20466,4.837
20467,77.994
20468,7.921
20469,79.742
20470,2.967
20471,0.0
20472,13.286
20473,0.685
20474,9.045
20475,296.205
20476,2.518
20477,0.369
20478,1.321
20479,0.0
20480,0.0
20481,0.0
20482,262.094
20483,25.35
20484,5.008
20485,4.294
20486,6.166
20487,0.879
20488,0.0
20489,8.783
20490,0.0
20491,0.335
20492,1.113
20493,0.0
20494,0.0
20495,1.446
20496,0.0
20497,49.009
20498,2.555
20499,11.467
20500,7.538
20501,0.0
20502,2.452
20503,2.501
20504,7.208
20505,23.535
20506,6.237
20507,11.484
20508,4.713
20509,16.014
20510,0.508
20511,3.859
20512,0.703
20513,38.461
20514,0.0
20515,267.775
20516,8.637
20517,188.968
20518,0.0
20519,39.348
20520,13.904
20521,0.0
20522,4.488
20523,2.195
20524,1.425
20525,52.707
20526,43.97
20527,1.17
20528,2.295
20529,0.0
20530,20.877
20531,32.297
20532,1.597
20533,27.318
20534,19.955
20535,1.834
20536,0.0
20537,16.995
20538,1.979
20539,19.222
20540,25.576
20541,1.31
20542,2.747
20543,10.441
20544,3.368
20545,35.779
20546,103.734
20547,6.379
20548,7.903
20549,16.861
20550,53.164
20551,182.245
20552,1.97
20553,290.37
20554,8.557
20555,4.305
20556,0.0
20557,82.036
20558,0.0
20559,32.197
20560,54.386
20561,14.072
20562,17.989
20563,0.0
20564,6.178
20565,243.15
20566,1.077
20567,3.905
20568,10.489
20569,0.0
20570,151.482
21001,1748.276
21002,19.992
21003,163.112
21004,926.978
21005,56.324
21006,17.952
21007,4.982
21008,15.952
21009,4.63
21010,1014.84
21011,9.69
21012,6.08
21013,390.134
21014,5.599
21015,15898.273
21016,24.199
21017,98.057
21018,2.763
21019,2711.117
21020,66.043
21021,3.08
21022,38.885
21023,13.633
21024,0.0
21025,27.288
21026,41.881
21027,1.653
21028,10.859
21029,17.18
21030,1.017
21031,12.721
21032,2.096
21033,48.69
21034,1239.429
21035,225.943
21036,5.613
21037,1.173
21038,347.144
21039,7.358
21040,33.301
21041,207368.574
21042,8.946
21043,99.254
21044,27.579
21045,363.155
21046,130.954
21047,78.267
21048,105.971
21049,5.118
21050,7.84
21051,3908.468
21052,12.685
21053,318.155
21054,354.634
21055,11.823
21056,2.886
21057,9.085
21058,30.736
21059,8.561
21060,13.916
21061,2.495
21062,10.873
21063,70.688
21064,28.728
21065,36.765
21066,11.953
21067,135.223
21068,3.589
21069,35.655
21070,9.41
21071,277.674
21072,42.368
21073,50.651
21074,51791.901
21075,120.531
21076,88.097
21077,6.832
21078,17.785
21079,17.578
21080,3.453
21081,10.346
21082,27.14
21083,20.728
21084,32.399
21085,400.514
21086,0.0
21087,53.39
21088,5.127
21089,35.753
21090,1071.756
21091,30.177
21092,9.663
21093,0.267
21094,145.234
21095,25.561
21096,8.619
21097,6.703
21098,12.612
21099,35.505
21100,12.242
21101,4.513
21102,222.476
21103,51.676
21104,7063.999
21105,5.484
21106,467.705
21107,11.541
21108,53.838
21109,128.611
21110,7588.53
21111,22.392
21112,47.237
21113,6.574
21114,115056.603
21115,559.814
21116,2.912
21117,2796.826
21118,94.613
21119,7026.78
21120,4.415
21121,11.95
21122,25.792
21123,0.0
21124,240.571
21125,2114.204
21126,5.221
21127,3.707
21128,105948.313
21129,132.074
21130,3.941
21131,10.67
21132,18347.924
21133,0.0
21134,183.922
21135,2.374
21136,20143.677
21137,17.528
21138,76.365
21139,11.086
21140,6155.365
21141,16.09
21142,252.368
21143,549.243
21144,1712.247
21145,4.064
21146,6.986
21147,28.933
21148,221.799
21149,1260.617
21150,11.481
21151,61.788
21152,18.358
21153,7420.574
21154,3405.615
21155,18.681
21156,16754.093
21157,49.199
21158,5.002
21159,17.251
21160,16.833
21161,3204.052
21162,11.83
21163,62.286
21164,957.499
21165,5.808
21166,16.759
21167,3.676
21168,27.401
21169,77.588
21170,500.466
21171,89.947
21172,42.489
21173,22.562
21174,5621.752
21175,16.992
21176,26.028
21177,531.588
21178,8.965
21179,101.703
21180,1033.383
21181,11.967
21182,90.239
21183,11.017
21184,8.729
21185,46.17
21186,857.81
21187,4.563
21188,54.351
21189,335.588
21190,0.0
21191,51.155
21192,9.551
21193,7.944
21194,690.201
21195,40.674
21196,2.009
21197,533.652
21198,2.069
21199,290.225
21200,33.413
21201,6.852
21202,30.761
21203,15.604
21204,13.509
21205,2908.876
21206,5.095
21207,144.377
21208,548.579
21209,43.213
21210,19.324
21211,64.597
21212,90.706
21213,17.215
21214,146.948
21215,14.664
21216,4.41
21217,17.1
22001,322.013
22002,15.628
22003,21.884
22004,609.186
22005,33913.899
22006,36777.737
22007,2688.903
22008,3084.492
22009,70.599
22010,10.51
22011,162652.408
22012,6529.37
22013,12.634
22014,300566.136
22015,15.15
22016,116192.902
22017,1328.729
22018,53.429
23001,554.896
23002,162.806
23003,115.236
23004,4202.407
23005,10485.852
23006,43.847
23007,59.893
23008,2390.813
23009,236.806
23010,68.239
23011,2595.878
24001,100.083
24002,3.19
24003,165.565
24004,0.0
24005,87.798
24006,4.147
24007,74.028
24008,5904.698
24009,0.0
24010,47.3
24011,341.174
24012,21.484
24013,5990.249
24014,23.82
24015,794.955
24016,222.634
24017,10.489
24018,1778.667
24019,0.997
24020,6829.628
24021,3650.015
24022,237.325
24023,40.215
24024,1979.367
24025,417.923
24026,5.944
24027,32.388
24028,317820.972
24029,10.136
24032,157.695
24033,1.658
24034,34.899
24035,10370.36
24036,2131.356
24037,119.933
24038,6.89
24039,14.759
24040,15997.194
24041,19.652
24042,45.807
24043,30.936
24044,14.271
24045,988.001
24046,75.532
24047,3.999
24048,26.05
24049,135.793
24050,257081.746
24051,23.131
24052,9.777
24053,51.585
24054,48.348
24055,33.279
24056,69.112
24057,45.422
24058,1898.817
24059,33482.478
25001,16110.002
25002,224.67
25003,26.021
25004,239.843
25005,35.839
25006,43176.314
25007,47.52
25008,130.031
25009,432.599
25010,5890.172
25011,5186.6
25012,30485.784
25013,57.746
25014,692.513
25015,539.169
25016,43.496
25017,116.758
25018,1175.807
25019,616.41
25020,137.578
26001,29.271
26002,7014.531
26003,47.162
26004,27.465
26005,2.62
26006,4.897
26007,0.0
26008,1.331
26009,2.467
26010,1.376
26011,5.224
26012,339.211
26013,7.651
26014,9.882
26015,0.0
26016,41.016
26017,651.218
26018,56351.303
26019,899.251
26020,17.934
26021,0.698
26022,0.642
26023,2897.906
26024,0.521
26025,5085.854
26026,242.269
26027,22.249
26028,4.449
26029,8980.77
26030,225988.066
26031,0.0
26032,4.897
26033,466.688
26034,1.145
26035,88.469
26036,1384.344
26037,11.069
26038,41.481
26039,86.423
26040,2.668
26041,56923.591
26042,21733.093
26043,34380.319
26044,2.566
26045,17.626
26047,87.031
26048,711.441
26049,1.86
26050,24.525
26051,13.826
26052,15.669
26053,0.0
26054,0.0
26055,5153.846
26056,13.978
26057,6.723
26058,911.664
26059,0.0
26060,0.0
26061,0.0
26062,3.284
26063,3.686
26064,3.896
26066,83.135
26067,2.819
26068,2.203
26069,15.325
26070,38.946
26071,689.169
26072,39.785
27001,121.295
27002,5689.432
27003,231.159
27004,45735.935
27005,1166.616
27006,483.895
27007,124.343
27008,4175.109
27009,692.746
27010,152.811
27011,52.348
27012,20300.86
27013,262.981
27014,362.313
27015,212.154
27016,299.846
27017,183.379
28001,15.404
28002,169.915
28003,132055.971
28004,29.093
28005,6.866
28006,5.072
28007,80.03
28008,0.0
28009,59873.394
28010,2.795
28011,182.933
28012,284.187
28013,2.342
28014,8.66
28015,259.413
28016,28.833
28017,546.685
28018,14.203
28019,24.056
28020,0.0
28021,1921.809
28022,59728.621
28023,1.652
28024,26.723
28025,138.858
28026,11.958
28027,38818.183
28028,6.161
28029,21.821
28030,24.299
28031,6.192
28032,113513.183
28033,6213.198
28034,4.478
28035,344.412
28037,72.754
28038,3310.15
28039,64.62
28040,2636.02
28041,3812.278
28042,1.752
28043,49.005
29001,34.227
29002,635.52
29003,1650.681
29004,361.962
29005,19978.624
29006,2346.663
29007,228.612
29008,3528.218
29009,6.673
29010,1057.026
29011,11.952
29012,21.015
29013,14706.576
29014,227.687
29015,3462.679
29016,42.689
29017,99.188
29018,1617.486
29019,2469.105
29020,30.073
29021,527.101
29022,10.133
29023,167.066
29024,96.38
29025,969.082
29026,152.62
29027,74.081
29028,7492.68
29029,36.81
29030,25.579
29031,31443.411
29032,305.646
29033,1040.185
29034,2057.082
29035,19.241
29036,66.834
29037,2326.589
29038,2441.186
29039,2905.64
29040,22.861
29041,13011.418
29042,7799.29
29043,970.957
29044,261.801
29045,15.386
29046,48.809
29047,13.578
29048,2153.956
29049,45.809
29050,43.2
29051,8.241
29052,26.589
29053,185.045
29054,37.236
29055,16.274
29056,30.335
29057,14.234
29058,36.801
29059,1273.732
29060,1316.942
30001,174.957
30002,25.185
30003,450.489
30004,34.956
30005,4.804
30006,15.63
30007,22.409
30008,6.403
30009,158.241
30010,861.377
30011,4083.99
30012,4.092
30013,77.529
30014,7338.758
30015,75.805
30016,3079.208
30017,5887.749
30018,0.918
30019,5.911
30020,14.613
30021,952.614
30022,36.777
30023,187.1
30024,722.693
30025,15.062
30026,446.216
30027,7.18
30028,1161.484
30029,4.168
30030,169.632
30031,6.07
30032,114.364
30033,15.02
30034,38.54
30035,29.206
30036,48.453
30037,19.143
30038,18179.892
30039,95602.266
30040,54.316
30041,3.092
30042,6.906
30043,42.584
30044,27445.752
30045,1158.498
30046,173.084
30047,307.667
30048,32417.186
30049,622.92
30050,29.841
30051,56.0
30052,3212.717
30053,2496.561
30054,8.678
30055,8.196
30056,5.998
30057,14.598
30058,22.526
30059,11701.749
30060,47.783
30061,118.948
30062,41.047
30063,24.546
30064,5.689
30065,905.626
30066,27.968
30067,33.032
30068,5191.609
30069,63.13
30070,12.459
30071,1480.725
30072,25.513
30073,1673.841
30074,1732.373
30075,23.833
30076,0.809
30077,550.44
30078,27.52
30079,18.676
30080,41.943
30081,33.635
30082,3474.555
30083,20.826
30084,10.44
30085,42109.459
30086,337.591
30087,3334.386
30088,12.254
30089,1622.846
30090,16.397
30091,298.094
30092,150.974
30093,20.524
30094,107.829
30095,28.501
30096,1.432
30097,2469.885
30098,3.931
30099,71.579
30100,1092.577
30101,28.096
30102,2693.64
30103,18.73
30104,21.219
30105,3687.769
30106,85.237
30107,0.0
30108,81328.251
30109,305.038
30110,2.197
30111,27.315
30112,453.879
30113,7.665
30114,14.309
30115,53.866
30116,90.698
30117,20.596
30118,26500.957
30119,57.591
30120,71.249
30121,49.897
30122,89.471
30123,9500.643
30124,393.976
30125,1369.658
30126,16.9
30127,26.177
30128,3181.552
30129,42.672
30130,130.852
30131,4088.713
30132,88.899
30133,277.412
30134,2166.172
30135,68.341
30136,15.3
30137,0.0
30138,178.392
30139,0.0
30140,2.655
30141,638.179
30142,58.823
30143,61.532
30144,184.745
30145,13.951
30146,4.228
30147,27.368
30148,84.258
30149,33.717
30150,129.296
30151,19.572
30152,13.121
30153,5.166
30154,15.186
30155,137.394
30156,0.0
30157,19.59
30158,20.031
30159,12.387
30160,1488.078
30161,154.287
30162,2.733
30163,4.248
30164,62.378
30165,13.564
30166,4.92
30167,17.332
30168,14.253
30169,956.025
30170,2.472
30171,12.113
30172,45.167
30173,3502.946
30174,3300.489
30175,242.861
30176,15.885
30177,13.633
30178,57.343
30179,36.785
30180,4.903
30181,72.148
30182,21.863
30183,185.646
30184,5.087
30185,17.306
30186,25.633
30187,6.953
30188,25.827
30189,1872.751
30190,5.111
30191,2941.137
30192,215.527
30193,76930.79
30194,197.221
30195,20.454
30196,20.642
30197,14.092
30198,4.25
30199,42.537
30200,8.046
30201,45.806
30202,3.974
30203,28.83
30204,77.125
30205,2941.597
30206,1504.536
30207,9660.472
30208,5184.13
30209,45.223
30210,16.052
30211,2799.984
30212,11.673
31001,10.708
31002,587.546
31003,177.644
31004,2026.202
31005,6.755
31006,51.147
31007,34.398
31008,7.798
31009,18.328
31010,14.991
31011,43.407
31012,21.061
31013,400.05
31014,4.321
31015,10.639
31016,33.236
31017,6.227
31018,10.467
31019,94.646
31020,21.37
31021,16.264
31022,38.835
31023,29.546
31024,42.841
31025,25.32
31026,13.14
31027,33.284
31028,7.741
31029,23.472
31030,16.951
31031,7.75
31032,111.211
31033,722.149
31034,19.501
31035,28.596
31036,30.801
31037,168.502
31038,3241.091
31039,104.662
31040,625.871
31041,11284.007
31042,10.074
31043,18.71
31044,52.418
31045,6.831
31046,33.299
31047,28.38
31048,73.358
31049,46.616
31050,65206.479
31051,129.819
31052,477.082
31053,212.232
31054,7.904
31055,23.042
31056,121.897
31057,22.668
31058,126.069
31059,1857.034
31060,5.78
31061,992.419
31062,13.819
31063,25.419
31064,14.744
31065,5.638
31066,13.399
31067,37.575
31068,9.077
31069,45.101
31070,25.76
31071,5.782
31072,4.168
31073,49.346
31074,15.114
31075,75.476
31076,198.803
31077,7.69
31078,75.14
31079,404.551
31080,448.91
31081,19.485
31082,15.63
31083,10.607
31084,92.893
31085,142.057
31086,11.861
31087,9.616
31088,9.314
31089,619.097
31090,14.994
31091,54.492
31092,21.141
31093,1108.257
31094,22.92
31095,113.93
31096,1034.879
31097,12.772
31098,57.072
31099,19.552
31100,146.807
31101,20377.242
31102,769.48
31103,14.606
31104,32.119
31105,21.525
31106,4.587
32001,13.793
32002,6.908
32003,3.44
32004,15.026
32005,21776.527
32006,57.897
32007,17.823
32008,27.963
32009,16.092
32010,6063.705
32011,7.843
32012,4.228
32013,119.912
32014,25.037
32015,1.58
32016,62.054
32017,8757.322
32018,11.695
32019,178.115
32020,683.506
32021,3.482
32022,102.249
32023,96.879
32024,301.036
32025,38.815
32026,6.672
32028,3.944
32029,1524.939
32030,15.687
32031,21.276
32032,4509.241
32033,11.045
32034,131.727
32035,2.388
32036,1492.941
32037,115.293
32038,69.545
32039,769.871
32040,18.824
32041,2.844
32042,130.341
32043,3.185
32044,1085.401
32045,24.545
32046,6.514
32047,20.758
32048,132.729
32049,69.229
32050,13.759
32051,61.268
32052,61.366
32053,21.282
32054,25.566
32055,106.14
32056,1097.916
32057,57.85
32058,10.401
