CVEGEO,highways
01001,1
01008,1
01011,1
01009,1
01007,1
01006,1
01004,1
01005,1
01010,1
01003,1
01002,1
02007,1
02003,1
02004,1
02001,1
02006,1
02005,1
02002,1
03001,1
03008,1
03003,1
03002,1
03009,1
04008,1
04005,1
04003,1
04012,1
04001,1
04010,1
04006,1
04011,1
04004,1
04013,1
04002,1
04009,1
04007,1
05010,1
05036,1
05018,1
05029,1
05007,1
05032,1
05006,1
05003,1
05012,1
05009,1
05005,1
05004,1
05016,1
05035,1
05014,1
05008,1
05019,1
05038,1
05037,1
05001,1
05017,1
05002,1
05026,1
05021,1
05013,1
05024,1
05020,1
05023,1
05022,1
05015,1
05011,1
05034,1
05033,1
05031,1
05030,1
05028,1
05027,1
05025,1
06009,1
06005,1
06010,1
06008,1
06002,1
06007,1
06006,1
06003,1
06001,1
06004,1
07106,1
07090,1
07022,1
07073,1
07042,1
07036,1
07121,1
07119,1
07124,1
07123,1
07067,1
07091,1
07114,1
07069,1
07081,1
07080,1
07065,1
07077,1
07086,1
07010,1
07011,1
07024,1
07028,1
07122,1
07001,1
07002,1
07003,1
07004,1
07005,1
07006,1
07007,1
07029,1
07012,1
07013,1
07014,1
07015,1
07016,1
07019,1
07020,1
07021,1
07033,1
07053,1
07025,1
07026,1
07027,1
07030,1
07031,1
07055,1
07023,1
07034,1
07075,1
07076,1
07038,1
07039,1
07040,1
07041,1
07043,1
07044,1
07045,1
07046,1
07048,1
07052,1
07056,1
07054,1
07072,1
07111,1
07110,1
07051,1
07050,1
07049,1
07096,1
07097,1
07099,1
07058,1
07060,1
07070,1
07063,1
07057,1
07101,1
07102,1
07103,1
07104,1
07079,1
07120,0
07107,1
07108,1
07109,1
07085,1
07088,1
07093,1
07098,1
07100,1
07105,1
07112,1
07087,1
07113,1
07115,1
07117,1
07118,1
07047,1
07092,1
07018,1
07059,1
07061,1
07064,1
07066,1
07071,1
07078,1
07032,1
07125,1
07035,1
07062,1
07037,1
07068,1
07074,1
07082,1
07083,1
07084,1
07089,1
07008,1
07009,1
07017,1
07116,1
07094,1
08037,1
08021,1
08019,1
08001,1
08006,1
08052,1
08020,0
08041,1
08055,1
08032,1
08017,1
08043,1
08016,1
08023,1
08059,1
08015,1
08049,1
08036,1
08060,1
08007,1
08008,1
08051,1
08067,1
08062,1
08061,1
08029,1
08003,1
08014,1
08018,1
08054,1
08058,1
08002,1
08065,1
08063,1
08022,1
08066,1
08004,1
08009,1
08010,1
08011,1
08012,1
08013,1
08053,1
08057,1
08044,1
08031,1
08056,1
08045,1
08046,1
08047,0
08025,1
08048,1
08024,1
08064,1
08050,1
08026,1
08027,1
08028,1
08030,1
08033,1
08034,1
08035,1
08038,1
08039,1
08040,1
08042,1
08005,1
09005,1
09007,1
09015,0
09017,0
09013,1
09003,1
09008,1
09009,1
09010,1
09014,1
09011,1
09006,0
09002,0
09012,1
09004,1
09016,1
10009,1
10017,1
10036,1
10021,1
10034,1
10024,1
10012,1
10039,1
10018,1
10011,1
10005,1
10010,1
10030,1
10029,1
10023,1
10033,1
10016,1
10003,1
10004,1
10006,1
10025,1
10008,1
10027,1
10001,1
10035,1
10014,1
10022,1
10038,1
10037,1
10019,1
10028,1
10026,1
10015,1
10031,1
10007,1
10020,1
10032,1
10013,1
10002,1
11044,1
11017,1
11037,1
11010,1
11031,1
11015,1
11034,1
11036,1
11030,1
11026,1
11009,1
11016,1
11024,1
11029,1
11011,1
11027,1
11025,1
11003,1
11004,1
11005,1
11043,1
11022,1
11014,1
11045,1
11001,1
11033,1
11006,1
11002,1
11012,1
11013,1
11007,1
11019,1
11035,1
11018,1
11008,1
11041,1
11028,1
11040,1
11042,1
11039,1
11032,1
11023,1
11038,1
11046,1
11021,1
11020,1
12021,1
12060,1
12063,1
12082,1
12024,1
12058,1
12010,1
12011,1
12012,1
12004,1
12068,1
12043,1
12007,1
12057,1
12066,1
12056,1
12001,1
12075,1
12055,1
12006,1
12037,1
12085,1
12027,1
12015,1
12074,1
12014,1
12018,1
12072,1
12009,1
12081,1
12084,1
12071,1
12070,1
12083,1
12079,1
12076,1
12065,1
12073,1
12064,1
12019,1
12005,1
12030,1
12069,1
12036,1
12080,1
12078,1
12077,1
12023,1
12048,1
12053,1
12054,1
12047,1
12049,1
12050,1
12051,1
12045,1
12046,1
12040,1
12013,1
12062,1
12041,1
12042,1
12044,1
12038,1
12039,1
12002,1
12003,1
12034,1
12035,1
12031,1
12032,1
12033,1
12028,1
12029,1
12008,1
12025,1
12026,1
12059,1
12061,1
12052,1
12067,1
12016,1
12017,1
12020,1
12022,1
13031,1
13005,1
13075,1
13028,1
13045,1
13021,1
13001,1
13002,1
13049,1
13003,1
13030,1
13023,1
13004,1
13027,1
13022,1
13020,1
13074,1
13070,1
13018,1
13029,1
13071,1
13076,1
13046,1
13065,1
13061,1
13047,1
13078,1
13063,1
13017,1
13083,1
13072,1
13067,1
13026,1
13062,1
13044,1
13016,1
13015,1
13014,1
13068,1
13084,1
13081,1
13043,1
13066,1
13013,1
13025,1
13048,1
13038,1
13052,1
13037,1
13036,1
13053,1
13012,1
13011,1
13010,1
13009,1
13008,1
13007,1
13006,1
13054,1
13055,1
13080,1
13079,1
13035,1
13073,1
13034,1
13019,1
13077,1
13051,1
13082,1
13064,1
13024,1
13041,1
13060,1
13059,1
13032,1
13058,1
13057,1
13050,1
13056,1
13042,1
13040,1
13069,1
13039,1
13033,1
14018,1
14097,1
14114,1
14113,1
14112,1
14111,1
14110,1
14109,1
14124,1
14065,1
14116,1
14117,1
14118,1
14119,1
14014,1
14015,1
14017,1
14043,1
14106,1
14107,1
14108,1
14115,1
14075,1
14077,1
14078,1
14074,1
14076,1
14069,1
14123,1
14122,1
14121,1
14120,1
14002,1
14003,1
14005,1
14055,1
14086,1
14098,1
14025,1
14027,1
14028,1
14101,1
14022,1
14039,0
14044,1
14051,1
14070,1
14125,1
14071,1
14068,1
14067,1
14066,1
14064,1
14063,1
14062,1
14061,1
14060,1
14059,1
14058,1
14057,1
14056,1
14054,1
14053,1
14052,1
14050,1
14031,1
14049,1
14048,1
14047,1
14046,1
14045,1
14042,1
14041,1
14040,1
14038,1
14037,1
14036,1
14035,1
14034,1
14033,1
14004,1
14019,1
14001,1
14006,1
14007,1
14008,1
14009,1
14072,1
14080,1
14081,1
14082,1
14083,1
14084,1
14085,1
14087,1
14088,1
14089,1
14094,1
14095,1
14096,1
14032,1
14030,1
14029,1
14026,1
14024,1
14023,1
14021,1
14020,1
14016,1
14011,1
14013,1
14010,1
14012,1
14073,1
14079,1
14093,1
14099,1
14100,1
14102,1
14103,1
14104,1
14105,1
14090,1
14091,1
14092,1
15116,1
15072,1
15003,1
15007,1
15094,1
15032,1
15081,1
15071,1
15070,1
15026,1
15061,1
15057,1
15120,1
15110,1
15030,1
15044,1
15093,1
15108,1
15111,1
15016,1
15112,1
15113,1
15123,1
15074,1
15125,1
15053,1
15055,1
15073,1
15015,1
15014,1
15056,1
15054,1
15076,1
15060,1
15083,1
15024,1
15059,1
15009,1
15067,1
15031,1
15092,1
15066,1
15098,1
15025,1
15077,1
15078,1
15096,1
15104,1
15107,1
15100,1
15082,1
15058,1
15064,1
15109,1
15023,1
15040,1
15039,1
15005,1
15086,1
15042,1
15049,1
15052,1
15103,1
15050,1
15101,1
15090,1
15062,1
15105,1
15068,1
15080,1
15106,1
15118,1
15036,1
15013,1
15124,1
15117,1
15046,1
15115,1
15045,1
15006,1
15012,1
15034,1
15041,1
15017,1
15102,1
15089,1
15029,1
15087,1
15069,0
15084,1
15119,1
15008,1
15011,1
15121,1
15075,1
15018,1
15019,1
15020,1
15022,1
15047,1
15001,1
15048,1
15028,1
15063,1
15051,1
15085,1
15088,1
15027,1
15122,1
15099,1
15004,1
15043,1
15035,1
15065,1
15079,1
15010,1
15037,1
15038,1
15091,1
15033,1
15097,1
15114,1
15095,1
15021,1
15002,1
16045,1
16093,1
16092,1
16088,1
16085,1
16084,1
16074,1
16055,1
16061,1
16073,1
16104,1
16089,1
16103,1
16102,1
16071,1
16064,1
16063,1
16062,1
16060,1
16059,1
16058,1
16057,1
16056,1
16079,1
16078,1
16018,1
16019,1
16020,1
16021,1
16022,1
16067,1
16072,1
16086,1
16087,1
16047,1
16046,1
16012,1
16065,1
16066,1
16068,1
16069,1
16070,1
16083,1
16002,1
16094,1
16095,1
16100,1
16105,1
16101,1
16111,1
16034,1
16017,1
16016,1
16015,1
16014,1
16053,1
16052,1
16051,1
16050,1
16049,1
16042,1
16041,1
16038,1
16037,1
16036,1
16035,1
16023,1
16025,1
16040,1
16039,1
16026,1
16027,1
16028,1
16029,1
16030,1
16054,1
16033,1
16076,1
16075,1
16080,1
16081,1
16082,1
16099,1
16003,1
16090,1
16091,1
16048,1
16001,1
16024,1
16009,1
16008,1
16007,1
16006,1
16005,1
16004,1
16011,1
16010,1
16110,1
16109,1
16108,1
16107,1
16106,1
16013,1
16044,1
16043,1
16077,1
16032,1
16031,1
16098,1
16097,1
16096,1
16113,1
16112,1
17008,1
17003,1
17036,1
17029,1
17018,1
17014,1
17019,1
17006,1
17001,1
17025,1
17002,1
17026,1
17023,1
17004,1
17010,1
17017,1
17015,1
17022,1
17009,1
17011,1
17012,1
17024,1
17030,1
17013,1
17034,1
17020,1
17031,1
17021,1
17027,1
17016,1
17032,1
17033,1
17035,1
17007,1
17005,1
17028,1
18009,1
18003,1
18015,1
18014,1
18007,1
18005,1
18017,1
18013,1
18012,1
18011,1
18010,1
18002,1
18001,1
18018,1
18019,1
18004,1
18006,1
18020,1
18008,1
18016,1
19035,1
19036,1
19002,1
19013,1
19014,1
19032,1
19001,1
19031,1
19015,1
19043,1
19048,1
19047,1
19040,1
19037,1
19027,1
19020,1
19005,1
19019,1
19041,1
19008,1
19026,1
19051,1
19007,1
19050,1
19049,1
19034,1
19045,1
19038,1
19033,1
19010,1
19023,1
19009,1
19029,1
19030,1
19006,1
19028,1
19025,1
19046,1
19021,1
19003,1
19042,1
19018,1
19017,1
19016,1
19011,1
19044,1
19004,1
19022,1
19024,1
19039,1
19012,1
20155,1
20481,0
20378,1
20334,1
20437,1
20441,1
20446,1
20447,1
20469,1
20440,0
20513,0
20278,1
20457,0
20482,1
20329,1
20330,1
20170,1
20230,0
20184,1
20214,1
20220,1
20262,1
20266,1
20265,1
20318,1
20327,1
20556,1
20005,1
20517,1
20565,1
20503,1
20500,1
20059,1
20177,1
20364,1
20057,1
20544,0
20410,1
20435,1
20417,1
20439,1
20251,1
20467,1
20559,1
20169,1
20118,1
20568,1
20460,1
20044,1
20507,1
20515,1
20516,1
20051,1
20041,1
20042,1
20071,1
20223,1
20190,1
20097,1
20098,1
20101,1
20104,1
20413,1
20120,1
20121,1
20015,1
20125,1
20124,1
20020,1
20153,1
20141,1
20147,1
20150,1
20164,1
20204,1
20035,1
20202,1
20566,1
20217,1
20016,1
20229,1
20232,1
20235,1
20236,0
20525,1
20526,1
20052,1
20290,1
20043,1
20079,1
20207,1
20356,1
20340,1
20218,1
20386,1
20179,0
20524,1
20264,1
20333,1
20198,1
20365,0
20002,1
20006,1
20008,1
20009,1
20010,1
20414,1
20291,1
20298,1
20385,1
20023,1
20306,1
20310,1
20309,1
20324,1
20337,1
20351,1
20562,1
20426,1
20427,1
20021,1
20175,0
20466,1
20468,1
20470,1
20479,0
20498,1
20133,1
20134,1
20138,1
20149,1
20161,1
20159,1
20047,1
20094,1
20031,1
20279,1
20401,1
20367,1
20359,0
20511,0
20096,1
20504,1
20537,1
20543,1
20548,1
20076,1
20463,0
20436,0
20523,1
20054,1
20168,1
20185,1
20246,1
20277,1
20542,0
20357,1
20489,1
20490,1
20502,1
20163,1
20166,1
20237,1
20506,0
20508,1
20205,1
20271,1
20545,1
20546,1
20547,1
20186,1
20227,1
20261,1
20552,1
20550,1
20253,0
20254,1
20272,1
20273,0
20275,1
20551,1
20553,1
20493,1
20554,1
20555,1
20018,1
20036,1
20338,1
20344,1
20366,0
20377,1
20451,1
20404,1
20407,1
20558,1
20561,1
20056,1
20563,1
20497,1
20549,1
20564,1
20099,0
20491,1
20379,1
20494,1
20499,1
20058,1
20569,1
20570,1
20567,0
20423,1
20528,1
20112,1
20510,1
20129,1
20371,1
20424,0
20406,1
20422,1
20450,1
20075,1
20501,1
20505,1
20459,1
20477,1
20484,1
20485,1
20492,1
20495,0
20514,0
20534,1
20117,1
20512,1
20518,1
20206,1
20521,0
20001,0
20256,1
20003,1
20263,1
20004,1
20007,0
20267,1
20011,1
20027,1
20030,1
20519,1
20034,1
20013,1
20017,1
20049,1
20520,1
20019,1
20022,1
20024,1
20025,1
20026,1
20029,1
20032,1
20033,1
20050,1
20536,0
20037,1
20040,1
20045,1
20053,1
20046,1
20172,1
20048,0
20522,1
20456,1
20060,1
20061,1
20062,1
20063,1
20065,1
20069,1
20070,1
20072,1
20074,1
20078,1
20077,1
20081,1
20092,0
20080,1
20084,1
20082,1
20086,1
20083,1
20087,1
20089,1
20090,1
20091,1
20095,1
20100,1
20199,1
20102,1
20233,1
20103,1
20105,0
20107,1
20108,1
20109,1
20110,0
20111,1
20527,0
20116,1
20114,1
20115,1
20119,1
20014,1
20123,1
20122,1
20126,1
20127,1
20128,1
20529,1
20131,1
20130,1
20152,1
20132,1
20135,1
20136,1
20137,1
20139,1
20142,1
20140,1
20160,1
20143,1
20144,1
20145,1
20531,1
20146,1
20148,0
20151,0
20157,1
20248,1
20158,1
20162,0
20176,1
20165,1
20167,1
20530,1
20187,1
20171,1
20188,1
20173,1
20174,1
20191,1
20196,1
20178,1
20197,1
20180,1
20215,1
20181,1
20480,1
20182,1
20183,1
20189,1
20192,1
20193,1
20194,1
20195,1
20210,1
20200,1
20201,1
20203,0
20208,1
20209,1
20284,1
20219,1
20216,1
20221,1
20222,0
20541,1
20224,1
20225,1
20226,1
20228,1
20231,0
20239,1
20234,1
20240,1
20241,1
20242,1
20243,1
20244,1
20249,1
20245,1
20269,1
20247,1
20250,1
20255,0
20252,1
20257,1
20258,1
20259,0
20260,1
20268,1
20276,1
20281,1
20274,0
20532,1
20280,1
20533,1
20368,1
20282,0
20283,1
20535,1
20286,1
20285,1
20288,0
20289,1
20292,0
20380,1
20294,1
20295,1
20538,1
20296,1
20297,1
20304,0
20299,1
20300,1
20308,1
20301,1
20311,0
20302,1
20303,1
20305,1
20321,1
20332,1
20307,1
20312,1
20313,0
20314,1
20331,1
20315,1
20316,0
20317,1
20360,1
20319,0
20320,1
20322,1
20323,0
20325,1
20326,0
20328,0
20335,0
20336,1
20339,1
20341,1
20342,1
20343,1
20345,1
20346,1
20347,1
20539,1
20211,0
20212,0
20213,0
20348,1
20349,1
20540,1
20350,1
20352,0
20353,1
20354,1
20355,1
20358,1
20362,1
20361,0
20363,1
20373,1
20369,1
20370,1
20381,1
20372,1
20374,1
20293,1
20382,1
20375,0
20376,1
20383,1
20408,1
20384,1
20387,1
20411,1
20388,1
20106,1
20055,1
20390,1
20391,0
20418,1
20392,1
20393,1
20394,1
20395,0
20396,1
20397,1
20398,1
20399,1
20400,1
20402,1
20154,1
20156,1
20403,1
20419,1
20405,1
20409,1
20412,1
20415,1
20287,1
20416,0
20420,1
20421,1
20425,0
20428,0
20432,0
20429,1
20430,1
20431,1
20270,1
20433,0
20442,1
20438,0
20434,1
20444,1
20443,1
20445,1
20448,1
20449,1
20452,1
20453,1
20454,1
20455,1
20458,1
20461,1
20462,1
20464,1
20465,0
20471,0
20472,1
20473,1
20474,1
20475,1
20476,1
20389,1
20478,1
20012,1
20028,1
20039,1
20064,1
20066,1
20067,1
20068,1
20073,1
20085,1
20088,1
20483,1
20486,1
20093,0
20113,0
20487,1
20488,0
20496,1
20509,1
20557,1
20560,1
20038,1
20238,1
21053,1
21211,1
21206,1
21152,1
21027,1
21026,1
21015,1
21014,1
21010,1
21149,1
21004,1
21005,1
21006,1
21008,1
21146,1
21145,1
21003,1
21117,1
21165,1
21163,1
21113,1
21009,1
21039,1
21040,1
21041,1
21016,1
21087,1
21167,1
21166,1
21018,1
21054,1
21127,1
21129,1
21130,1
21213,1
21124,1
21169,1
21172,1
21179,1
21202,1
21203,1
21042,1
21043,1
21217,1
21101,1
21100,1
21099,1
21098,1
21096,1
21094,1
21093,1
21092,1
21012,1
21013,1
21007,1
21011,1
21022,1
21025,1
21037,1
21035,1
21033,1
21032,1
21031,1
21029,1
21045,1
21046,1
21002,1
21212,1
21199,1
21205,1
21201,1
21197,1
21195,1
21186,1
21185,1
21184,1
21158,1
21104,1
21123,0
21128,1
21126,1
21161,1
21079,1
21194,1
21190,1
21189,1
21188,1
21187,0
21177,1
21156,1
21155,1
21154,1
21153,1
21118,1
21119,1
21120,1
21125,1
21105,1
21175,1
21085,1
21164,1
21198,1
21133,1
21174,1
21176,1
21178,1
21134,1
21135,1
21208,1
21207,1
21180,1
21137,1
21001,1
21138,1
21139,1
21196,1
21140,1
21116,1
21141,1
21170,1
21052,1
21168,1
21143,1
21142,1
21023,1
21115,1
21114,1
21108,1
21112,1
21147,1
21204,1
21097,1
21148,1
21200,1
21151,1
21159,1
21050,1
21144,1
21051,1
21055,1
21056,1
21057,1
21058,1
21059,1
21063,1
21064,1
21065,1
21066,1
21067,1
21070,1
21071,1
21076,1
21038,1
21078,1
21047,1
21048,1
21049,1
21080,1
21132,1
21216,1
21072,1
21068,0
21171,1
21062,1
21061,1
21060,1
21181,1
21044,1
21036,1
21191,1
21215,1
21192,1
21193,1
21173,1
21073,1
21121,1
21083,1
21081,1
21075,1
21074,1
21111,1
21089,1
21210,1
21136,1
21077,1
21088,1
21131,1
21110,1
21183,1
21020,1
21028,1
21109,1
21030,1
21034,1
21090,1
21091,1
21095,1
21102,1
21103,1
21106,1
21107,1
21214,1
21019,1
21017,1
21024,1
21086,1
21084,1
21150,1
21082,1
21160,1
21157,1
21162,1
21209,1
21122,1
21182,1
21021,1
21069,1
22006,1
22011,1
22012,1
22001,1
22005,1
22004,1
22017,1
22003,1
22013,1
22007,1
22015,1
22018,1
22002,1
22008,1
22016,1
22014,1
22009,1
22010,1
23007,1
23009,1
23010,1
23008,1
23002,1
23006,1
23003,1
23011,1
23005,1
23001,1
23004,1
24016,1
24032,1
24051,1
24029,1
24033,1
24027,1
24025,1
24015,1
24059,1
24013,1
24002,1
24003,1
24004,1
24028,1
24050,1
24057,1
24049,1
24006,1
24018,1
24037,1
24038,1
24020,1
24001,1
24045,1
24026,1
24044,1
24039,1
24048,1
24055,1
24054,1
24053,1
24052,1
24019,1
24014,1
24017,1
24008,1
24056,1
24034,1
24010,1
24046,1
24047,1
24024,1
24023,1
24022,1
24009,1
24036,1
24007,1
24043,1
24042,1
24012,1
24035,1
24041,1
24021,1
24058,1
24005,1
24030,1
24040,1
24011,1
24031,1
25016,1
25015,1
25019,1
25020,1
25002,1
25018,1
25010,1
25009,1
25013,1
25011,1
25001,1
25007,1
25008,1
25012,1
25006,1
25005,1
25014,1
25004,1
25017,1
25003,1
26037,1
26036,1
26021,1
26054,1
26068,1
26046,1
26045,1
26041,1
26033,1
26034,1
26014,1
26026,1
26016,1
26044,1
26047,1
26043,1
26071,1
26029,1
26069,1
26025,1
26039,1
26055,1
26030,1
26035,1
26022,1
26050,1
26013,1
26012,1
26032,1
26053,1
26048,1
26057,1
26065,1
26066,1
26070,1
26072,1
26058,1
26017,1
26009,1
26020,1
26015,1
26059,1
26060,1
26001,1
26042,1
26067,1
26018,1
26023,1
26007,1
26028,0
26005,1
26003,1
26004,1
26008,1
26027,1
26031,1
26006,1
26064,1
26062,1
26052,1
26051,1
26010,1
26011,1
26019,1
26061,1
26024,1
26049,1
26063,1
26040,1
26038,1
26056,1
26002,1
27006,1
27005,1
27008,1
27004,1
27010,1
27003,1
27015,1
27014,1
27007,1
27011,1
27013,1
27017,1
27002,1
27001,1
27009,1
27016,1
27012,1
28009,0
28003,1
28022,1
28021,1
28013,1
28041,1
28014,1
28040,1
28010,1
28015,1
28039,1
28020,1
28027,1
28005,1
28007,1
28038,1
28026,1
28037,1
28019,1
28028,1
28025,1
28002,1
28001,1
28004,1
28029,1
28031,1
28035,1
28034,1
28006,1
28033,1
28043,1
28032,1
28023,1
28017,1
28042,1
28008,1
28016,1
28018,1
28011,1
28024,1
28036,1
28030,1
28012,1
29013,1
29051,1
29059,1
29011,1
29060,1
29009,1
29030,1
29021,1
29058,1
29046,1
29035,1
29025,1
29052,1
29031,1
29032,1
29024,1
29042,1
29053,1
29034,1
29006,1
29044,1
29049,1
29040,1
29026,1
29055,1
29022,1
29001,1
29037,1
29054,1
29036,1
29010,1
29033,1
29023,1
29050,1
29041,1
29057,1
29048,1
29020,1
29017,1
29056,1
29002,1
29007,1
29004,1
29012,1
29029,1
29028,1
29008,1
29047,1
29039,1
29005,1
29045,1
29016,1
29019,1
29014,1
29015,1
29018,1
29038,1
29043,1
29027,1
29003,1
30051,1
30056,1
30055,1
30054,1
30053,1
30183,1
30182,1
30181,1
30110,1
30111,1
30180,1
30178,1
30175,1
30201,1
30208,1
30207,1
30204,1
30202,1
30200,1
30186,1
30197,1
30196,1
30137,1
30184,1
30105,1
30043,1
30042,1
30019,1
30163,1
30115,1
30114,1
30113,1
30010,1
30097,1
30087,1
30149,1
30150,1
30148,1
30147,1
30064,1
30074,1
30168,1
30166,1
30165,1
30164,1
30126,1
30050,1
30046,1
30004,1
30128,1
30145,1
30146,1
30098,1
30107,1
30116,1
30131,1
30136,1
30138,1
30140,1
30156,1
30157,1
30158,1
30159,1
30160,1
30161,1
30162,1
30078,1
30167,1
30169,1
30185,1
30190,1
30003,1
30194,1
30199,1
30206,1
30011,1
30012,1
30015,1
30016,1
30017,1
30117,1
30044,1
30047,1
30049,1
30052,1
30099,1
30100,1
30198,1
30139,1
30041,1
30058,1
30135,1
30176,1
30120,1
30020,1
30021,1
30022,1
30023,1
30024,1
30025,1
30026,1
30027,1
30028,1
30029,1
30030,1
30033,1
30034,1
30065,1
30066,1
30067,1
30068,1
30070,1
30072,1
30073,1
30075,1
30112,1
30109,1
30141,1
30142,1
30143,1
30144,1
30151,1
30152,1
30153,1
30154,1
30155,1
30187,1
30188,1
30189,1
30191,1
30192,1
30195,1
30210,1
30211,1
30212,1
30048,1
30059,1
30209,1
30173,1
30205,1
30203,1
30031,1
30079,1
30069,1
30101,1
30103,1
30104,1
30106,1
30102,1
30108,1
30193,1
30177,1
30179,1
30174,1
30172,1
30171,1
30170,1
30134,1
30001,1
30133,1
30132,1
30122,1
30130,1
30129,1
30125,1
30124,1
30127,1
30123,1
30002,1
30005,1
30121,1
30119,1
30006,1
30118,1
30096,1
30095,1
30094,1
30093,1
30007,1
30008,1
30009,1
30071,1
30092,1
30091,1
30090,1
30089,1
30088,1
30086,1
30018,1
30035,1
30036,1
30037,1
30085,1
30084,1
30083,1
30082,1
30081,1
30038,1
30039,1
30040,1
30032,1
30080,1
30077,1
30076,1
30063,1
30062,1
30061,1
30013,1
30014,1
30060,1
30045,1
30057,1
31054,1
31051,1
31046,1
31045,1
31014,1
31029,1
31006,1
31093,1
31092,1
31061,1
31008,1
31011,1
31081,1
31017,1
31091,1
31096,1
31018,1
31059,1
31040,1
31085,1
31052,1
31048,1
31047,1
31036,1
31104,1
31101,1
31102,1
31071,1
31069,1
31067,1
31050,1
31065,1
31084,1
31079,1
31064,1
31001,1
31049,1
31032,1
31024,1
31022,1
31094,1
31106,1
31105,1
31103,1
31097,1
31095,1
31090,1
31088,1
31087,1
31086,1
31083,1
31082,1
31080,1
31055,1
31078,1
31077,1
31074,1
31073,1
31072,1
31070,1
31068,1
31063,1
31060,1
31053,1
31044,1
31066,1
31043,1
31020,1
31039,1
31037,1
31035,1
31034,1
31033,1
31031,1
31027,1
31026,1
31089,1
31025,1
31098,1
31042,1
31062,1
31075,1
31023,1
31016,1
31015,1
31013,1
31056,1
31057,1
31012,1
31010,1
31009,1
31007,1
31005,1
31004,1
31003,1
31076,1
31019,1
31028,1
31058,1
31021,1
31030,1
31038,1
31041,1
31099,1
31100,1
31002,1
32029,1
32028,1
32027,1
32026,1
32025,1
32024,1
32008,1
32031,1
32022,1
32018,1
32052,1
32016,1
32054,1
32006,1
32013,1
32007,1
32034,1
32053,1
32055,1
32003,1
32039,1
32038,1
32015,1
32017,1
32020,1
32023,1
32058,1
32036,1
32057,1
32030,1
32032,1
32056,1
32035,1
32005,1
32010,1
32001,1
32011,1
32002,1
32040,1
32041,1
32037,1
32021,1
32047,1
32045,1
32051,1
32050,1
32049,1
32048,1
32019,1
32033,1
32012,1
32046,1
32044,1
32004,1
32043,1
32042,1
32014,1
32009,1
