CVEGEO,n_industy
01001,4316
01008,63
01011,251
01009,58
01007,232
01006,168
01004,47
01005,865
01010,58
01003,259
01002,111
02007,53
02003,475
02004,4199
02001,1129
02006,210
02005,476
02002,2581
03001,360
03008,1329
03003,1260
03002,238
03009,92
04008,74
04005,121
04003,927
04012,56
04001,825
04010,59
04006,195
04011,73
04004,278
04013,415
04002,1029
04009,268
04007,36
05010,441
05036,17
05018,1241
05029,5
05007,63
05032,183
05006,145
05003,73
05012,2
05009,160
05005,4
05004,116
05016,12
05035,2315
05014,15
05008,2
05019,28
05038,47
05037,15
05001,2
05017,371
05002,376
05026,0
05021,24
05013,0
05024,150
05020,364
05023,33
05022,111
05015,3
05011,37
05034,17
05033,262
05031,111
05030,3008
05028,266
05027,527
05025,468
06009,595
06005,152
06010,611
06008,34
06002,897
06007,566
06006,18
06003,147
06001,174
06004,82
07106,745
07090,23
07022,16
07073,60
07042,34
07036,24
07121,12
07119,2
07124,39
07123,54
07067,35
07091,105
07114,87
07069,216
07081,258
07080,56
07065,447
07077,61
07086,197
07010,8
07011,22
07024,33
07028,35
07122,154
07001,119
07002,133
07003,108
07004,156
07005,26
07006,61
07007,1147
07029,34
07012,1095
07013,116
07014,63
07015,235
07016,24
07019,1174
07020,208
07021,79
07033,2
07053,7
07025,39
07026,112
07027,459
07030,124
07031,144
07055,24
07023,110
07034,309
07075,227
07076,52
07038,12
07039,42
07040,303
07041,161
07043,61
07044,74
07045,17
07046,132
07048,83
07052,277
07056,8
07054,166
07072,135
07111,720
07110,44
07051,222
07050,21
07049,98
07096,218
07097,525
07099,237
07058,65
07060,26
07070,25
07063,17
07057,260
07101,3540
07102,104
07103,53
07104,151
07079,103
07120,1
07107,415
07108,846
07109,196
07085,70
07088,19
07093,42
07098,43
07100,47
07105,54
07112,31
07087,127
07113,37
07115,24
07117,30
07118,36
07047,73
07092,70
07018,87
07059,637
07061,561
07064,89
07066,111
07071,93
07078,1870
07032,130
07125,0
07035,53
07062,56
07037,122
07068,126
07074,165
07082,25
07083,63
07084,27
07089,1384
07008,222
07009,283
07017,605
07116,28
07094,599
08037,2770
08021,614
08019,3099
08001,44
08006,13
08052,91
08020,4
08041,0
08055,35
08032,583
08017,714
08043,10
08016,4
08023,4
08059,19
08015,5
08049,6
08036,144
08060,30
08007,20
08008,4
08051,17
08067,23
08062,76
08061,4
08029,45
08003,34
08014,4
08018,0
08054,6
08058,1
08002,79
08065,14
08063,7
08022,3
08066,4
08004,24
08009,89
08010,59
08011,155
08012,7
08013,64
08053,16
08057,7
08044,12
08031,92
08056,2
08045,145
08046,1
08047,6
08025,22
08048,105
08024,15
08064,3
08050,219
08026,3
08027,102
08028,13
08030,13
08033,2
08034,9
08035,7
08038,5
08039,17
08040,78
08042,4
08005,81
09005,3640
09007,7805
09015,4003
09017,1601
09013,1394
09003,1513
09008,541
09009,579
09010,1590
09014,1083
09011,1687
09006,1551
09002,1583
09012,1968
09004,513
09016,1265
10009,9
10017,34
10036,58
10021,34
10034,26
10024,58
10012,429
10039,114
10018,65
10011,1
10005,2718
10010,6
10030,1
10029,11
10023,247
10033,38
10016,68
10003,2
10004,85
10006,9
10025,3
10008,182
10027,15
10001,101
10035,56
10014,25
10022,118
10038,179
10037,9
10019,2
10028,33
10026,31
10015,39
10031,33
10007,1170
10020,41
10032,221
10013,78
10002,5
11044,295
11017,2056
11037,865
11010,42
11031,2376
11015,806
11034,27
11036,26
11030,350
11026,245
11009,286
11016,94
11024,29
11029,92
11011,506
11027,838
11025,1319
11003,651
11004,357
11005,400
11043,37
11022,99
11014,1050
11045,20
11001,293
11033,458
11006,2
11002,507
11012,176
11013,68
11007,1682
11019,122
11035,337
11018,176
11008,211
11041,1490
11028,434
11040,36
11042,509
11039,169
11032,394
11023,529
11038,68
11046,351
11021,1432
11020,12557
12021,285
12060,99
12063,10
12082,60
12024,30
12058,321
12010,50
12011,302
12012,187
12004,47
12068,49
12043,50
12007,234
12057,522
12066,635
12056,90
12001,3339
12075,1454
12055,2660
12006,113
12037,123
12085,60
12027,46
12015,214
12074,1736
12014,126
12018,131
12072,19
12009,49
12081,25
12084,9
12071,895
12070,340
12083,2
12079,81
12076,18
12065,24
12073,52
12064,51
12019,917
12005,123
12030,144
12069,186
12036,69
12080,41
12078,19
12077,116
12023,201
12048,247
12053,245
12054,61
12047,22
12049,204
12050,357
12051,152
12045,557
12046,2233
12040,1424
12013,73
12062,570
12041,5
12042,622
12044,75
12038,558
12039,93
12002,65
12003,297
12034,515
12035,953
12031,27
12032,167
12033,136
12028,2782
12029,2159
12008,44
12025,69
12026,27
12059,109
12061,866
12052,884
12067,232
12016,13
12017,70
12020,51
12022,75
13031,71
13005,102
13075,89
13028,1000
13045,23
13021,85
13001,12
13002,276
13049,42
13003,629
13030,646
13023,278
13004,53
13027,110
13022,24
13020,7
13074,353
13070,151
13018,44
13029,165
13071,3
13076,577
13046,256
13065,59
13061,401
13047,9
13078,40
13063,393
13017,41
13083,165
13072,60
13067,374
13026,16
13062,18
13044,23
13016,375
13015,16
13014,129
13068,22
13084,183
13081,381
13043,16
13066,98
13013,272
13025,89
13048,1793
13038,17
13052,175
13037,58
13036,33
13053,47
13012,138
13011,51
13010,205
13009,60
13008,282
13007,74
13006,56
13054,109
13055,74
13080,313
13079,10
13035,39
13073,127
13034,4
13019,27
13077,1125
13051,898
13082,180
13064,18
13024,8
13041,333
13060,55
13059,119
13032,434
13058,87
13057,71
13050,206
13056,181
13042,45
13040,11
13069,836
13039,98
13033,7
14018,279
14097,1466
14114,93
14113,37
14112,63
14111,38
14110,50
14109,61
14124,461
14065,89
14116,184
14117,28
14118,166
14119,206
14014,88
14015,353
14017,60
14043,132
14106,10
14107,25
14108,269
14115,44
14075,37
14077,111
14078,361
14074,161
14076,11
14069,20
14123,51
14122,38
14121,162
14120,4652
14002,109
14003,163
14005,58
14055,111
14086,120
14098,2807
14025,202
14027,20
14028,21
14101,2698
14022,191
14039,7945
14044,91
14051,58
14070,1131
14125,308
14071,3
14068,41
14067,1005
14066,263
14064,152
14063,990
14062,12
14061,21
14060,38
14059,75
14058,153
14057,29
14056,7
14054,22
14053,853
14052,30
14050,172
14031,1
14049,12
14048,88
14047,140
14046,251
14045,62
14042,59
14041,46
14040,35
14038,8
14037,168
14036,179
14035,305
14034,10
14033,151
14004,18
14019,11
14001,252
14006,315
14007,50
14008,509
14009,114
14072,56
14080,17
14081,25
14082,287
14083,251
14084,189
14085,126
14087,110
14088,76
14089,14
14094,218
14095,29
14096,83
14032,21
14030,230
14029,28
14026,67
14024,113
14023,602
14021,112
14020,63
14016,243
14011,14
14013,271
14010,48
14012,16
14073,306
14079,135
14093,747
14099,45
14100,114
14102,60
14103,37
14104,14
14105,91
14090,38
14091,297
14092,24
15116,22
15072,184
15003,74
15007,32
15094,76
15032,118
15081,1574
15071,74
15070,1566
15026,131
15061,163
15057,2595
15120,1180
15110,232
15030,465
15044,181
15093,197
15108,752
15111,58
15016,150
15112,213
15113,136
15123,110
15074,409
15125,86
15053,269
15055,201
15073,356
15015,232
15014,690
15056,319
15054,1176
15076,877
15060,1551
15083,39
15024,672
15059,263
15009,264
15067,678
15031,3207
15092,443
15066,12
15098,62
15025,1825
15077,8
15078,18
15096,298
15104,2652
15107,71
15100,296
15082,305
15058,4728
15064,139
15109,1880
15023,258
15040,137
15039,1976
15005,449
15086,21
15042,1277
15049,75
15052,260
15103,139
15050,136
15101,714
15090,607
15062,486
15105,41
15068,204
15080,45
15106,5423
15118,825
15036,369
15013,1883
15124,61
15117,46
15046,47
15115,330
15045,313
15006,593
15012,320
15034,44
15041,12
15017,23
15102,28
15089,54
15029,710
15087,520
15069,47
15084,238
15119,65
15008,74
15011,401
15121,1865
15075,256
15018,310
15019,254
15020,696
15022,48
15047,112
15001,440
15048,440
15028,207
15063,96
15051,1198
15085,857
15088,528
15027,48
15122,1824
15099,1252
15004,40
15043,205
15035,496
15065,222
15079,69
15010,234
15037,729
15038,23
15091,360
15033,7917
15097,54
15114,57
15095,412
15021,82
15002,1025
16045,269
16093,106
16092,37
16088,295
16085,360
16084,294
16074,90
16055,213
16061,119
16073,1699
16104,56
16089,172
16103,217
16102,3285
16071,305
16064,66
16063,55
16062,113
16060,61
16059,6
16058,748
16057,36
16056,1756
16079,655
16078,153
16018,23
16019,122
16020,369
16021,962
16022,58
16067,58
16072,85
16086,48
16087,54
16047,47
16046,76
16012,160
16065,1170
16066,1001
16068,102
16069,670
16070,201
16083,66
16002,125
16094,34
16095,67
16100,635
16105,67
16101,19
16111,60
16034,2475
16017,32
16016,682
16015,111
16014,76
16053,5065
16052,810
16051,169
16050,431
16049,85
16042,44
16041,202
16038,244
16037,41
16036,79
16035,173
16023,66
16025,2119
16040,190
16039,27
16026,12
16027,23
16028,27
16029,72
16030,55
16054,42
16033,92
16076,1775
16075,507
16080,53
16081,2
16082,283
16099,46
16003,104
16090,618
16091,75
16048,33
16001,120
16024,701
16009,176
16008,16
16007,47
16006,615
16005,52
16004,61
16011,38
16010,154
16110,241
16109,39
16108,1047
16107,840
16106,283
16013,29
16044,32
16043,300
16077,83
16032,82
16031,31
16098,143
16097,118
16096,18
16113,141
16112,779
17008,458
17003,293
17036,78
17029,537
17018,467
17014,28
17019,179
17006,914
17001,45
17025,105
17002,116
17026,126
17023,17
17004,336
17010,165
17017,150
17015,55
17022,137
17009,132
17011,977
17012,309
17024,185
17030,441
17013,111
17034,80
17020,223
17031,164
17021,36
17027,63
17016,103
17032,111
17033,703
17035,238
17007,1548
17005,8
17028,312
18009,80
18003,50
18015,440
18014,45
18007,220
18005,25
18017,2263
18013,31
18012,288
18011,179
18010,64
18002,73
18001,148
18018,262
18019,17
18004,561
18006,210
18020,717
18008,276
18016,200
19035,3
19036,5
19002,21
19013,33
19014,87
19032,24
19001,14
19031,834
19015,2
19043,3
19048,1047
19047,75
19040,5
19037,18
19027,3
19020,24
19005,88
19019,302
19041,228
19008,39
19026,2079
19051,21
19007,28
19050,1
19049,152
19034,40
19045,205
19038,151
19033,269
19010,180
19023,4
19009,254
19029,71
19030,16
19006,1737
19028,2
19025,268
19046,1140
19021,1318
19003,0
19042,8
19018,661
19017,58
19016,14
19011,19
19044,165
19004,116
19022,44
19024,13
19039,5224
19012,113
20155,13
20481,2
20378,47
20334,640
20437,104
20441,1303
20446,2
20447,231
20469,162
20440,14
20513,143
20278,104
20457,7
20482,465
20329,38
20330,45
20170,139
20230,5
20184,802
20214,22
20220,2
20262,14
20266,38
20265,28
20318,865
20327,102
20556,2
20005,238
20517,23
20565,520
20503,12
20500,36
20059,552
20177,52
20364,273
20057,248
20544,16
20410,15
20435,11
20417,16
20439,327
20251,10
20467,291
20559,64
20169,12
20118,48
20568,195
20460,9
20044,276
20507,49
20515,935
20516,22
20051,671
20041,340
20042,37
20071,56
20223,4
20190,809
20097,12
20098,18
20101,29
20104,12
20413,431
20120,3
20121,3
20015,184
20125,17
20124,1656
20020,19
20153,116
20141,125
20147,10
20150,150
20164,11
20204,6
20035,6
20202,125
20566,9
20217,3
20016,38
20229,7
20232,197
20235,119
20236,11
20525,205
20526,214
20052,89
20290,6
20043,5145
20079,535
20207,15
20356,287
20340,18
20218,45
20386,1
20179,24
20524,52
20264,16
20333,29
20198,394
20365,10
20002,156
20006,330
20008,12
20009,45
20010,31
20414,227
20291,14
20298,1025
20385,675
20023,173
20306,7
20310,83
20309,130
20324,548
20337,37
20351,8
20562,33
20426,2
20427,148
20021,105
20175,7
20466,54
20468,39
20470,26
20479,2
20498,15
20133,10
20134,192
20138,15
20149,20
20161,12
20159,4
20047,3
20094,19
20031,17
20279,56
20401,298
20367,235
20359,6
20511,7
20096,9
20504,10
20537,42
20543,60
20548,71
20076,26
20463,2
20436,205
20523,15
20054,7
20168,10
20185,43
20246,80
20277,31
20542,11
20357,18
20489,39
20490,2
20502,12
20163,29
20166,69
20237,16
20506,71
20508,26
20205,7
20271,9
20545,76
20546,901
20547,15
20186,1
20227,155
20261,24
20552,17
20550,273
20253,13
20254,23
20272,134
20273,17
20275,27
20551,384
20553,392
20493,5
20554,17
20555,21
20018,18
20036,86
20338,137
20344,18
20366,32
20377,30
20451,32
20404,12
20407,36
20558,5
20561,121
20056,24
20563,29
20497,560
20549,70
20564,281
20099,6
20491,3
20379,4
20494,2
20499,35
20058,13
20569,3
20570,254
20567,14
20423,0
20528,53
20112,149
20510,4
20129,12
20371,10
20424,5
20406,33
20422,10
20450,12
20075,63
20501,8
20505,85
20459,38
20477,10
20484,38
20485,16
20492,10
20495,10
20514,1
20534,437
20117,10
20512,4
20518,6
20206,12
20521,2
20001,7
20256,3
20003,8
20263,51
20004,13
20007,43
20267,6
20011,3
20027,69
20030,90
20519,98
20034,9
20013,63
20017,8
20049,8
20520,34
20019,15
20022,15
20024,26
20025,219
20026,60
20029,8
20032,3
20033,36
20050,65
20536,10
20037,7
20040,44
20045,87
20053,42
20046,17
20172,5
20048,0
20522,64
20456,60
20060,6
20061,7
20062,6
20063,62
20065,9
20069,7
20070,288
20072,78
20074,8
20078,33
20077,35
20081,21
20092,12
20080,49
20084,35
20082,26
20086,22
20083,151
20087,267
20089,66
20090,87
20091,47
20095,44
20100,2
20199,2
20102,54
20233,40
20103,109
20105,121
20107,887
20108,7
20109,4
20110,5
20111,42
20527,36
20116,61
20114,4
20115,190
20119,10
20014,522
20123,16
20122,33
20126,1010
20127,28
20128,22
20529,5
20131,419
20130,110
20152,7
20132,11
20135,93
20136,145
20137,2
20139,3
20142,13
20140,3
20160,26
20143,146
20144,24
20145,94
20531,185
20146,119
20148,3
20151,33
20157,125
20248,343
20158,2
20162,14
20176,30
20165,81
20167,29
20530,187
20187,7
20171,42
20188,259
20173,13
20174,16
20191,2
20196,6
20178,7
20197,205
20180,30
20215,10
20181,5
20480,3
20182,44
20183,26
20189,5
20192,59
20193,23
20194,334
20195,21
20210,7
20200,28
20201,3
20203,49
20208,29
20209,16
20284,204
20219,230
20216,7
20221,2
20222,56
20541,10
20224,10
20225,42
20226,69
20228,7
20231,8
20239,1
20234,5
20240,16
20241,49
20242,25
20243,192
20244,23
20249,30
20245,0
20269,15
20247,33
20250,17
20255,55
20252,30
20257,11
20258,8
20259,66
20260,11
20268,10
20276,4
20281,5
20274,47
20532,3
20280,32
20533,25
20368,45
20282,10
20283,49
20535,14
20286,29
20285,76
20288,0
20289,11
20292,0
20380,220
20294,74
20295,168
20538,14
20296,7
20297,19
20304,2
20299,237
20300,545
20308,69
20301,31
20311,102
20302,64
20303,146
20305,133
20321,2
20332,2
20307,62
20312,124
20313,253
20314,66
20331,118
20315,49
20316,21
20317,2
20360,57
20319,24
20320,9
20322,9
20323,2
20325,138
20326,21
20328,368
20335,6
20336,6
20339,38
20341,0
20342,17
20343,29
20345,27
20346,279
20347,102
20539,53
20211,2
20212,2
20213,21
20348,31
20349,83
20540,122
20350,98
20352,68
20353,69
20354,4
20355,13
20358,9
20362,21
20361,2
20363,39
20373,26
20369,33
20370,2
20381,39
20372,1
20374,8
20293,53
20382,7
20375,115
20376,1
20383,1
20408,0
20384,357
20387,44
20411,20
20388,1
20106,2
20055,33
20390,530
20391,14
20418,175
20392,10
20393,51
20394,20
20395,44
20396,99
20397,331
20398,94
20399,727
20400,19
20402,25
20154,7
20156,19
20403,38
20419,15
20405,30
20409,80
20412,65
20415,20
20287,7
20416,140
20420,3
20421,62
20425,8
20428,11
20432,9
20429,19
20430,11
20431,11
20270,110
20433,38
20442,3
20438,23
20434,3
20444,9
20443,6
20445,12
20448,3
20449,45
20452,210
20453,59
20454,5
20455,17
20458,3
20461,6
20462,22
20464,8
20465,8
20471,6
20472,55
20473,12
20474,29
20475,271
20476,24
20389,35
20478,7
20012,112
20028,217
20039,605
20064,15
20066,98
20067,2361
20068,385
20073,142
20085,34
20088,22
20483,104
20486,15
20093,1
20113,69
20487,15
20488,3
20496,2
20509,38
20557,366
20560,696
20038,107
20238,15
21053,559
21211,135
21206,24
21152,60
21027,19
21026,129
21015,1192
21014,41
21010,2388
21149,403
21004,559
21005,532
21006,40
21008,31
21146,136
21145,29
21003,335
21117,227
21165,118
21163,225
21113,20
21009,10
21039,24
21040,49
21041,666
21016,24
21087,181
21167,15
21166,56
21018,9
21054,413
21127,20
21129,721
21130,17
21213,62
21124,677
21169,65
21172,121
21179,191
21202,354
21203,86
21042,29
21043,501
21217,72
21101,32
21100,57
21099,64
21098,33
21096,14
21094,300
21093,3
21092,150
21012,37
21013,1040
21007,14
21011,35
21022,100
21025,68
21037,14
21035,147
21033,412
21032,8
21031,47
21029,55
21045,383
21046,182
21002,43
21212,798
21199,403
21205,205
21201,19
21197,782
21195,76
21186,248
21185,42
21184,16
21158,23
21104,293
21123,3
21128,62
21126,15
21161,239
21079,58
21194,334
21190,10
21189,234
21188,262
21187,29
21177,1568
21156,3935
21155,17
21154,633
21153,411
21118,201
21119,865
21120,54
21125,175
21105,23
21175,74
21085,568
21164,1007
21198,10
21133,5
21174,1158
21176,19
21178,45
21134,484
21135,68
21208,641
21207,323
21180,422
21137,82
21001,595
21138,158
21139,30
21196,10
21140,1977
21116,12
21141,26
21170,175
21052,329
21168,409
21143,270
21142,1110
21023,32
21115,369
21114,8590
21108,144
21112,57
21147,431
21204,140
21097,19
21148,42
21200,22
21151,154
21159,618
21050,26
21144,402
21051,164
21055,58
21056,9
21057,22
21058,97
21059,14
21063,99
21064,91
21065,154
21066,39
21067,196
21070,123
21071,671
21076,112
21038,95
21078,163
21047,151
21048,186
21049,39
21080,16
21132,1402
21216,12
21072,79
21068,24
21171,106
21062,22
21061,14
21060,42
21181,33
21044,113
21036,24
21191,113
21215,67
21192,38
21193,262
21173,73
21073,86
21121,12
21083,25
21081,20
21075,629
21074,898
21111,119
21089,150
21210,51
21136,126
21077,32
21088,19
21131,120
21110,330
21183,47
21020,264
21028,19
21109,737
21030,7
21034,734
21090,235
21091,68
21095,42
21102,320
21103,34
21106,245
21107,66
21214,442
21019,937
21017,220
21024,4
21086,5
21084,69
21150,31
21082,63
21160,14
21157,87
21162,49
21209,89
21122,68
21182,158
21021,10
21069,131
22006,644
22011,918
22012,265
22001,93
22005,199
22004,238
22017,745
22003,42
22013,18
22007,310
22015,32
22018,82
22002,25
22008,57
22016,1406
22014,3758
22009,83
22010,13
23007,79
23009,138
23010,75
23008,442
23002,187
23006,107
23003,69
23011,67
23005,1493
23001,237
23004,659
24016,303
24032,129
24051,32
24029,30
24033,5
24027,74
24025,112
24015,72
24059,484
24013,892
24002,10
24003,64
24004,2
24028,3692
24050,213
24057,63
24049,129
24006,22
24018,12
24037,189
24038,14
24020,643
24001,47
24045,84
24026,17
24044,22
24039,35
24048,29
24055,37
24054,75
24053,96
24052,26
24019,8
24014,27
24017,10
24008,160
24056,74
24034,98
24010,124
24046,113
24047,9
24024,501
24023,52
24022,56
24009,3
24036,78
24007,146
24043,48
24042,138
24012,40
24035,1221
24041,47
24021,24
24058,82
24005,106
24030,0
24040,161
24011,362
24031,0
25016,85
25015,464
25019,191
25020,180
25002,176
25018,459
25010,336
25009,296
25013,114
25011,1220
25001,2196
25007,83
25008,112
25012,2229
25006,4018
25005,65
25014,129
25004,196
25017,106
25003,22
26037,28
26036,126
26021,6
26054,4
26068,4
26046,0
26045,47
26041,58
26033,302
26034,8
26014,21
26026,197
26016,29
26044,4
26047,37
26043,812
26071,87
26029,626
26069,23
26025,222
26039,16
26055,694
26030,4289
26035,38
26022,3
26050,43
26013,24
26012,94
26032,11
26053,2
26048,328
26057,17
26065,0
26066,114
26070,39
26072,72
26058,64
26017,285
26009,19
26020,47
26015,1
26059,2
26060,2
26001,47
26042,801
26067,14
26018,2308
26023,42
26007,2
26028,19
26005,7
26003,119
26004,39
26008,16
26027,29
26031,8
26006,20
26064,11
26062,15
26052,52
26051,32
26010,7
26011,17
26019,93
26061,1
26024,8
26049,8
26063,18
26040,14
26038,47
26056,36
26002,375
27006,407
27005,900
27008,723
27004,2684
27010,399
27003,359
27015,118
27014,219
27007,248
27011,84
27013,588
27017,262
27002,1286
27001,263
27009,59
27016,158
27012,433
28009,484
28003,732
28022,1692
28021,402
28013,7
28041,1311
28014,8
28040,408
28010,5
28015,52
28039,93
28020,1
28027,715
28005,17
28007,54
28038,991
28026,19
28037,85
28019,36
28028,17
28025,78
28002,116
28001,54
28004,16
28029,74
28031,8
28035,179
28034,18
28006,13
28033,461
28043,76
28032,1610
28023,5
28017,52
28042,7
28008,3
28016,60
28018,35
28011,23
28024,17
28036,0
28030,53
28012,196
29013,914
29051,34
29059,230
29011,37
29060,69
29009,25
29030,68
29021,211
29058,107
29046,95
29035,83
29025,1464
29052,93
29031,208
29032,96
29024,221
29042,183
29053,568
29034,356
29006,738
29044,501
29049,55
29040,38
29026,221
29055,38
29022,23
29001,124
29037,95
29054,121
29036,216
29010,1054
29033,908
29023,153
29050,151
29041,500
29057,45
29048,247
29020,94
29017,316
29056,78
29002,184
29007,175
29004,162
29012,56
29029,48
29028,276
29008,111
29047,31
29039,358
29005,721
29045,61
29016,177
29019,302
29014,118
29015,384
29018,740
29038,171
29043,197
29027,128
29003,10
30051,182
30056,22
30055,28
30054,45
30053,128
30183,375
30182,47
30181,107
30110,6
30111,39
30180,22
30178,103
30175,325
30201,68
30208,119
30207,280
30204,96
30202,11
30200,11
30186,60
30197,47
30196,46
30137,11
30184,7
30105,140
30043,61
30042,33
30019,16
30163,21
30115,154
30114,24
30113,21
30010,289
30097,99
30087,2542
30149,122
30150,185
30148,96
30147,167
30064,13
30074,31
30168,43
30166,23
30165,12
30164,180
30126,41
30050,58
30046,80
30004,82
30128,873
30145,64
30146,13
30098,13
30107,1
30116,133
30131,728
30136,48
30138,168
30140,5
30156,19
30157,59
30158,63
30159,16
30160,338
30161,134
30162,13
30078,50
30167,53
30169,84
30185,38
30190,15
30003,467
30194,146
30199,119
30206,70
30011,119
30012,10
30015,96
30016,134
30017,12
30117,63
30044,1095
30047,430
30049,32
30052,56
30099,143
30100,46
30198,15
30139,12
30041,8
30058,49
30135,137
30176,45
30120,130
30020,45
30021,128
30022,74
30023,94
30024,50
30025,78
30026,162
30027,34
30028,515
30029,15
30030,263
30033,45
30034,111
30065,301
30066,120
30067,69
30068,250
30070,59
30072,74
30073,106
30075,45
30112,326
30109,419
30141,604
30142,122
30143,124
30144,239
30151,34
30152,21
30153,33
30154,49
30155,257
30187,13
30188,50
30189,446
30191,95
30192,142
30195,55
30210,39
30211,134
30212,30
30048,524
30059,69
30209,76
30173,121
30205,93
30203,50
30031,10
30079,68
30069,125
30101,64
30103,28
30104,80
30106,60
30102,402
30108,578
30193,1779
30177,19
30179,30
30174,366
30172,100
30171,18
30170,7
30134,29
30001,26
30133,173
30132,144
30122,294
30130,266
30129,107
30125,122
30124,571
30127,34
30123,275
30002,154
30005,19
30121,52
30119,119
30006,24
30118,686
30096,10
30095,75
30094,146
30093,64
30007,18
30008,16
30009,120
30071,339
30092,381
30091,90
30090,28
30089,222
30088,48
30086,149
30018,4
30035,89
30036,75
30037,51
30085,321
30084,32
30083,88
30082,41
30081,190
30038,558
30039,1134
30040,149
30032,244
30080,114
30077,190
30076,6
30063,49
30062,97
30061,186
30013,144
30014,231
30060,118
30045,350
30057,37
31054,30
31051,19
31046,261
31045,20
31014,31
31029,53
31006,109
31093,120
31092,330
31061,16
31008,76
31011,31
31081,202
31017,78
31091,326
31096,655
31018,69
31059,290
31040,970
31085,1025
31052,221
31048,147
31047,453
31036,81
31104,240
31101,300
31102,1738
31071,31
31069,323
31067,87
31050,4099
31065,19
31084,81
31079,1179
31064,18
31001,24
31049,665
31032,801
31024,615
31022,474
31094,429
31106,20
31105,32
31103,48
31097,38
31095,14
31090,24
31088,66
31087,20
31086,71
31083,17
31082,45
31080,1170
31055,38
31078,79
31077,77
31074,33
31073,843
31072,17
31070,75
31068,37
31063,34
31060,72
31053,196
31044,41
31066,41
31043,147
31020,36
31039,57
31037,201
31035,53
31034,54
31033,465
31031,33
31027,77
31026,27
31089,829
31025,263
31098,621
31042,69
31062,51
31075,1158
31023,62
31016,570
31015,32
31013,69
31056,473
31057,88
31012,165
31010,180
31009,41
31007,89
31005,44
31004,35
31003,548
31076,64
31019,380
31028,27
31058,632
31021,74
31030,244
31038,285
31041,588
31099,208
31100,16
31002,81
32029,132
32028,8
32027,0
32026,10
32025,60
32024,175
32008,42
32031,46
32022,135
32018,26
32052,88
32016,79
32054,30
32006,53
32013,26
32007,29
32034,213
32053,49
32055,208
32003,14
32039,330
32038,77
32015,5
32017,905
32020,554
32023,63
32058,15
32036,131
32057,79
32030,23
32032,68
32056,714
32035,7
32005,243
32010,753
32001,20
32011,22
32002,9
32040,59
32041,7
32037,75
32021,14
32047,41
32045,50
32051,109
32050,26
32049,164
32048,199
32019,117
32033,18
32012,10
32046,17
32044,94
32004,31
32043,7
32042,213
32014,48
32009,29
