,min,max,mean,median,std,skewness,kurtosis,missing
water_availability,0.0,2059.634923,131.96251476594028,6.509252,444.3356037219399,3.9442772543267477,14.073340050126596,0
economic_output,0.0,479117.157,5724.389881680947,38.794,30197.40434370983,8.34979296189081,83.16443802524363,27
n_industy,0.0,12557.0,264.9786117836965,69.0,662.8398501009751,7.670559858216504,89.72720117082297,0
distance_ciit,6.414213562373095,3829.0860710365687,673.6911610482032,524.4726547895311,508.64763019900784,1.6395620751815458,3.5514626098422264,0
dist_to_border_km,4.242640687119286,1270.7514421272251,612.850436932848,667.3559518039676,220.7293644914558,-0.8529421508975467,0.15891946528632728,0
dist_min_ports,3.4834830920435644,814.4805406230687,217.53967868490238,207.37865431014563,109.60970169761347,1.0721535331668668,2.8987593646273275,0
highways,0.0,1.0,0.9644874899112187,1.0,0.1851086153589069,-5.022593690125419,23.245207996056717,0
dist_min_km,0.0331954525641398,271.64052394457536,45.09229760740995,38.09841290334995,33.860843426617535,1.9638632455993636,6.171991858652217,0
gen_min_km,0.0331954525641398,484.9395070005901,53.11071937309637,46.55305310428032,39.978814622756886,2.6359891837205387,18.22975713780859,0
rails,0.0,1.0,0.3397901533494754,0.0,0.47373343914957783,0.6769176233526839,-1.5430285654938896,0
pv_mean_annual_kwh,1099.7450041770935,1940.339994430542,1640.3578715506246,1665.4950737953186,176.0277015939901,-0.507229177538467,-0.656475155134089,0
wind_mean,0.010181532241404,783.0875244140625,29.565096773850996,14.009306907653809,51.39889890546824,7.395531464393765,85.32412943042712,0
rainfall,0.0,4500.0,970.0968523002422,800.0,828.0347656803988,1.3435341091280282,2.317804318318503,0
crime,0.0,11281.0,164.66182405165455,11.0,682.7087706232375,8.363657495122178,88.3742845594791,0
