CVEGEO,dist_to_border_km
01001,639.5138520739876
01008,610.4549775709421
01011,611.6143571373758
01009,587.9575028878834
01007,590.5849198858531
01006,606.9280656363607
01004,578.5138520739876
01005,632.1412690719573
01010,616.7442994522868
01003,645.910821693658
01002,593.7442994522868
02007,230.7695526217004
02003,37.45584412271571
02004,19.142135623730955
02001,139.39696961966987
02006,387.29646455628176
02005,33.656854249492376
02002,52.41421356237309
03001,929.8082245892156
03008,1270.7514421272251
03003,1131.9575028878842
03002,673.6173157302042
03009,899.5483399593936
04008,628.5584412271584
04005,649.2863632885163
04003,409.68124086713186
04012,567.4041122946072
04001,673.2447327281735
04010,525.1858582251281
04006,608.5533905932758
04011,404.4751801064728
04004,523.6883835420693
04013,669.913780286486
04002,588.5584412271584
04009,464.58787847868115
04007,357.97056274847716
05010,225.0954544295048
05036,443.79603128039474
05018,194.16652224137027
05029,246.1198410471447
05007,294.07315985291933
05032,114.4091629284896
05006,227.24978336205567
05003,63.154328932550655
05012,72.3847763108502
05009,371.5239533417527
05005,157.23759005323575
05004,270.3797256769667
05016,228.3330444827413
05035,477.8670990922603
05014,40.24264068711928
05008,184.5269119345811
05019,72.39696961966992
05038,77.56854249492372
05037,77.3553390593273
05001,188.81118318204295
05017,456.0559159102167
05002,103.31370849898474
05026,153.14213562373092
05021,214.5340546095178
05013,60.35533905932732
05024,348.95541084682844
05020,142.86500705120528
05023,239.88939366884546
05022,27.142135623730955
05015,114.65685424949237
05011,303.2569260369932
05034,263.480230740355
05033,379.4701294725898
05031,181.76450198781703
05030,332.87720036002537
05028,112.26702730475864
05027,249.07315985291933
05025,13.313708498984763
06009,1031.3098833543834
06005,969.2611101191031
06010,982.444876303177
06008,982.314933988266
06002,993.9179643685956
06007,1017.912913734713
06006,1011.9890321804611
06003,968.716954241819
06001,1021.0722933011467
06004,997.9301576774157
07106,156.85281374238556
07090,279.1198410471447
07022,237.33809511662412
07073,270.7350647362943
07042,282.3208511739212
07036,51.38477631085023
07121,272.24978336205567
07119,232.89444430272812
07124,297.90158697766554
07123,187.6934341759515
07067,273.63455967290605
07091,278.1492782986674
07114,271.0365799264595
07069,142.61017305526627
07081,251.1665222413703
07080,58.59797974644661
07065,277.9116882454314
07077,268.9411254969542
07086,207.29141392239848
07010,49.79898987322332
07011,64.6274169979695
07024,176.69848480983495
07028,189.06601717798196
07122,173.83556979968256
07001,75.25483399593895
07002,191.7939392393398
07003,75.55634918610401
07004,190.91168824543135
07005,288.3502884254439
07006,60.284271247461874
07007,172.15432893255064
07029,253.29141392239848
07012,245.9898987322337
07013,249.66399692442877
07014,243.13708498984744
07015,4.414213562373095
07016,303.3847763108502
07019,138.79898987322332
07020,123.06601717798196
07021,269.9188309203682
07033,293.5756851698606
07053,35.970562748477136
07025,290.9482681718909
07026,228.26702730475864
07027,204.24978336205567
07030,89.66904755831207
07031,230.21320343559643
07055,11.485281374238571
07023,216.82337649086267
07034,82.87005768508878
07075,153.49747468305827
07076,271.16652224137033
07038,191.9827560572968
07039,265.48023074035507
07040,46.24264068711928
07041,145.46803743153538
07043,301.1198410471447
07044,225.35028842544392
07045,301.7350647362943
07046,237.30360723121856
07048,335.67619023324886
07052,167.53910524340083
07056,218.85281374238556
07054,39.65685424949237
07072,268.9360748630708
07111,209.9655121145936
07110,196.06601717798196
07051,99.49747468305823
07050,297.9827560572968
07049,232.37972567696673
07096,273.7817459305201
07097,211.2792206135784
07099,120.74011537017753
07058,171.68124086713175
07060,280.6051224213833
07070,44.0416305603426
07063,240.63455967290605
07057,32.5269119345812
07101,224.70562748477158
07102,6.414213562373095
07103,32.242640687119284
07104,121.28427124746187
07079,247.43354954612954
07120,75.4680374315354
07107,166.83556979968256
07108,196.84776310850265
07109,245.32590180780443
07085,240.49242404917499
07088,313.7472580451144
07093,210.71067811865464
07098,181.75230867899722
07100,256.25483399593895
07105,4.242640687119286
07112,219.3969696196699
07087,31.899494936611667
07113,229.65180361560886
07115,192.82337649086296
07117,86.8528137423856
07118,259.03657992645907
07047,254.93607486307081
07092,284.1320343559648
07018,268.1198410471447
07059,222.10764773832508
07061,248.44574285494963
07064,197.5979797464466
07066,236.12489168102775
07071,55.07106781186546
07078,197.26702730475864
07032,59.18376618407351
07125,66.56854249492375
07035,19.48528137423857
07062,313.3746750430841
07037,35.55634918610404
07068,316.67619023324886
07074,355.7472580451144
07082,229.74011537017753
07083,125.08326112068518
07084,293.5634918610405
07089,19.242640687119284
07008,96.50966799187796
07009,250.04877323527916
07017,267.5878784786807
07116,249.96551211459402
07094,181.53910524340083
08037,32.1126983722081
08021,202.7350647362943
08019,202.43860018001243
08001,138.31370849898474
08006,310.40916292848954
08052,26.55634918610405
08020,466.72287142747433
08041,426.9726547895311
08055,203.09040379562197
08032,321.26197667087575
08017,285.03657992645907
08043,336.112698372208
08016,210.923881554251
08023,182.72792206135784
08059,357.6173157302034
08015,85.52691193458112
08049,326.026478658694
08036,275.8284271247462
08060,360.9898987322337
08007,395.4701294725898
08008,445.3940110268417
08051,404.80613254815984
08067,285.4041122946068
08062,210.93607486307081
08061,267.73001410241176
08029,479.59502115361823
08003,310.1076477383246
08014,351.99494936611643
08018,304.64675298172614
08054,248.72287142747433
08058,258.17871555019013
08002,136.5391052434008
08065,459.1391770309023
08063,350.0193359837564
08022,273.0020920410538
08066,422.9655121145936
08004,182.9066376115481
08009,391.0437226013966
08010,209.55129855222052
08011,171.65685424949237
08012,340.8721497261428
08013,183.9482681718909
08053,64.32590180780446
08057,305.55844122715797
08044,359.63455967290605
08031,359.5340546095178
08056,329.5290039756352
08045,177.7350647362943
08046,467.3767670841391
08047,381.26702730475864
08025,279.112698372208
08048,274.5269119345811
08024,246.09040379562197
08064,354.11479041326214
08050,144.62741699796948
08026,268.9188309203682
08027,391.6955262170065
08028,121.50966799187792
08030,478.8549057834402
08033,342.5878784786807
08034,235.87005768508874
08035,127.43860018001246
08038,138.5096679918779
08039,317.5096679918779
08040,272.3208511739212
08042,95.19595949289321
08005,53.31370849898474
09005,752.9949493661164
09007,767.0954544295048
09015,762.2375900532357
09017,759.7523086789972
09013,780.7523086789972
09003,774.2375900532357
09008,785.2081528017129
09009,789.6812408671317
09010,777.3797256769667
09014,768.6518036156089
09011,773.0243866176394
09006,763.7523086789972
09002,757.8944443027281
09012,790.7228714274743
09004,781.2792206135783
09016,765.7228714274743
10009,461.8305191658
10017,392.26197667087575
10036,387.23759005323575
10021,539.3553390593272
10034,603.9970414071712
10024,492.5269119345811
10012,480.3380951166241
10039,549.4091629284895
10018,478.03657992645907
10011,449.923881554251
10005,639.367532368147
10010,403.0538238691622
10030,438.0710678118655
10029,464.24264068711926
10023,719.6639969244287
10033,649.5676759431504
10016,638.17070632348
10003,518.6396103067891
10004,545.4062043356618
10006,493.50670939905007
10025,425.26197667087575
10008,580.3553390593272
10027,448.89148570990045
10001,582.6812408671317
10035,522.2447327281731
10014,711.0357133746865
10022,609.8864350760178
10038,616.312841947211
10037,564.6122650963208
10019,601.102597104442
10028,531.7989898732233
10026,645.6467529817261
10015,488.7695526217004
10031,525.5189027078701
10007,449.7787873376921
10020,561.2426406871193
10032,559.3330444827412
10013,388.112698372208
10002,580.2274887854703
11044,722.5950211536182
11017,721.7493500861693
11037,696.0630585851542
11010,732.4995667241125
11031,715.974746830586
11015,681.364573775319
11034,615.2447327281731
11036,765.5950211536182
11030,628.364573775319
11026,717.6904755831239
11009,691.8965363437829
11016,764.5483399593928
11024,738.3351365237962
11029,617.7960312803947
11011,733.1097397793795
11027,721.0508652763341
11025,720.7737367038095
11003,669.8254685319174
11004,717.7838379715746
11005,702.8549057834401
11043,598.8721497261428
11022,629.3056992722735
11014,654.5239533417526
11045,588.5168106668151
11001,748.2051942088852
11033,606.0559159102166
11006,591.0609665440992
11002,766.2396820942905
11012,744.5899705197356
11013,629.6711395993663
11007,714.8965363437829
11019,739.4701294725897
11035,708.5950211536182
11018,746.0803025278568
11008,742.702668891944
11041,776.636651713961
11028,756.2813126546333
11040,631.972654789531
11042,753.6072144624383
11039,738.8254685319174
11032,645.9137802864856
11023,774.2173875177053
11038,761.298556597336
11046,772.5361466505727
11021,784.364573775319
11020,685.9331162702432
12021,938.5290039756352
12060,872.6051224213833
12063,808.4995667241125
12082,831.8893936688454
12024,821.1097397793795
12058,914.9604614807109
12010,834.7544007200519
12011,978.2274887854703
12012,830.9015869776656
12004,771.9554108468284
12068,1038.4600282048245
12043,767.7716446627545
12007,939.3868683519041
12057,1023.5411972844553
12066,806.8254685319174
12056,849.9015869776656
12001,893.2447327281731
12075,923.1808075912451
12055,883.2914139223984
12006,947.4457428549496
12037,896.3330444827412
12085,743.0487732352791
12027,913.6122650963208
12015,881.4213562373094
12074,875.1097397793795
12014,975.4579361637697
12018,793.9188309203681
12072,818.0559159102166
12009,788.570634535978
12081,784.6295090390234
12084,792.7300141024117
12071,724.7594513539344
12070,811.9797974644686
12083,812.5878784786806
12079,841.0264786586939
12076,826.0142853498738
12065,785.6538956566636
12073,974.7077195258265
12064,930.7422074112318
12019,872.8792924010803
12005,799.9676041556485
12030,819.6467529817261
12069,792.0264786586939
12036,757.4457428549496
12080,766.504617357995
12078,764.1147904132621
12077,775.5756851698605
12023,742.1198410471446
12048,1052.2224381515878
12053,857.4457428549496
12054,990.3574311003814
12047,891.8893936688454
12049,862.7056274847715
12050,947.1980515339477
12051,854.2274887854703
12045,840.1513703397223
12046,734.8183258569799
12040,934.310749906156
12013,759.6467529817261
12062,740.6589462905462
12041,796.4284989122469
12042,897.8376618407375
12044,875.0559159102166
12038,1042.2346314604079
12039,876.9432175380083
12002,851.5239533417526
12003,994.7838379715746
12034,898.9655121145936
12035,914.0487732352791
12031,914.2447327281731
12032,963.8670990922602
12033,811.4234482783644
12028,856.7544007200519
12029,912.1269837220822
12008,882.3351365237962
12025,802.8893936688454
12026,936.4041122946068
12059,921.8498551495576
12061,887.0681092190367
12052,787.3452377915613
12067,947.1564209736049
12016,1000.7615433949894
12017,930.8477631085026
12020,809.0264786586939
12022,991.2813126546333
13031,594.480230740355
13005,683.7523086789972
13075,695.1248916810277
13028,546.0710678118655
13045,657.2842712474618
13021,712.6274169979695
13001,645.4142135623731
13002,651.7695526217004
13049,558.2670273047586
13003,653.8822509939084
13030,644.5512985522205
13023,671.1665222413702
13004,629.6568542494923
13027,606.3847763108502
13022,674.112698372208
13020,606.8822509939084
13074,693.3797256769667
13070,688.9655121145936
13018,568.1959594928932
13029,682.2619766708757
13071,598.0243866176394
13076,703.5929291125632
13046,536.8700576850888
13065,688.066017177982
13061,690.4852813742385
13047,598.9360748630708
13078,577.556349186104
13063,721.1787155501901
13017,686.1492782986674
13083,687.3553390593272
13072,692.2132034355963
13067,687.2792206135783
13026,561.3137084989847
13062,570.225396744416
13044,698.8477631085026
13016,674.0832611206852
13015,630.7523086789972
13014,573.7989898732233
13068,587.7989898732233
13084,628.0071426749363
13081,603.4558441227157
13043,615.7228714274743
13066,693.7401153701775
13013,707.3797256769667
13025,558.0832611206852
13048,672.3259018078044
13038,658.0832611206852
13052,680.9533188057738
13037,622.9827560572968
13036,618.8700576850888
13053,617.7695526217004
13012,639.7695526217004
13011,554.8284271247462
13010,697.9655121145936
13009,664.4680374315353
13008,698.4142135623731
13007,700.142135623731
13006,667.2497833620556
13054,662.923881554251
13055,648.0243866176394
13080,567.4142135623731
13079,590.5269119345811
13035,641.8994949366116
13073,565.3553390593272
13034,575.6690475583121
13019,669.622366364086
13077,656.4852813742385
13051,674.4264068711927
13082,688.225396744416
13064,690.8355697996825
13024,647.970562748477
13041,677.3086578651012
13060,631.5979797464465
13059,663.1909088590102
13032,546.3847763108502
13058,651.0071426749363
13057,671.4852813742385
13050,667.3086578651012
13056,664.8284271247462
13042,588.7401153701775
13040,579.5807358037433
13069,707.78174593052
13039,662.9411254969542
13033,595.225396744416
14018,808.4549775709421
14097,833.976838871641
14114,855.4032457428342
14113,932.0600999923266
14112,885.9230150024781
14111,738.8397538817925
14110,922.4276323604744
14109,699.0874452027944
14124,801.236723501463
14065,980.1484117468948
14116,667.3544725075539
14117,727.910821693658
14118,740.8519471906126
14119,867.6042558696107
14014,889.4621202458796
14015,952.912913734713
14017,924.2976900455634
14043,1000.9373003523532
14106,947.9007204258929
14107,863.5209947489251
14108,946.0479066835065
14115,730.5676759431504
14075,843.2438661764005
14077,858.1017305526694
14078,733.2417741353455
14074,723.1290757631372
14076,761.0357133746865
14069,885.3666658163739
14123,814.8519471906126
14122,955.302740679446
14121,926.4915574974024
14120,802.2905473706259
14002,848.2611101191031
14003,830.3443712397888
14005,805.8174593052073
14055,818.5159441150425
14086,907.302740679446
14098,819.0773439350293
14025,686.6681810065387
14027,987.3271272970861
14028,911.1971849821751
14101,810.2783540618058
14022,1017.5819612930255
14039,808.248916810283
14044,834.8641404994327
14051,821.9646455628209
14070,819.5209947489251
14125,763.6265504461959
14071,774.2905473706259
14068,962.7240969167566
14067,943.2144289248778
14066,834.6093065034933
14064,614.6610383316012
14063,813.1534623807773
14062,881.3271272970861
14061,752.4549775709421
14060,719.3961030678967
14059,884.4793641885823
14058,915.0134187981013
14057,871.7220048757016
14056,914.5382386916277
14054,932.8002153625047
14053,656.702668891944
14052,906.9007204258929
14050,851.976838871641
14031,742.236723501463
14049,938.1950929411202
14048,761.0580079512716
14047,824.4966081312849
14046,715.7981233214497
14045,779.6925676241789
14042,725.0823945689118
14041,670.312841947211
14040,816.4743135546997
14038,869.4570696119971
14037,941.9423509862357
14036,835.9717882377585
14035,663.3717164502565
14034,924.9717882377585
14033,784.1290757631372
14004,895.0895372438493
14019,762.1950929411202
14001,780.0235200658664
14006,854.5575746753854
14007,822.2438661764005
14008,754.9280656363607
14009,814.1606050557149
14072,719.9158723275406
14080,903.5870119269081
14081,671.1118318204345
14082,909.84689655673
14083,830.1606050557149
14084,942.4398256692945
14085,911.0357133746865
14087,962.8641404994327
14088,883.0722933011467
14089,883.0184694319838
14094,783.4032457428342
14095,828.7880220536846
14096,859.0651506262092
14032,897.2733034279232
14030,848.0357133746865
14029,764.9940828143436
14026,881.5209947489251
14024,860.3738084913115
14023,923.5331880577452
14021,974.9545442950558
14020,986.9545442950558
14016,786.5849198858531
14011,886.8418459228475
14013,789.2834046956883
14010,880.6458864299535
14012,899.1971849821751
14073,698.5138520739876
14079,903.3910524340141
14093,767.1534623807773
14099,957.7585848021619
14100,979.9373003523532
14102,926.172798364535
14103,954.7758287448644
14104,712.8813844421353
14105,798.3961030678967
14090,902.2854967367432
14091,686.6976182580614
14092,872.0773439350293
15116,853.2863632885159
15072,813.4629867976522
15003,718.4751801064723
15007,820.6883835420689
15094,794.5685424949237
15032,822.3868683519041
15081,725.6101730552663
15071,706.4751801064723
15070,761.5391052434007
15026,737.0487732352791
15061,701.0121933088196
15057,764.4507934888321
15120,717.3380951166241
15110,834.4873734152924
15030,737.4680374315353
15044,726.1665222413702
15093,729.6690475583121
15108,734.4091629284895
15111,812.3158005400386
15016,707.0121933088196
15112,745.7350647362942
15113,837.4335495461295
15123,872.4995667241125
15074,775.6883835420689
15125,730.5096679918779
15053,730.8233764908626
15055,805.8772003600253
15073,809.634559672906
15015,786.1837661840734
15014,752.8893936688454
15056,750.7766952966371
15054,802.2914139223984
15076,798.2203461105329
15060,752.0071426749363
15083,776.6396103067892
15024,733.066017177982
15059,726.3380951166241
15009,776.1837661840734
15067,777.8061325481598
15031,754.5391052434007
15092,721.6396103067892
15066,850.7716446627545
15098,811.5634918610405
15025,767.5685424949237
15077,852.7594513539344
15078,841.9432175380083
15096,710.6518036156089
15104,751.480230740355
15107,855.9482681718908
15100,734.1248916810277
15082,872.2152954766503
15058,757.8528137423855
15064,764.8305191658
15109,741.2375900532357
15023,726.9655121145936
15040,850.4335495461295
15039,755.0832611206852
15005,795.6467529817261
15086,839.102597104442
15042,774.8183258569799
15049,818.9777054234136
15052,838.3208511739211
15103,768.0121933088196
15050,788.4680374315353
15101,804.2497833620556
15090,822.9482681718908
15062,793.4213562373094
15105,909.8721497261428
15068,792.3259018078044
15080,877.2741699796958
15106,800.6051224213833
15118,815.4041122946068
15036,699.6812408671317
15013,754.0365799264591
15124,786.7300141024117
15117,870.8183258569799
15046,765.0071426749363
15115,776.3208511739211
15045,718.1198410471446
15006,808.1492782986674
15012,806.5634918610405
15034,794.0121933088196
15041,832.1147904132621
15017,780.7401153701775
15102,737.504617357995
15089,779.8111831820429
15029,752.6396103067892
15087,777.1198410471446
15069,734.8111831820429
15084,708.0538238691622
15119,850.634559672906
15008,893.2863632885159
15011,741.367532368147
15121,741.9655121145936
15075,716.9827560572968
15018,814.7766952966371
15019,800.4924240491749
15020,739.5807358037433
15022,771.3969696196699
15047,767.7766952966371
15001,736.1320343559647
15048,761.6467529817261
15028,735.0538238691622
15063,819.5929291125632
15051,786.3208511739211
15085,749.1736649163075
15088,832.0487732352791
15027,805.634559672906
15122,770.5391052434007
15099,743.5685424949237
15004,860.8893936688454
15043,801.3502884254439
15035,724.2081528017129
15065,719.8406204335658
15079,710.8061325481598
15010,701.6518036156089
15037,776.5218613006977
15038,762.0782104868018
15091,727.480230740355
15033,742.0954544295048
15097,852.2031021678303
15114,799.102597104442
15095,737.2792206135783
15021,845.4041122946068
15002,729.7106781186546
16045,861.3961030678967
16093,772.2152954766503
16092,877.4823227814098
16088,809.636651713961
16085,850.8569978244951
16084,857.5554826343304
16074,851.780879378747
16055,945.4722215136447
16061,799.6000717875007
16073,840.2051942088852
16104,852.3544725075539
16089,966.3666658163739
16103,839.6681810065387
16102,892.6437943888985
16071,793.7909806465121
16064,939.2001435750027
16063,816.5605332682129
16062,832.8691911333152
16060,797.430590953302
16059,912.8742417671978
16058,900.3717164502565
16057,891.7077195258265
16056,860.702668891944
16079,881.4183976444818
16078,780.6660889654837
16018,801.5361466505727
16019,883.3250352560311
16020,789.5655839020955
16021,870.0285706997489
16022,820.4234482783644
16067,810.5310960166902
16072,805.9676041556485
16086,812.5849198858531
16087,895.5310960166902
16047,823.8843430349629
16046,836.9848480983511
16012,939.3544725075539
16065,867.9869401394061
16066,864.6904755831239
16068,901.5554826343304
16069,795.9869401394061
16070,835.6732316404212
16083,914.9991334482262
16002,994.2245301926429
16094,828.572726577033
16095,890.768686069927
16100,849.6194077712584
16105,817.3839097590766
16101,841.8670990922602
16111,885.9453095790633
16034,811.9259735953057
16017,752.6295090390234
16016,832.9331162702432
16015,1019.3077913133285
16014,1034.5037508062223
16053,831.6072144624383
16052,1053.2417741353454
16051,862.9230150024781
16050,770.1564209736049
16049,863.0508652763341
16042,827.4844148224648
16041,790.8132752230973
16038,936.1513703397223
16037,816.1341263970197
16036,795.6072144624383
16035,950.7737367038095
16023,841.1412690719573
16025,851.2295808265254
16040,806.1097397793795
16039,855.4772721475273
16026,1023.3910524340141
16027,810.3351365237962
16028,815.4011537017792
16029,954.104689145497
16030,819.442784262122
16054,803.0630585851542
16033,919.5016587651675
16076,853.2245301926429
16075,882.0702012600917
16080,781.4284989122469
16081,845.9137802864856
16082,885.0630585851542
16099,852.0264786586939
16003,797.8376618407375
16090,873.4600282048247
16091,871.6265504461959
16048,847.4062043356618
16001,856.50670939905
16024,855.6732316404212
16009,907.2468247692279
16008,1058.935208311298
16007,793.4995667241125
16006,962.312841947211
16005,792.3574311003814
16004,799.0752518939743
16011,825.3544725075539
16010,1018.6854249492413
16110,786.6538956566636
16109,806.5016587651675
16108,834.2712113868682
16107,838.6316010800784
16106,802.6143571373758
16013,898.2518754031106
16044,821.2468247692279
16043,847.7564927611068
16077,929.8254685319174
16032,856.0752518939743
16031,735.3574311003814
16098,807.6417023478435
16097,918.8204178980349
16096,1008.4549775709421
16113,779.4478348960046
16112,815.0142853498738
17008,831.066017177982
17003,843.0121933088196
17036,801.9411254969542
17029,819.6812408671317
17018,832.2081528017129
17014,853.9360748630708
17019,844.6396103067892
17006,820.5391052434007
17001,865.764501987817
17025,861.0954544295048
17002,804.6396103067892
17026,807.367532368147
17023,798.1959594928932
17004,833.367532368147
17010,826.8406204335658
17017,866.0365799264591
17015,839.3502884254439
17022,799.7695526217004
17009,807.9655121145936
17011,823.6518036156089
17012,858.7228714274743
17024,839.7523086789972
17030,811.9827560572968
17013,830.9116882454313
17034,845.8650070512052
17020,809.1665222413702
17031,849.8944443027281
17021,855.0071426749363
17027,798.8822509939084
17016,805.6690475583121
17032,812.4264068711927
17033,820.0832611206852
17035,848.9655121145936
17007,821.7939392393398
17005,852.6639969244287
17028,839.5512985522205
18009,805.5626253092679
18003,860.0012254892812
18015,863.5575746753854
18014,854.3910524340141
18007,843.6753236814762
18005,786.1787155501901
18017,866.9646455628209
18013,880.5037508062225
18012,893.5281374238626
18011,833.8174593052073
18010,829.5870119269081
18002,867.8885271170728
18001,808.0600999923266
18018,853.6286424872509
18019,801.5209947489251
18004,913.3321779309687
18006,841.716954241819
18020,948.172798364535
18008,890.7341981845217
18016,840.444876303177
19035,123.65685424949237
19036,371.6295090390235
19002,139.04163056034258
19013,95.92388155425107
19014,328.8427124746201
19032,109.71067811865461
19001,209.0365799264591
19031,205.9533188057739
19015,80.97056274847711
19043,230.80613254815984
19048,243.61017305526627
19047,205.1076477383246
19040,104.31370849898474
19037,186.77669529663712
19027,121.45584412271566
19020,69.42640687119278
19005,58.45584412271566
19019,229.7106781186546
19041,186.15432893255058
19008,145.66399692442877
19026,212.05382386916224
19051,148.9655121145936
19007,270.44574285494963
19050,108.91168824543132
19049,227.30865786510122
19034,178.94112549695421
19045,178.65180361560886
19038,195.9066376115481
19033,186.9482681718909
19010,210.9655121145936
19023,120.31370849898474
19009,188.68124086713172
19029,192.67619023324886
19030,224.2031021678303
19006,204.66904755831206
19028,174.48528137423855
19025,194.28427124746185
19046,215.15432893255058
19021,219.9655121145936
19003,100.41421356237309
19042,150.46803743153532
19018,234.39191898578673
19017,270.88939366884546
19016,163.7695526217004
19011,143.4142135623731
19044,128.68124086713172
19004,210.0365799264591
19022,149.86500705120528
19024,300.23253941935303
19039,223.29646455628153
19012,195.923881554251
20155,584.5756851698605
20481,689.3868683519041
20378,588.6883835420689
20334,643.3330444827412
20437,516.2569260369931
20441,369.9482681718909
20446,695.6295090390234
20447,701.0315292925765
20469,725.6711395993663
20440,445.30360723121856
20513,415.90158697766554
20278,613.6194077712584
20457,548.8965363437829
20482,697.2203461105329
20329,637.8010819142772
20330,620.1930009000652
20170,510.1198410471447
20230,758.9676041556485
20184,566.0924958366769
20214,603.2813126546333
20220,621.5950211536182
20262,562.570634535978
20266,492.06096654409924
20265,320.44574285494963
20318,597.3036072312185
20327,280.87720036002537
20556,700.4234482783644
20005,378.6173157302034
20517,508.9726547895311
20565,582.5584412271579
20503,541.3990616607242
20500,657.7594513539344
20059,539.8061325481598
20177,643.1808075912451
20364,613.362481734264
20057,406.98484809835116
20544,590.9554108468284
20410,454.39191898578673
20435,500.8010819142773
20417,560.8082245892148
20439,563.1736649163075
20251,789.9676041556485
20467,664.9482681718908
20559,579.908729652603
20169,634.6194077712584
20118,551.4873734152924
20568,740.5655839020955
20460,514.2691193458132
20044,544.2640687119307
20507,721.5634918610405
20515,403.9777054234136
20516,617.3330444827412
20051,557.0731598529193
20041,645.234631460408
20042,565.2396820942905
20071,528.7178207935915
20223,544.5117600329326
20190,467.61226509632087
20097,541.298556597336
20098,614.1219330881996
20101,575.4041122946068
20104,605.7594513539344
20413,512.102597104442
20120,541.6417023478435
20121,671.7249634685292
20015,546.6761902332488
20125,471.362481734264
20124,382.1198410471447
20020,718.8721497261428
20153,590.7472580451143
20141,304.9777054234136
20147,662.3696244092015
20150,620.6122650963208
20164,757.4528855298871
20204,470.9188309203682
20035,572.5411972844553
20202,591.7056274847715
20566,638.8599564173227
20217,633.6000717875007
20016,747.4995667241125
20229,605.2619766708757
20232,594.6782822743038
20235,527.1909088590102
20236,521.3330444827412
20525,303.1614716074875
20526,605.504617357995
20052,435.87720036002537
20290,766.1808075912451
20043,360.7766952966371
20079,385.80613254815984
20207,450.32799384885874
20356,553.8721497261428
20340,737.0924958366769
20218,658.1147904132621
20386,634.362481734264
20179,610.9259735953057
20524,714.3818177180216
20264,660.7960312803947
20333,511.1320343559648
20198,414.428498912247
20365,565.3279938488587
20002,633.7321061434667
20006,649.5117600329326
20008,444.39191898578673
20009,557.5950211536182
20010,393.4163056034269
20414,679.9482681718908
20291,557.9482681718908
20298,534.2152954766503
20385,583.4579361637697
20023,589.0437226013966
20306,529.5756851698605
20310,593.1147904132621
20309,620.0630585851542
20324,532.9310242291882
20337,519.700576850889
20351,550.2914139223984
20562,669.1980515339477
20426,615.700576850889
20427,401.55844122715797
20021,652.1168824543171
20175,614.5533905932754
20466,660.2619766708757
20468,536.1097397793795
20470,443.7594513539345
20479,671.2691193458132
20498,476.896536343783
20133,685.700576850889
20134,613.9209229614232
20138,540.7422074112318
20149,575.2619766708757
20161,632.0264786586939
20159,576.7056274847715
20047,699.6660889654837
20094,627.9848480983511
20031,508.5290039756352
20279,525.2619766708757
20401,585.4457428549496
20367,664.7350647362944
20359,589.2691193458132
20511,625.0853531617394
20096,664.168614282425
20504,585.0559159102166
20537,757.6538956566636
20543,633.5634918610405
20548,691.1930009000652
20076,682.8183258569799
20463,638.5828278447981
20436,650.3523804664989
20523,672.2396820942905
20054,652.0264786586939
20168,710.9777054234136
20185,714.4041122946068
20246,532.4995667241125
20277,590.8477631085026
20542,564.1614716074874
20357,472.06096654409924
20489,648.1492782986674
20490,667.1341263970197
20502,501.98484809835116
20163,659.234631460408
20166,563.7077195258265
20237,740.9381669041258
20506,529.7716446627545
20508,399.5462479183379
20205,508.0681092190368
20271,591.4457428549496
20545,675.7493500861693
20546,561.5290039756352
20547,702.766594028872
20186,785.3229432149761
20227,595.4284989122469
20261,759.5655839020955
20552,702.5655839020955
20550,562.4579361637697
20253,517.232539419353
20254,531.6051224213833
20272,621.4629867976522
20273,606.9015869776656
20275,480.4579361637697
20551,535.6589462905462
20553,574.1858582251276
20493,665.3401871576788
20554,519.0559159102166
20555,584.3158005400386
20018,704.9503602129458
20036,432.6589462905462
20338,597.7422074112318
20344,570.6761902332488
20366,554.504617357995
20377,667.9604614807109
20451,656.038671967514
20404,664.8965363437829
20407,334.11479041326214
20558,646.4234482783644
20561,536.7888886054571
20056,716.8477631085026
20563,559.9482681718908
20497,604.7056274847715
20549,727.8965363437829
20564,644.5290039756352
20099,787.7960312803947
20491,627.9604614807109
20379,692.4284989122469
20494,607.4579361637697
20499,692.9259735953057
20058,651.4356415871845
20569,637.6417023478435
20570,602.2741699796958
20567,794.1808075912451
20423,682.440692221067
20528,730.440692221067
20112,546.2741699796958
20510,659.2447327281731
20129,684.9381669041258
20371,668.2863632885159
20424,513.4335495461295
20406,646.8620484583777
20422,676.6244584051409
20450,645.8183258569799
20075,310.43354954612954
20501,767.7249634685292
20505,350.30360723121856
20459,744.4772721475273
20477,609.1198410471446
20484,775.5239533417526
20485,732.5634918610405
20492,656.3279938488587
20495,502.5756851698606
20514,529.1980515339477
20534,560.634559672906
20117,564.3036072312185
20512,505.7056274847716
20518,665.440692221067
20206,665.2640687119307
20521,676.5533905932754
20001,595.4112549695444
20256,694.6660889654837
20003,498.5290039756352
20263,545.9482681718908
20004,724.0508652763341
20007,568.8599564173227
20267,580.9554108468284
20011,767.8254685319174
20027,632.1930009000652
20030,376.5046173579951
20519,570.3574311003814
20034,768.3523804664989
20013,579.6589462905462
20017,572.1614716074874
20049,564.374675043084
20520,746.038671967514
20019,637.3940110268417
20022,749.1635636485424
20024,642.9503602129458
20025,279.46298679765226
20026,667.972654789531
20029,655.3056992722735
20032,773.2224381515879
20033,597.9137802864856
20050,679.570634535978
20536,676.2691193458132
20037,711.2447327281731
20040,639.9209229614232
20045,601.8132752230973
20053,401.1614716074875
20046,647.8132752230973
20172,679.5411972844553
20048,594.6589462905462
20522,541.2569260369931
20456,722.9381669041258
20060,523.3279938488587
20061,539.0487732352791
20062,564.1269837220822
20063,600.9137802864856
20065,741.168614282425
20069,569.232539419353
20070,681.634559672906
20072,557.7178207935915
20074,497.9777054234136
20078,571.0437226013966
20077,601.1564209736049
20081,742.8965363437829
20092,598.1147904132621
20080,565.2619766708757
20084,590.1564209736049
20082,667.1198410471446
20086,673.4995667241125
20083,575.6295090390234
20087,579.3574311003814
20089,716.2813126546333
20090,674.1492782986674
20091,580.84271247462
20095,527.4629867976522
20100,533.1269837220822
20199,782.766594028872
20102,607.9137802864856
20233,545.6589462905462
20103,567.3452377915613
20105,712.9970414071712
20107,577.8721497261428
20108,620.4873734152924
20109,683.4062043356618
20110,677.4284989122469
20111,696.8477631085026
20527,636.0803025278568
20116,628.0924958366769
20114,537.8132752230973
20115,574.1442276647848
20119,667.7422074112318
20014,389.5462479183379
20123,593.1736649163075
20122,467.7766952966371
20126,509.5634918610405
20127,684.6417023478435
20128,540.6122650963208
20529,753.1808075912451
20131,525.5168106668151
20130,339.1198410471447
20152,765.5117600329326
20132,561.4457428549496
20135,601.7716446627545
20136,598.7371567773491
20137,641.1736649163075
20139,628.0508652763341
20142,662.3056992722735
20140,662.8549057834401
20160,740.2518754031106
20143,315.362481734264
20144,655.9554108468284
20145,568.2863632885159
20531,607.2569260369931
20146,512.4629867976522
20148,497.43354954612954
20151,710.3940110268417
20157,589.1858582251276
20248,366.9777054234136
20158,623.0193359837564
20162,549.374675043084
20176,672.9381669041258
20165,758.8792924010803
20167,521.1492782986674
20530,564.8305191658
20187,633.0924958366769
20171,632.0630585851542
20188,679.7766952966371
20173,578.5828278447981
20174,579.2152954766503
20191,571.8843430349629
20196,581.2691193458132
20178,595.8132752230973
20197,558.972654789531
20180,727.1909088590102
20215,662.5117600329326
20181,726.364573775319
20480,699.7127701597091
20182,609.8082245892148
20183,777.4823227814098
20189,516.1980515339477
20192,566.1736649163075
20193,602.9554108468284
20194,515.9015869776655
20195,663.6417023478435
20210,709.8549057834401
20200,486.48737341529244
20201,552.3696244092015
20203,540.1614716074874
20208,715.7127701597091
20209,503.39191898578673
20284,552.6883835420689
20219,562.0731598529193
20216,543.3696244092015
20221,681.7249634685292
20222,555.7544007200519
20541,554.2691193458132
20224,663.8254685319174
20225,673.0487732352791
20226,523.4873734152924
20228,661.1341263970197
20231,468.8010819142773
20239,692.6122650963208
20234,655.5777772109155
20240,709.9137802864856
20241,574.8183258569799
20242,758.1269837220822
20243,571.2447327281731
20244,668.1635636485424
20249,652.8204178980349
20245,762.2518754031106
20269,678.1147904132621
20247,564.9554108468284
20250,658.2691193458132
20255,648.8010819142772
20252,668.4284989122469
20257,533.0559159102166
20258,673.8843430349629
20259,783.038671967514
20260,599.5117600329326
20268,561.4041122946068
20276,633.8792924010803
20281,658.1980515339477
20274,630.972654789531
20532,697.3574311003814
20280,547.440692221067
20533,532.2203461105329
20368,558.5168106668151
20282,419.9777054234136
20283,682.4945160902299
20535,596.4751801064723
20286,737.2691193458132
20285,698.2914139223984
20288,559.1980515339477
20289,553.5340546095177
20292,596.8010819142772
20380,562.972654789531
20294,611.7127701597091
20295,580.3452377915613
20538,528.634559672906
20296,585.0681092190367
20297,658.8010819142772
20304,647.2396820942905
20299,533.2569260369931
20300,707.0609665440992
20308,377.1492782986674
20301,569.0315292925765
20311,645.6955262170064
20302,688.0193359837564
20303,539.9137802864856
20305,390.09040379562197
20321,709.6660889654837
20332,669.5117600329326
20307,455.9898987322337
20312,692.5340546095177
20313,654.0092347159913
20314,586.7350647362944
20331,667.1269837220822
20315,565.4457428549496
20316,502.7766952966371
20317,699.0975464705595
20360,573.1736649163075
20319,492.63455967290605
20320,672.3574311003814
20322,658.4772721475273
20323,486.0437226013966
20325,496.10259710444205
20326,612.3229432149761
20328,542.8893936688454
20335,565.9259735953057
20336,586.038671967514
20339,687.9970414071712
20341,687.8965363437829
20342,582.8010819142772
20343,567.2152954766503
20345,707.0193359837564
20346,705.9970414071712
20347,516.8772003600253
20539,599.0853531617394
20211,497.6051224213833
20212,534.2396820942905
20213,613.5634918610405
20348,741.7127701597091
20349,568.5584412271579
20540,704.2813126546333
20350,578.1147904132621
20352,755.0803025278568
20353,548.3919189857868
20354,658.5483399593928
20355,638.1930009000652
20358,581.6173157302034
20362,537.7350647362944
20361,495.80613254815984
20363,575.9848480983511
20373,718.1930009000652
20369,575.2447327281731
20370,683.7127701597091
20381,771.2518754031106
20372,680.8010819142772
20374,654.6488450227811
20293,589.0853531617394
20382,654.0731598529193
20375,579.1147904132621
20376,764.6538956566636
20383,687.7838379715746
20408,690.1269837220822
20384,542.3919189857868
20387,576.6883835420689
20411,568.6295090390234
20388,589.9015869776656
20106,697.766594028872
20055,767.6660889654837
20390,579.9432175380083
20391,539.1198410471446
20418,424.7472580451144
20392,683.4873734152924
20393,561.2031021678303
20394,492.0142853498739
20395,648.7960312803947
20396,645.1635636485424
20397,693.1564209736049
20398,581.7178207935915
20399,591.7716446627545
20400,720.1513703397223
20402,719.4629867976522
20154,516.7350647362944
20156,537.8549057834401
20403,577.3868683519041
20419,579.6122650963208
20405,705.7249634685292
20409,572.2863632885159
20412,423.10259710444205
20415,695.1614716074874
20287,693.1808075912451
20416,668.1513703397223
20420,600.2031021678303
20421,399.0193359837564
20425,626.4945160902299
20428,474.9777054234136
20432,540.2691193458132
20429,590.3330444827412
20430,658.0142853498738
20431,666.7077195258265
20270,661.5950211536182
20433,600.7766952966371
20442,548.8843430349629
20438,627.8792924010803
20434,665.0630585851542
20444,652.4163056034268
20443,557.570634535978
20445,667.3574311003814
20448,629.232539419353
20449,521.1614716074874
20452,570.5168106668151
20453,437.5756851698606
20454,501.428498912247
20455,757.2224381515879
20458,576.6244584051409
20461,746.440692221067
20462,721.2518754031106
20464,699.9797974644686
20465,457.3868683519042
20471,551.5117600329326
20472,408.1320343559648
20473,548.570634535978
20474,716.9482681718908
20475,540.5878784786806
20476,733.1219330881996
20389,574.9310242291882
20478,626.6538956566636
20012,540.9604614807109
20028,561.4041122946068
20039,735.3229432149761
20064,466.3746750430841
20066,331.8183258569799
20067,585.6000717875007
20068,565.8599564173227
20073,702.972654789531
20085,547.6467529817261
20088,685.3452377915613
20483,610.9848480983511
20486,691.038671967514
20093,693.7249634685292
20113,564.1614716074874
20487,623.4701294725897
20488,690.2518754031106
20496,559.8843430349629
20509,555.2741699796958
20557,354.7472580451144
20560,546.9432175380083
20038,530.1564209736049
20238,562.8893936688454
21053,685.4558441227157
21211,700.9827560572974
21206,797.4600282048247
21152,764.3553390593277
21027,716.9919907732886
21026,767.8284271247462
21015,766.3137084989847
21014,657.6274169979697
21010,693.2468247692279
21149,731.0458146424515
21004,773.5269119345814
21005,814.112698372208
21006,657.727922061358
21008,658.8700576850888
21146,801.702668891944
21145,659.5899705197356
21003,781.9919907732886
21117,747.0416305603428
21165,814.0416305603426
21163,752.8284271247462
21113,797.50670939905
21009,794.3056992722735
21039,674.0416305603428
21040,774.4852813742385
21041,768.0121933088196
21016,684.2426406871193
21087,873.7909806465121
21167,667.5563491861042
21166,809.8284271247462
21018,749.3473298326163
21054,707.7817459305209
21127,765.0630585851542
21129,700.1341263970197
21130,768.4133470105993
21213,630.2132034355966
21124,715.2762620207508
21169,781.7321061434667
21172,684.4558441227159
21179,751.5554826343304
21202,676.2548339959395
21203,773.844804515675
21042,804.832611206855
21043,672.468037431536
21217,675.5899705197356
21101,675.740115370178
21100,637.6274169979695
21099,739.9158723275406
21098,782.6021638285557
21096,762.4264068711932
21094,727.8406204335663
21093,753.1828996323001
21092,762.3889603929591
21012,766.8986283848379
21013,707.9331162702432
21007,820.6316010800784
21011,820.5361466505727
21022,804.2132034355963
21025,670.6101730552671
21037,763.1757569573625
21035,683.376767084139
21033,817.7695526217004
21032,854.8204178980349
21031,808.6316010800784
21029,662.9116882454318
21045,752.0996385116144
21046,732.7737367038095
21002,674.066017177983
21212,700.0121933088201
21199,712.0954544295057
21205,767.1585130146599
21201,820.970562748477
21197,622.6568542494924
21195,704.2173875177053
21186,692.8822509939091
21185,815.8994949366116
21184,647.9705627484773
21158,658.6101730552671
21104,752.2132034355966
21123,652.0416305603428
21128,749.7695526217008
21126,776.0710678118655
21161,742.6316010800784
21079,786.1585130146599
21194,611.7695526217008
21190,761.2051942088852
21189,785.0580079512716
21188,793.6274169979695
21187,618.556349186104
21177,757.1879502661826
21156,728.4894654563474
21155,799.0214280248114
21154,777.300648638391
21153,780.8284271247462
21118,779.0416305603428
21119,779.254833995939
21120,712.5605332682129
21125,781.142135623731
21105,718.8406204335663
21175,778.8284271247462
21085,833.4142135623731
21164,770.5563491861042
21198,830.6782822743038
21133,820.142135623731
21174,697.0954544295057
21176,824.3137084989847
21178,618.4852813742385
21134,742.0710678118655
21135,739.778787337692
21208,663.0710678118655
21207,688.1543289325512
21180,744.7989898732233
21137,762.7106781186553
21001,757.6568542494924
21138,774.556349186104
21139,785.1635636485424
21196,771.376767084139
21140,774.142135623731
21116,733.3544725075539
21141,769.6072144624383
21170,734.9533188057746
21052,801.3595231414364
21168,825.8700576850888
21143,755.556349186104
21142,765.740115370178
21023,736.442784262122
21115,771.442784262122
21114,776.2842712474618
21108,747.9827560572974
21112,757.8498551495576
21147,788.1757569573625
21204,687.3675323681477
21097,782.1421356237311
21148,783.4852813742385
21200,686.6690475583125
21151,785.3847763108504
21159,810.1837661840734
21050,726.2834046956883
21144,784.1126983722083
21051,839.6274169979695
21055,749.2935059634534
21056,819.7493500861693
21057,642.4264068711927
21058,743.3544725075539
21059,804.3056992722735
21063,738.7148622007641
21064,583.9705627484773
21065,778.6690475583125
21066,781.6072144624383
21067,756.6812408671326
21070,804.0163773909288
21071,643.556349186104
21076,679.7523086789981
21038,783.0416305603428
21078,673.3553390593277
21047,839.9625535217659
21048,759.4852813742385
21049,648.4142135623731
21080,669.0832611206856
21132,748.4142135623731
21216,669.5685424949243
21072,659.4974746830587
21068,653.5269119345814
21171,788.8153672641523
21062,823.3137084989847
21061,676.3889603929591
21060,764.0
21181,765.142135623731
21044,717.9827560572974
21036,669.0336213336315
21191,804.2935059634534
21215,668.2842712474621
21192,663.2253967444167
21193,790.0710678118655
21173,693.9533188057746
21073,858.104689145497
21121,808.970562748477
21083,703.5563491861042
21081,839.364573775319
21075,688.0243866176402
21074,760.4142135623731
21111,598.4852813742386
21089,641.4558441227159
21210,667.1837661840739
21136,764.0832611206852
21077,663.597979746447
21088,666.2253967444167
21131,797.6568542494923
21110,755.4722215136447
21183,640.6568542494924
21020,792.3137084989849
21028,661.6984848098352
21109,634.2842712474618
21030,660.5269119345814
21034,767.6690475583121
21090,769.142135623731
21091,635.0710678118655
21095,801.970562748477
21102,771.4142135623731
21103,725.3595231414364
21106,790.3847763108502
21107,656.0121933088201
21214,698.6904755831239
21019,789.4142135623731
21017,699.3675323681477
21024,813.8204178980349
21086,609.8994949366117
21084,665.2548339959395
21150,802.0416305603426
21082,769.9036790187205
21160,855.7401153701775
21157,812.6904755831239
21162,663.4558441227159
21209,727.2051942088852
21122,756.3137084989847
21182,787.5563491861042
21021,830.8994949366116
21069,806.0710678118655
22006,704.9848480983511
22011,671.9432175380083
22012,694.3868683519041
22001,724.0731598529193
22005,660.4873734152924
22004,636.4335495461295
22017,675.8599564173227
22003,568.0193359837564
22013,610.8893936688454
22007,661.1320343559647
22015,609.634559672906
22018,635.4457428549496
22002,594.9482681718908
22008,708.6000717875007
22016,697.9310242291882
22014,678.3990616607242
22009,557.764501987817
22010,564.9655121145936
23007,892.1950929411206
23009,809.0407640085695
23010,668.837661840738
23008,846.709811566882
23002,744.3889603929596
23006,667.1046891454974
23003,945.5209947489255
23011,893.3788591251945
23005,917.8347032479104
23001,879.3666658163744
23004,659.7127701597095
24016,430.79898987322326
24032,569.3696244092015
24051,478.75440072005193
24029,523.5269119345811
24033,464.50670939905007
24027,561.2031021678303
24025,502.34732983261637
24015,433.80822458921483
24059,543.9676041556485
24013,465.99494936611643
24002,491.6051224213833
24003,509.65180361560886
24004,518.0975464705595
24028,530.5950211536182
24050,578.5950211536182
24057,540.6396103067892
24049,507.56053326821296
24006,387.83766184073755
24018,526.2670273047586
24037,548.5685424949237
24038,526.9116882454313
24020,379.4406922210671
24001,524.1930009000652
24045,465.5655839020955
24026,508.0538238691622
24044,352.7127701597091
24039,513.1543289325506
24048,369.896536343783
24055,547.7544007200519
24054,542.923881554251
24053,532.2964645562815
24052,496.4579361637697
24019,544.1909088590102
24014,523.9533188057738
24017,438.428498912247
24008,482.77164466275457
24056,482.5533905932754
24034,479.112698372208
24010,459.1614716074875
24046,578.0214280248114
24047,417.82546853191747
24024,525.4163056034268
24023,521.6051224213833
24022,489.87929240108036
24009,531.8965363437829
24036,498.42135623730945
24007,337.58282784479815
24043,577.8843430349629
24042,502.5979797464466
24012,513.4386001800124
24035,527.2102448427678
24041,497.63961030678917
24021,541.0508652763341
24058,438.24978336205567
24005,506.09040379562197
24030,520.6417023478435
24040,453.3259018078044
24011,526.8721497261428
24031,538.0782104868018
25016,701.1564209736049
25015,602.9158723275406
25019,695.8204178980349
25020,621.4844148224648
25002,635.2295808265254
25018,668.3178925810936
25010,575.8031739553322
25009,810.8183258569799
25013,597.4894654563474
25011,608.3839097590766
25001,601.8994949366116
25007,515.5777772109155
25008,710.038671967514
25012,753.0853531617394
25006,654.1930009000652
25005,659.5533905932754
25014,779.7888886054571
25004,747.2447327281731
25017,542.3300858899137
25003,557.3351365237962
26037,288.78174593052006
26036,70.55634918610401
26021,306.3259018078044
26054,315.9116882454313
26068,269.36753236814695
26046,96.0243866176394
26045,146.24264068711926
26041,94.82842712474618
26033,522.970562748477
26034,183.02438661763935
26014,212.923881554251
26026,493.1543289325506
26016,141.08326112068514
26044,323.556349186104
26047,194.70562748477158
26043,16.48528137423857
26071,488.36753236814695
26029,357.72792206135784
26069,341.5685424949237
26025,370.65685424949237
26039,42.72792206135784
26055,121.89444430272815
26030,279.75230867899717
26035,60.627416997969476
26022,112.94112549695421
26050,188.59797974644658
26013,167.19595949289317
26012,422.5391052434008
26032,154.31370849898474
26053,184.29646455628153
26048,237.7401153701775
26057,237.94112549695421
26065,64.39696961966993
26066,242.05382386916224
26070,207.61017305526644
26072,455.25483399593895
26058,103.04163056034257
26017,174.63961030678917
26009,271.8284271247462
26020,186.5269119345811
26015,101.88225099390843
26059,44.0416305603426
26060,49.828427124746185
26001,197.65180361560886
26042,475.14213562373095
26067,128.7989898732233
26018,412.36753236814695
26023,152.25483399593895
26007,82.95331880577395
26028,180.7989898732233
26005,289.08326112068517
26003,494.3969696196699
26004,99.14213562373092
26008,181.91168824543132
26027,57.97056274847711
26031,159.36753236814698
26006,126.75230867899718
26064,137.16652224137027
26062,344.71067811865464
26052,276.9827560572968
26051,368.65685424949237
26010,143.5096679918779
26011,89.63961030678917
26019,81.49747468305823
26061,289.69848480983495
26024,193.89949493661163
26049,417.65685424949237
26063,209.72792206135784
26040,216.02438661763935
26038,187.7695526217004
26056,207.4142135623731
26002,44.183766184073555
27006,380.1614716074875
27005,407.960461480711
27008,369.4579361637697
27004,358.00714267493635
27010,390.362481734264
27003,388.23759005323575
27015,298.9655121145936
27014,413.1614716074875
27007,311.88225099390843
27011,339.9411254969542
27013,382.5634918610405
27017,302.69343417595195
27002,406.2152954766504
27001,341.6223663640864
27009,328.2792206135784
27016,317.9066376115481
27012,325.19595949289317
28009,408.48528137423864
28003,386.69848480983495
28022,31.242640687119284
28021,404.88225099390843
28013,272.8944443027281
28041,296.7939392393398
28014,67.89949493661165
28040,31.899494936611667
28010,163.3847763108502
28015,36.828427124746185
28039,407.06096654409924
28020,217.19090885901022
28027,18.242640687119284
28005,148.78174593052006
28007,60.485281374238554
28038,406.8284271247462
28026,332.47518010647235
28037,249.28427124746185
28019,329.5391052434008
28028,428.622366364086
28025,83.97056274847711
28002,334.4558441227157
28001,213.24264068711926
28004,417.23759005323575
28029,399.42135623730945
28031,361.362481734264
28035,125.62741699796948
28034,203.75230867899717
28006,368.2031021678303
28033,36.35533905932738
28043,362.43860018001243
28032,32.14213562373095
28023,98.21320343559638
28017,332.1492782986674
28042,210.9066376115481
28008,289.5979797464466
28016,252.3208511739212
28018,207.28427124746185
28011,372.7939392393398
28024,110.84062043356586
28036,177.05382386916224
28030,247.9533188057739
28012,369.28427124746185
29013,732.6568542494924
29051,753.4264068711927
29059,754.9411254969542
29011,724.5979797464465
29060,749.9411254969542
29009,734.970562748477
29030,715.6568542494924
29021,727.556349186104
29058,757.3553390593272
29046,707.6568542494924
29035,727.0710678118655
29025,758.0416305603426
29052,734.8994949366116
29031,719.556349186104
29032,756.6690475583121
29024,743.6690475583121
29042,761.1837661840734
29053,755.0121933088196
29034,709.112698372208
29006,723.2132034355963
29044,759.4264068711927
29049,751.0832611206852
29040,732.5979797464465
29026,735.6274169979695
29055,726.4264068711927
29022,753.2842712474618
29001,738.112698372208
29037,746.0710678118655
29054,757.4264068711927
29036,744.0121933088196
29010,742.6274169979695
29033,745.1837661840734
29023,756.556349186104
29050,744.556349186104
29041,758.5269119345811
29057,756.3847763108502
29048,747.5269119345811
29020,719.4142135623731
29017,754.8700576850888
29056,749.142135623731
29002,739.5269119345811
29007,742.8406204335663
29004,729.870057685089
29012,729.4142135623731
29029,751.7695526217004
29028,750.2132034355963
29008,740.1126983722083
29047,709.8284271247462
29039,724.4852813742385
29005,728.6274169979695
29045,712.8284271247462
29016,741.8994949366117
29019,749.4852813742385
29014,727.7279220613578
29015,741.0710678118655
29018,740.0416305603426
29038,730.970562748477
29043,733.112698372208
29027,761.112698372208
29003,717.5269119345811
30051,631.0121933088201
30056,532.8994949366116
30055,538.0710678118655
30054,545.7909806465121
30053,662.2295808265254
30183,685.5512985522216
30182,733.6093065034933
30181,610.2295808265254
30110,686.1168824543171
30111,409.5533905932754
30180,601.7695526217004
30178,543.1168824543171
30175,600.3969696196705
30201,684.0163773909288
30208,542.1757569573625
30207,587.5189027078701
30204,416.16861428242504
30202,591.142135623731
30200,684.4844148224648
30186,708.9991334482262
30197,721.3624817342652
30196,679.300648638391
30137,696.844804515675
30184,699.9453095790633
30105,621.5849198858531
30043,682.7981233214497
30042,714.8477631085038
30019,697.8742417671978
30163,719.3208511739224
30115,720.4722215136447
30114,692.1198410471459
30113,693.6437943888985
30010,715.0365799264603
30097,536.9158723275406
30087,724.0235200658664
30149,460.89148570990045
30150,501.597979746447
30148,654.0702012600917
30147,713.0874452027944
30064,647.740115370178
30074,713.4722215136447
30168,699.7442994522868
30166,718.8225099390899
30165,695.2417741353455
30164,721.1534623807773
30126,664.1828996323001
30050,649.9827560572974
30046,722.0823945689118
30004,689.3666658163739
30128,736.8233764908637
30145,434.3351365237963
30146,709.040764008569
30098,701.9869401394061
30107,723.208152801714
30116,434.7787873376921
30131,618.5391052434015
30136,736.508801440105
30138,716.7148622007641
30140,707.4011537017792
30156,724.1076477383258
30157,587.1837661840739
30158,651.3502884254451
30159,690.2173875177053
30160,559.1126983722083
30161,495.4142135623731
30162,705.1828996323001
30078,525.556349186104
30167,533.4852813742386
30169,529.6488450227811
30185,706.2295808265254
30190,551.5483399593928
30003,456.5777772109156
30194,726.1370849898485
30199,418.87929240108036
30206,422.1097397793796
30011,579.7148622007641
30012,544.1463197058398
30015,522.4305909533019
30016,654.8397538817925
30017,690.910821693658
30117,663.3300858899137
30044,698.8569978244951
30047,720.2417741353455
30049,636.7859300126296
30052,678.4011537017792
30099,727.8864350760178
30100,645.5554826343304
30198,615.4852813742385
30139,533.3595231414364
30041,689.8153672641523
30058,551.970562748477
30135,708.6437943888985
30176,558.9625535217659
30120,424.5361466505728
30020,704.2590180780481
30021,683.8569978244951
30022,714.2712113868682
30023,701.4507934888334
30024,704.4255403194194
30025,746.9818895055236
30026,731.6803743153588
30027,578.7695526217004
30028,626.1412690719573
30029,732.7270555095841
30030,715.2295808265254
30033,604.7523086789981
30034,532.2132034355966
30065,702.4671708797622
30066,645.468037431536
30067,644.7695526217008
30068,702.6143571373758
30070,389.45288552988717
30072,613.0710678118655
30073,477.6194077712584
30075,584.5016587651675
30112,724.1656556895974
30109,704.3919189857879
30141,499.3889603929592
30142,455.7371567773493
30143,513.3178925810936
30144,431.49451609023
30151,527.8111831820436
30152,448.9705627484773
30153,523.7989898732235
30154,506.62741699796976
30155,516.1837661840734
30187,730.1492782986686
30188,709.5260453828076
30189,574.9533188057746
30191,672.1534623807773
30192,713.1614716074887
30195,706.7737367038095
30210,348.4406922210671
30211,674.3208511739224
30212,501.2813126546334
30048,423.9797974644686
30059,433.7787873376921
30209,471.3351365237963
30173,664.1168824543171
30205,476.24264068711926
30203,658.9827560572974
30031,656.300648638391
30079,736.3250352560311
30069,641.6223663640872
30101,724.442784262122
30103,646.8406204335663
30104,464.5777772109156
30106,730.806132548161
30102,678.936074863072
30108,382.2813126546334
30193,637.6976182580614
30177,728.4213562373106
30179,694.4549775709421
30174,612.2884553295709
30172,419.3940110268417
30171,693.3595231414364
30170,602.7279220613578
30134,678.2539674441656
30001,740.4377336282395
30133,421.65685424949237
30132,733.6934341759527
30122,448.9503602129459
30130,505.9087296526031
30129,525.0
30125,670.6854249492413
30124,638.1665222413712
30127,728.3422791987338
30123,438.14213562373095
30002,726.6509370638361
30005,562.5310960166902
30121,470.48528137423864
30119,566.3056992722735
30006,723.5016587651675
30118,712.1290757631372
30096,730.0487732352804
30095,725.9940828143436
30094,488.26406871193075
30093,729.9230150024781
30007,663.9991334482262
30008,727.312841947211
30009,711.2661607529856
30071,709.3839097590766
30092,737.4671708797622
30091,411.41125496954436
30090,630.9991334482262
30089,415.5361466505728
30088,699.910821693658
30086,709.9949493661175
30018,731.8153672641523
30035,510.2426406871193
30036,733.9066376115493
30037,637.3553390593277
30085,704.1290757631372
30084,566.8031739553322
30083,581.3137084989847
30082,413.1097397793796
30081,720.7859300126296
30038,723.4671708797622
30039,430.5239533417527
30040,626.3969696196705
30032,488.69047558312394
30080,703.8275605729724
30077,513.4062043356618
30076,582.4142135623731
30063,507.89949493661163
30062,712.7564927611068
30061,345.8132752230974
30013,521.9411254969546
30014,688.5432893255103
30060,515.3553390593277
30045,567.5189027078701
30057,722.5504320004478
31054,789.3523804664993
31051,791.5533905932758
31046,728.9381669041262
31045,716.5706345359785
31014,795.8448045156755
31029,850.3767670841395
31006,842.5189027078706
31093,779.2813126546338
31092,771.915872327541
31061,906.8864350760183
31008,848.7148622007645
31011,722.3452377915618
31081,779.1879502661831
31017,771.1463197058403
31091,797.3889603929596
31096,888.4844148224653
31018,722.7960312803951
31059,814.7960312803951
31040,793.2640687119311
31085,839.6143571373763
31052,802.0092347159917
31048,706.1147904132625
31047,717.1808075912455
31036,753.9087296526035
31104,758.447834896005
31101,746.1269837220826
31102,810.2001435750032
31071,785.8204178980352
31069,760.5067093990505
31067,765.10973977938
31050,766.0975464705599
31065,889.3595231414369
31084,824.9919907732891
31079,672.7371567773497
31064,765.5655839020959
31001,730.9259735953061
31049,737.6366517139614
31032,836.77373670381
31024,730.4945160902305
31022,749.6316010800789
31094,716.6072144624387
31106,825.2224381515883
31105,784.381817718022
31103,773.8792924010808
31097,802.6194077712588
31095,772.5533905932758
31090,748.4823227814103
31088,804.1219330882001
31087,741.2863632885163
31086,808.0214280248118
31083,820.1808075912455
31082,810.4234482783648
31080,741.4945160902305
31055,710.0559159102171
31078,795.8792924010808
31077,811.6488450227815
31074,775.837661840738
31073,726.4772721475277
31072,804.3940110268421
31070,856.1168824543175
31068,819.9087296526035
31063,736.913780286486
31060,803.5899705197361
31053,705.0264786586944
31044,731.1147904132625
31066,686.2691193458137
31043,788.1168824543175
31020,789.239682094291
31039,801.3107499061564
31037,761.8792924010808
31035,780.2224381515883
31034,767.9087296526035
31033,691.9015869776659
31031,819.0630585851546
31027,829.9503602129463
31026,810.6955262170069
31089,703.8965363437834
31025,714.8670990922607
31098,686.9209229614236
31042,777.0924958366774
31062,718.9970414071717
31075,723.3940110268421
31023,728.2274887854709
31016,714.9209229614236
31015,753.7665940288724
31013,783.0681092190372
31056,683.381817718022
31057,874.1879502661831
31012,826.2468247692285
31010,737.849855149558
31009,814.707719525827
31007,785.6660889654842
31005,791.979797464469
31004,794.6244584051414
31003,704.4234482783648
31076,741.2102448427682
31019,837.7981233214501
31028,863.8620484583781
31058,712.6194077712588
31021,784.7148622007645
31030,808.1463197058403
31038,758.1858582251281
31041,764.6538956566641
31099,811.6021638285562
31100,767.8843430349633
31002,758.7960312803951
32029,550.9158723275406
32028,751.248916810283
32027,388.896536343783
32026,443.94321753800835
32025,567.6143571373758
32024,573.430590953302
32008,578.9280656363607
32031,691.8275605729724
32022,524.0458146424515
32018,670.4377336282395
32052,587.5310960166902
32016,539.7442994522868
32054,549.0752518939743
32006,561.1513703397223
32013,592.832611206855
32007,370.3868683519042
32034,706.5382386916277
32053,543.0163773909288
32055,632.5554826343304
32003,717.7514421272243
32039,555.974746830586
32038,555.7909806465121
32015,667.2245301926429
32017,564.6021638285557
32020,627.0874452027944
32023,722.1362184380747
32058,718.7636354360444
32036,555.1290757631372
32057,556.844804515675
32030,689.7098115668815
32032,588.2884553295709
32056,594.6732316404212
32035,558.3595231414364
32005,591.3178925810936
32010,603.4772721475273
32001,710.0651506262092
32011,755.2905473706259
32002,694.4966081312849
32040,589.0874452027944
32041,336.3868683519042
32037,562.0752518939743
32021,661.3250352560311
32047,737.8052659963872
32045,716.2072862499402
32051,503.9087296526031
32050,569.2884553295709
32049,697.040764008569
32048,694.7514421272243
32019,689.7514421272243
32033,743.7930726875671
32012,594.2712113868682
32046,654.9280656363607
32044,658.1240251292546
32004,745.0062761231637
32043,652.2295808265254
32042,595.8275605729724
32014,507.8620484583777
32009,633.2539674441656
