CVEGEO,dist_min_ports
1001,332.0189366723534
1008,327.83273115369707
1011,348.39109889633585
1009,362.0532490410212
1007,350.36880779146134
1006,345.1246755558849
1004,359.51042189348107
1005,322.9023385443483
1010,361.5906567421675
1003,298.1513916353515
1002,369.94577355474377
2007,210.11492407975908
2003,71.08206780139183
2004,64.83986506228338
2001,65.48213937278898
2006,340.65414738433253
2005,50.24150615055475
2002,126.93924677353303
3001,204.76110097230446
3008,46.002007840513414
3003,32.369982905792824
3002,241.06113243622212
3009,219.36367657255957
4008,158.36209321866457
4005,138.68700294026368
4003,182.40527683233412
4012,213.59956311073358
4001,116.19949257015804
4010,320.29303971968534
4006,201.7966056419818
4011,266.08715766147407
4004,256.599731231909
4013,121.18965882428765
4002,196.26771578719715
4009,288.9794559090195
4007,131.67696514748914
5010,618.6042235424907
5036,420.0530420622295
5018,594.729469250398
5029,627.2585125722254
5007,569.13510072729
5032,714.613256407735
5006,578.2358707849971
5003,714.0302281197513
5012,674.9939086599805
5009,476.7262282337107
5005,569.3187408927685
5004,424.31941136845177
5016,631.1626793197296
5035,389.4568786043007
5014,788.5983009892633
5008,637.1894222368238
5019,726.151444225095
5038,787.7985090541972
5037,690.2044605090726
5001,618.3124669263469
5017,417.57339272868836
5002,814.4805406230687
5026,634.793190455424
5021,647.7529195169495
5013,636.1656175516448
5024,506.1716202564274
5020,733.7330602734596
5023,636.4411987334539
5022,724.3445256374598
5015,642.4698691408323
5011,502.69019549532817
5034,552.9477168894648
5033,492.8660802939553
5031,681.9378526636677
5030,434.3886420964322
5028,689.1028553299524
5027,514.3901484100411
5025,753.245987225284
6009,79.52856941022341
6005,81.65915068954163
6010,56.68465847607257
6008,46.3934145415051
6002,72.29183476896341
6007,11.107929909263984
6006,67.48423791862264
6003,69.22779346884059
6001,33.980249421710106
6004,45.05114772484388
7106,242.98084301473358
7090,134.93320391013236
7022,168.84893193516567
7073,139.5157539610282
7042,128.19979905101926
7036,326.9736537235148
7121,137.93104501819428
7119,172.4214960493883
7124,133.30996434400066
7123,217.1333080854843
7067,138.9014415971133
7091,132.58993256252924
7114,368.61277313514097
7069,221.39567798156747
7081,156.28439758756213
7080,311.98369485562404
7065,184.12643287310655
7077,154.7211330058917
7086,204.91884736262423
7010,333.47693685310975
7011,321.9614208866133
7024,227.6822736148035
7028,214.47297548096208
7122,233.4243287779361
7001,281.8899069198957
7002,212.67790772199922
7003,279.3992550880918
7004,242.79804050035924
7005,122.0337059350859
7006,338.61646256766244
7007,229.40820003630571
7029,159.75595961989308
7012,174.07176464505966
7013,159.55423642158277
7014,163.0934870359026
7015,346.3073979512379
7016,147.25877751705
7019,260.76347302580524
7020,260.3691966683271
7021,148.56420267263232
7033,126.57109721559964
7053,334.2292039713844
7025,123.01154948763303
7026,177.797943389813
7027,203.9372020758315
7030,302.8916205294653
7031,192.41778885158462
7055,354.0035070877246
7023,187.46838975643004
7034,318.9590221377569
7075,246.0470425395018
7076,138.79256907334633
7038,210.98850464640975
7039,142.76798003647954
7040,307.65073510422076
7041,288.97551495124964
7043,112.867136906475
7044,182.0760272988084
7045,110.03322368592468
7046,167.46375312919915
7048,81.515669540401
7052,275.32634314365794
7056,185.8267347518646
7054,322.4777627160469
7072,139.69286889529226
7111,195.00409121832752
7110,207.17438278148515
7051,258.8403210688927
7050,179.51731293862827
7049,173.42777720845262
7096,139.76126124667886
7097,162.07951135835012
7099,300.97976641202825
7058,230.0300013154534
7060,134.52384196003038
7070,324.39298875223477
7063,171.01431973180865
7057,321.089476510809
7101,187.8959452578247
7102,350.9463202667266
7103,319.32002194528104
7104,275.5163672479057
7079,168.5241644594472
7120,284.7209293786523
7107,210.43023849591467
7108,195.54495855104034
7109,167.0204434022532
7085,168.7173269933892
7088,104.9091220290752
7093,193.80956960669835
7098,220.39467439275384
7100,160.2291588082082
7105,353.5288878508661
7112,187.80554105364482
7087,360.6395487936461
7113,176.3409011552376
7115,323.50540702122544
7117,276.47537377912784
7118,148.22240306445326
7047,153.15078115061382
7092,141.1741366793394
7018,145.82624479194726
7059,276.1310438389638
7061,176.87174682214822
7064,208.2178492673323
7066,171.4905448252009
7071,297.5264005535329
7078,205.28454281718774
7032,296.19343678396467
7125,299.8262696279051
7035,356.33896626178785
7062,112.89179611416832
7037,323.64080141773775
7068,100.19510297633278
7074,63.30363848417398
7082,179.65097170106768
7083,272.5575985497496
7084,118.06368388546917
7089,338.72717910702227
7008,272.96608095220614
7009,134.8126479306319
7017,154.1682889063134
7116,356.8398793795551
7094,220.37119259485632
8037,573.0011382416287
8021,450.2677907888828
8019,468.5182557212719
8001,520.4483092397653
8006,367.53081031735235
8052,611.1749675138212
8020,212.14719783932077
8041,269.6968498897784
8055,436.69808625532534
8032,374.8954217958971
8017,396.48377830349835
8043,326.3065096792112
8016,472.5626120446685
8023,401.98527513281056
8059,341.0733644428641
8015,590.5453971484209
8049,310.38585179315277
8036,477.01574772041
8060,352.56763379869324
8007,281.12932950546514
8008,201.23144125551994
8051,265.11135154036344
8067,384.5845434686538
8062,454.3241412733598
8061,372.75048751401715
8029,211.47940772891116
8003,408.65042577489356
8014,404.94672840398005
8018,359.5833741555966
8054,429.0636059584748
8058,427.7665331769521
8002,514.930925804477
8065,209.3711403206644
8063,288.74930861549467
8022,369.85311870463806
8066,234.54038942379944
8004,459.7131744348766
8009,284.77363630585296
8010,437.01604905543303
8011,532.8971825279771
8012,314.4871454067999
8013,363.3964029393292
8053,605.3813099203777
8057,342.6053065750484
8044,373.8575422458897
8031,331.1360125069459
8056,329.38560098751617
8045,465.56683718704465
8046,170.30914925272938
8047,213.06632404201198
8025,345.89311058994406
8048,397.03907719919204
8024,403.23389280044677
8064,317.8685522870349
8050,422.296838659747
8026,387.1643542406988
8027,248.49080710342847
8028,602.8505390228206
8030,212.7240196230474
8033,339.11825872073473
8034,367.9512284495416
8035,401.99334474117484
8038,512.822259076394
8039,429.22260057887155
8040,294.9597548558791
8042,635.1154775005988
8005,499.5954004438767
9005,315.164010108438
9007,307.75734269473725
9015,317.9587875878751
9017,312.09120869442506
9013,310.98959312004126
9003,317.4840849358968
9008,329.7335820540732
9009,306.80614984778344
9010,327.64950422101896
9014,318.8760511524736
9011,301.83296899782476
9006,311.97228974523495
9002,321.89502701842036
9012,323.1812632199721
9004,334.33826059924024
9016,323.75055303084764
10009,302.2381047525637
10017,351.3212857719323
10036,449.173570776608
10021,296.0781320603683
10034,196.78475509289805
10024,291.25416974130974
10012,375.4737510475348
10039,230.91682548703244
10018,288.2385260246832
10011,315.65757610998145
10005,182.35949457780072
10010,359.7049832761296
10030,338.2838962892978
10029,323.26609562066363
10023,115.3368578881931
10033,233.52991233476607
10016,235.65412131691016
10003,263.15397419360164
10004,322.85029476345517
10006,369.659696359461
10025,340.0203324418994
10008,274.52638537588183
10027,409.7106724072991
10001,210.12633245804196
10035,252.85076219427546
10014,192.3611606035565
10022,260.5138585999037
10038,259.0284300139318
10037,229.4987636577544
10019,174.32542442931853
10028,267.00830324935515
10026,134.13079863668702
10015,329.1480309083548
10031,338.46981920452123
10007,408.6474751122958
10020,255.0186352385296
10032,211.93162519259414
10013,400.83201930563354
10002,208.4700744659269
11044,313.00862681520067
11017,316.3123503541784
11037,342.7421987970535
11010,314.19588479273654
11031,331.49570438679496
11015,353.9831855544195
11034,257.78326655012006
11036,274.74156194972335
11030,355.68683964158265
11026,324.44667969443395
11009,341.82358945878036
11016,277.2107915137162
11024,300.5822644252753
11029,319.8951151429975
11011,303.9993195419538
11027,314.91133069253726
11025,324.84438553898946
11003,330.8081479148906
11004,321.6386073939115
11005,333.6947727183637
11043,261.34055180425594
11022,377.13205554533056
11014,339.7943025601245
11045,239.13599468631776
11001,294.0707191211048
11033,285.5248069700524
11006,227.30510786301838
11002,277.1228117895776
11012,300.13312979031184
11013,285.0115397514968
11007,321.757670874129
11019,304.7251179100572
11035,326.42498104416956
11018,291.97175955381744
11008,307.7396163886403
11041,263.52141995506474
11028,283.2314731719448
11040,271.71168269012486
11042,285.47914115503727
11039,300.7150393813281
11032,294.55760869723133
11023,274.32332789107795
11038,286.27549234218634
11046,266.9692645655937
11021,256.09053760091905
11020,356.52180622566465
12021,241.8093874659186
12060,275.9542735197499
12063,355.51225162806594
12082,340.0923894838438
12024,313.23562238220535
12058,243.6682447935947
12010,347.26912827458267
12011,206.18896122470562
12012,342.0608707215921
12004,310.7998610064712
12068,34.9009932080398
12043,334.5171185437411
12007,212.0323831817767
12057,163.3143268330784
12066,319.00107612311274
12056,324.23116861591393
12001,283.5637914362457
12075,272.4865097526315
12055,280.0320248941291
12006,233.03474440887084
12037,261.34034604490114
12085,358.4135506679323
12027,182.6715388796421
12015,297.00510218556457
12074,317.81302969654894
12014,208.24721931344004
12018,375.58475235610285
12072,352.82209613338085
12009,335.91100287943414
12081,356.46146333424986
12084,368.936664204265
12071,325.627420109766
12070,289.05856752189686
12083,359.146907537953
12079,341.9866800885357
12076,350.34602452385246
12065,300.69079436901245
12073,110.53581588818278
12064,191.75639613804208
12019,330.97035623580524
12005,304.79202084952794
12030,351.91759406888394
12069,321.4016131740493
12036,359.07893224919343
12080,375.008270656524
12078,335.96489566446934
12077,382.756853316587
12023,355.8949443254031
12048,113.65989889744996
12053,316.98504648734945
12054,197.26405410053766
12047,252.80116728675932
12049,284.15169612406606
12050,171.36731010370318
12051,325.10270013546847
12045,314.9522695666529
12046,341.6752248927762
12040,254.81447940528193
12013,365.09786196329907
12062,338.00962756063205
12041,351.4324033487368
12042,298.98034351841727
12044,305.30566460732143
12038,79.89609236685857
12039,300.5441104786595
12002,338.1516002839324
12003,166.22172175458385
12034,310.97706664449294
12035,276.34863077990644
12031,225.93021068056987
12032,229.0631311869808
12033,297.73704627997637
12028,328.33685338267924
12029,270.12846389328683
12008,329.6225580043811
12025,367.5623785236527
12026,250.83495086938316
12059,287.1496329683017
12061,300.333073513373
12052,378.15297835927413
12067,186.05317717893874
12016,67.02298373792048
12017,261.55981356657486
12020,334.8090990738962
12022,132.83758287563694
13031,192.0457020261692
13005,264.450977825561
13075,273.7448227186544
13028,135.3432480746566
13045,239.64356738922515
13021,263.9884270894142
13001,230.576076489668
13002,230.37936635473577
13049,159.7511950964527
13003,236.22324869291486
13030,232.75400930760932
13023,253.40222791082246
13004,212.07728481295158
13027,189.63048483960318
13022,255.2198006115542
13020,194.67664754656923
13074,274.66054556892027
13070,270.6683429196162
13018,165.1870000882421
13029,277.4018515995802
13071,188.86281942123009
13076,285.78413056747587
13046,129.6698049945048
13065,268.7305380719659
13061,257.0262108339542
13047,202.32371070205767
13078,156.85161402483175
13063,300.1702136058716
13017,273.50835999180856
13083,267.608582138078
13072,266.9149471768969
13067,270.3762034616233
13026,149.9416359397327
13062,162.9303078965952
13044,289.35207776265537
13016,241.46401655322433
13015,218.18467730673981
13014,161.74648426589744
13068,174.3216873598394
13084,225.1313170877763
13081,189.08238411281474
13043,209.07093162900486
13066,273.29201224589286
13013,286.40875318121834
13025,136.49990473364974
13048,252.99006470351432
13038,239.469205288444
13052,260.30891552218907
13037,207.72711139861488
13036,202.78270044301456
13053,196.54250788205385
13012,222.90792126368368
13011,141.66484966225462
13010,278.09278967865015
13009,245.57492710691238
13008,249.69448093391944
13007,237.95928064026938
13006,256.7368483816962
13054,245.0476734696088
13055,231.33574784444178
13080,153.88223770478206
13079,176.99764938890198
13035,222.5811997761381
13073,154.58616961793228
13034,165.28091860787856
13019,254.78142458679085
13077,237.2600844533159
13051,255.11157468014022
13082,267.109171961784
13064,275.1753782164013
13024,231.5512526338658
13041,259.8601984449309
13060,210.54643166997604
13059,261.4571064248561
13032,137.05420176730695
13058,243.19167351091914
13057,255.4666757269072
13050,251.24640344371755
13056,247.7185195079621
13042,177.37813828722025
13040,178.4684522775984
13069,285.72200706741006
13039,244.41463306261323
13033,183.77727755813012
14018,237.50214132191493
14097,183.84477775095087
14114,161.1605722687254
14113,94.74856394477273
14112,165.575198033425
14111,273.5093382992454
14110,104.32298914255387
14109,336.1192595138702
14124,219.9146461601431
14065,98.8632160799792
14116,297.5922904962928
14117,270.599755285617
14118,246.480508504215
14119,152.56141256130792
14014,137.12413709279033
14015,76.52183143778454
14017,107.29946201082055
14043,76.98539332505699
14106,75.71001295190456
14107,165.4729678871614
14108,101.90024120592348
14115,222.50815612646505
14075,107.25458160650714
14077,141.35614861883857
14078,295.28146879888226
14074,311.61905585698673
14076,184.43140536319518
14069,173.36601807941744
14123,213.48022490109005
14122,77.89896941392979
14121,119.86927531810703
14120,183.0281117950404
14002,169.12337896525588
14003,136.57576386709172
14005,160.61960581232714
14055,129.6309167654442
14086,114.80225328695256
14098,197.77660328570488
14025,258.41866480429206
14027,42.44697737225433
14028,91.6826862880596
14101,208.43257914548164
14022,40.120765119540565
14039,198.91302249622885
14044,188.39906306332492
14051,200.89253488361925
14070,199.18744590014245
14125,268.02704430924587
14071,186.87513024262293
14068,93.85782281805568
14067,11.391153591558696
14066,200.9934636358515
14064,388.3560418104389
14063,223.668973831059
14062,83.92884654848237
14061,217.27879223339656
14060,267.89524113204493
14059,160.42077365975044
14058,45.48991187897328
14057,166.11182376548075
14056,164.02176170671336
14054,90.18792611175121
14053,362.0104966161257
14052,114.73535925008024
14050,168.55428096465192
14031,203.274367341867
14049,154.01225359944135
14048,289.20658820918607
14047,218.42348376895526
14046,292.8649389762089
14045,211.81638006413337
14042,254.7238278747498
14041,278.6551041225288
14040,129.86274308626508
14038,85.81372541443292
14037,83.86399266152934
14036,117.2348229404324
14035,332.75687343139754
14034,98.35424915152738
14033,273.0715816668361
14004,127.69149952921393
14019,193.2202250678573
14001,240.55086894808395
14006,121.8924658161449
14007,130.1483253528882
14008,283.802812544785
14009,163.5117689800254
14072,320.3520530401737
14080,49.132166467924044
14081,273.95836348327373
14082,117.34439412093082
14083,162.8828343615345
14084,49.02627264397102
14085,138.5958444689293
14087,119.74793240516014
14088,134.3730935047511
14089,138.9334379585284
14094,160.75206729614064
14095,147.17745299746997
14096,176.138970281771
14032,122.8608789209337
14030,178.52319293148008
14029,233.1316860923314
14026,153.12002656866338
14024,150.80532283043595
14023,111.71161954456826
14021,63.07803591819674
14020,37.751553337293416
14016,260.8618380031248
14011,107.60221946244035
14013,249.09412472096372
14010,138.3878346278597
14012,80.11685946619947
14073,314.4427892271724
14079,129.7510170273136
14093,256.83630387375393
14099,68.65642160712942
14100,74.38275394218579
14102,96.09773861681754
14103,92.25692097737709
14104,233.79558747596718
14105,233.26935935592905
14090,122.20621724900047
14091,294.3736851683679
14092,154.96365595440992
15116,237.30177311028683
15072,305.4248153482728
15003,310.1505347444689
15007,272.2767790386835
15094,285.75874265865764
15032,259.09597692256847
15081,301.7001444072823
15071,301.09030851016166
15070,296.25679145291315
15026,317.8518604054833
15061,279.5154492713914
15057,333.3246387464622
15120,294.87615355747704
15110,256.10136391025145
15030,292.9483398712447
15044,302.6962192986532
15093,279.51413205318113
15108,310.0176527572137
15111,267.71237150955744
15016,278.71904306788167
15112,323.6022223887107
15113,286.38437585368166
15123,216.9133259143063
15074,298.5655179886492
15125,307.11697402939626
15053,307.59355115606627
15055,307.3984996508568
15073,308.3488196978825
15015,272.5361254372942
15014,320.63385226482904
15056,330.7046044248566
15054,308.7426912833821
15076,314.13566815524734
15060,328.27844770884053
15083,289.2842316328739
15024,309.26879730396877
15059,302.94761270334783
15009,271.8826216304887
15067,324.9551966686316
15031,296.6972709269369
15092,292.41815526511226
15066,234.29663618847957
15098,310.7867586941044
15025,283.8038676865908
15077,253.25417269477416
15078,240.5770664603619
15096,289.0035025753181
15104,321.2721855607046
15107,283.73884548537274
15100,297.1544611549396
15082,231.40781145685733
15058,304.65314639504726
15064,301.1188874333509
15109,316.4812947165239
15023,303.77597041898804
15040,281.02514996867325
15039,278.57281790832394
15005,295.5431737689589
15086,262.10612891803055
15042,308.95433446682216
15049,307.22512636734604
15052,302.5259650897133
15103,273.3001295963704
15050,291.74746865862033
15101,319.3950330807856
15090,296.7108985475929
15062,326.4427702903289
15105,213.47463329226275
15068,282.3376231615755
15080,247.06803514168706
15106,304.0029731813101
15118,287.55766329365434
15036,278.57784913228426
15013,328.45311069571756
15124,282.8472826776702
15117,263.9277346503029
15046,339.8067086939942
15115,329.89232215304895
15045,303.00432342757006
15006,313.52503059184323
15012,313.5397868826343
15034,275.2132350755374
15041,247.3438536863617
15017,282.37687412216894
15102,321.4911363393767
15089,287.93425952504964
15029,289.3212217001569
15087,320.4671319280238
15069,288.9571551002247
15084,285.9132671530388
15119,292.7588171535632
15008,218.507420467987
15011,299.61704722591725
15121,317.63369045897645
15075,289.1297928428879
15018,299.48910847052434
15019,318.91320765619975
15020,314.6100606440647
15022,286.64374004775357
15047,323.001817729068
15001,324.77038938793646
15048,316.0230967901671
15028,291.85380242735926
15063,316.2609327994462
15051,324.3235734461479
15085,313.88371008297145
15088,297.62321494797027
15027,310.2806361426081
15122,296.1034275978792
15099,284.70601628454307
15004,263.00715948980854
15043,326.5225677036842
15035,302.20397743686704
15065,278.1750177349282
15079,295.002362225457
15010,281.10546281550904
15037,337.5880279444893
15038,337.5984137478031
15091,303.94375938128877
15033,308.4303192749248
15097,260.47846907445296
15114,283.697042369793
15095,314.2404117920524
15021,274.33270232963974
15002,296.55181145166034
16045,193.37920173947245
16093,290.23199001362127
16092,190.68920135066534
16088,233.10302375952935
16085,213.26011063632794
16084,216.4307960007436
16074,191.0218810265181
16055,113.46674816362491
16061,265.21188263598395
16073,204.8263690258189
16104,209.3370883312614
16089,143.458230465299
16103,211.0495112032704
16102,165.8061456272122
16071,249.55192621887613
16064,123.45746717140877
16063,231.18875192005737
16062,223.41831256919804
16060,255.996252191866
16059,138.14551558363493
16058,161.7321665086771
16057,162.42825676118153
16056,190.53553474872587
16079,166.87899734908666
16078,260.7113885740615
16018,240.05103095977347
16019,186.9160440676855
16020,251.45378461346903
16021,193.25431212232294
16022,226.60445457773724
16067,240.54637009602132
16072,241.7115433236484
16086,246.41916239344334
16087,155.8351478553532
16047,240.07247155487548
16046,234.48493914804624
16012,145.59480552520913
16065,189.26508364476163
16066,181.77105495788484
16068,173.8139741303302
16069,261.2874045689657
16070,218.21021190208634
16083,154.2394859140381
16002,110.76208828010624
16094,228.20759217115886
16095,192.55487839163365
16100,195.55485852379124
16105,235.68578069484005
16101,211.49127245353398
16111,166.37310792290018
16034,242.77490154904467
16017,304.2972856060255
16016,212.592307811791
16015,125.76984609329921
16014,81.38264482007972
16053,212.52564149431637
16052,26.23317785654428
16051,179.1449211079141
16050,283.0225769859574
16049,187.40853116576457
16042,234.45469978599468
16041,266.05677987071005
16038,137.6481373164272
16037,226.8682192149471
16036,245.74912894872296
16035,102.64292028166297
16023,224.80965956505034
16025,206.717508007912
16040,239.68250320428248
16039,190.0568595994208
16026,100.75737465909066
16027,232.23656097493438
16028,241.71891823256004
16029,101.25418287133859
16030,244.55068136059663
16054,238.92860209907678
16033,135.29498552798765
16076,196.91495080843885
16075,190.2018534811771
16080,277.5046224865872
16081,232.05441130967665
16082,163.68834172890394
16099,216.7059893240241
16003,245.48039971818255
16090,176.7845207378764
16091,206.46093671346006
16048,197.7216216535334
16001,189.8368785860803
16024,198.8251148314182
16009,142.72424321518383
16008,121.62990718198053
16007,266.9646376918542
16006,112.7446247223707
16005,271.7606763289886
16004,247.1586984965287
16011,223.6002052426456
16010,47.20575556251761
16110,259.4319919209669
16109,248.03746086602928
16108,231.06354143238408
16107,210.97962664880933
16106,259.5918794397418
16013,165.19322307843268
16044,224.6966101511893
16043,220.5163165345375
16077,164.482026246203
16032,191.15044362216224
16031,314.26279267452753
16098,252.77659723888934
16097,135.0281137523251
16096,75.49906223194255
16113,263.58982196497766
16112,254.6421275465152
17008,323.7562420551483
17003,285.97150101334387
17036,271.8360214063828
17029,309.46374599716205
17018,322.47113599564324
17014,308.2000607669886
17019,299.08981744345135
17006,300.69034590512933
17001,303.4486301780411
17025,319.6175560445918
17002,292.1305269275108
17026,300.3475092565931
17023,301.156925859745
17004,304.50444445491013
17010,283.0174659228167
17017,311.88314957957476
17015,312.1253468671473
17022,273.3238495433683
17009,326.90920600992035
17011,321.2216936480487
17012,320.2191991085452
17024,318.1375832036501
17030,289.33200652390576
17013,288.13395175401513
17034,315.08180805225214
17020,313.69301072345473
17031,324.01500201699514
17021,303.6137224195692
17027,293.8988776777966
17016,280.9753907773148
17032,279.3753924216293
17033,284.09343944196416
17035,320.2319467331111
17007,326.7420736774403
17005,301.40601743273845
17028,323.66078324077114
18009,175.01314284664593
18003,90.57276248213759
18015,133.87559390583104
18014,103.88123384592355
18007,106.12160987708936
18005,128.25205830434223
18017,116.1344140224643
18013,76.78202121782479
18012,104.94647243040075
18011,151.64423794663378
18010,162.84685191415076
18002,82.0760959929831
18001,143.52501721300294
18018,146.1506332281747
18019,150.80513595515774
18004,57.07938095579352
18006,106.52908764166168
18020,22.35342655893409
18008,87.99476792061633
18016,132.04157112194488
19035,431.089975131935
19036,253.14637840669306
19002,464.66989528480065
19013,354.0959977553457
19014,289.9533310930295
19032,570.251385735602
19001,462.9194854400733
19031,417.04258903947755
19015,407.1168424019527
19043,367.7701484496572
19048,434.31382114643867
19047,470.9678468454481
19040,490.1713409064259
19037,515.889809298604
19027,414.4793785584847
19020,385.1522506483093
19005,583.7904400761577
19019,434.08199134850577
19041,421.12858180739454
19008,530.4903122799961
19026,427.0942369542584
19051,510.0694340898361
19007,281.7729053858825
19050,507.38713875332166
19049,402.6569268769586
19034,433.8119154716787
19045,476.5267438133841
19038,354.5558379793983
19033,313.79604646339385
19010,456.5405045797917
19023,446.2961942747097
19009,397.6535919150473
19029,324.8774793261865
19030,313.14977262235686
19006,437.28771824390566
19028,450.8351291442435
19025,445.8049228406469
19046,436.5440530885728
19021,449.17091544364723
19003,427.86639872480146
19042,394.7295765684982
19018,465.6761744036644
19017,359.9543033535078
19016,423.84775423141855
19011,441.79685025187956
19044,511.1473063973691
19004,383.0490872870743
19022,349.4352954976262
19024,246.44530072892587
19039,430.4109467170698
19012,454.68562742654234
20155,193.9028394939091
20481,289.0274177506665
20378,195.19477134838016
20334,250.72262464772584
20437,139.24651204284783
20441,28.315285942717587
20446,294.4254835508576
20447,304.31496768748553
20469,298.63473026879507
20440,67.56299347895802
20513,76.14233121642403
20278,109.96056227569888
20457,182.756703214819
20482,313.14308547480806
20329,240.14766477892934
20330,143.98035966157684
20170,124.55772377301135
20230,272.8422371701387
20184,129.97826661842933
20214,178.18325039604778
20220,174.99857569848234
20262,176.58052355281188
20266,99.46189733329706
20265,99.66274841127924
20318,201.99011402729616
20327,105.53928490340394
20556,213.9178297477754
20005,60.485723650577405
20517,126.73081255735016
20565,188.77990833933458
20503,161.88199319962848
20500,260.60644215519596
20059,156.3834119566096
20177,184.24560522947965
20364,224.6758424318266
20057,111.61961505132834
20544,203.13953621902476
20410,71.9969663794879
20435,121.33830144702426
20417,149.68701727320743
20439,164.99123562176118
20251,296.7742789141265
20467,276.98408053438226
20559,156.9534685499221
20169,117.5466780191801
20118,161.0282340469152
20568,231.55040010153508
20460,154.39116058597034
20044,135.4082615371769
20507,339.2806442072982
20515,21.862339321707367
20516,226.98510912619844
20051,166.00943777472006
20041,136.5782706176947
20042,190.25388263859926
20071,134.70269642625664
20223,173.27211058321046
20190,131.47177068452882
20097,164.67301050551507
20098,147.633356987375
20101,184.28920445942242
20104,210.8516927971663
20413,117.41211852252329
20120,163.54094262601052
20121,218.259318009072
20015,158.65447582289187
20125,86.44988635510872
20124,21.831805355733017
20020,309.20409664395
20153,198.3148987872625
20141,77.85711223973992
20147,239.89093969823358
20150,219.3084090517103
20164,266.1669869686532
20204,86.13543928668665
20035,188.35008469501963
20202,205.54457425953632
20566,243.19479892099778
20217,235.542186710287
20016,311.31991862537865
20229,216.45728015090674
20232,131.5266584114352
20235,140.80295306346972
20236,130.05165730120086
20525,97.9431257861188
20526,213.3987096772739
20052,53.111128179397326
20290,263.6235268312517
20043,36.94167883163921
20079,3.9630894195165682
20207,109.53496483710411
20356,164.672039482087
20340,206.75747967653584
20218,258.8712487019992
20386,246.94580363179506
20179,207.75126957873022
20524,239.87454081470804
20264,207.53046413308192
20333,123.3423211183997
20198,98.63350959471875
20365,178.65250076465466
20002,93.4244179576652
20006,222.84497115180935
20008,61.40150721064429
20009,164.6903015164053
20010,70.71345525700255
20414,292.0809933983297
20291,170.54496293137157
20298,147.1628672881411
20385,190.4455913393104
20023,195.0121182503127
20306,137.56756483001956
20310,199.37984591897884
20309,123.60134962166198
20324,136.8634632355249
20337,137.89347241662986
20351,165.72031494921325
20562,241.9567575962397
20426,219.08070204857188
20427,80.56401733038635
20021,88.59495425212583
20175,190.7740736883029
20466,270.57838325633554
20468,171.90792743798545
20470,75.92276278399252
20479,236.88765398892346
20498,133.89698448011268
20133,284.8039419445399
20134,132.3419621759996
20138,160.0435479786885
20149,186.78035607989742
20161,222.07160891804236
20159,189.7849679581853
20047,210.1051882267061
20094,231.60717259416936
20031,130.6621074251562
20279,135.45043692660116
20401,187.8675213014873
20367,283.26907315535345
20359,204.1090393359318
20511,228.64461863184505
20096,226.380974790424
20504,196.54331150481238
20537,279.56717717364916
20543,250.62317447394355
20548,180.8285768863044
20076,289.91949306302763
20463,213.07800326772838
20436,190.31050841709606
20523,225.00035555771333
20054,231.3801672277735
20168,328.0191248530209
20185,321.3738424160438
20246,152.76586236637868
20277,202.71597310988145
20542,174.02600595514943
20357,88.07579876074605
20489,266.04090688334776
20490,141.04064454885594
20502,135.4587427453161
20163,143.23563856357043
20166,142.5151136803893
20237,247.50293284907846
20506,147.4986021610247
20508,51.35269006585798
20205,159.99378933021214
20271,198.24957538038618
20545,159.23752051558802
20546,171.99446678188175
20547,218.89808280513253
20186,269.86534151939003
20227,201.95343407257715
20261,246.6967352403618
20552,204.36510870670438
20550,171.8360986275864
20253,124.231166818797
20254,142.33210669480883
20272,235.92602311330015
20273,211.46480276012758
20275,109.1666185321883
20551,146.8538667863834
20553,183.10654167553557
20493,229.04079095357224
20554,148.34153351112747
20555,190.23586490371437
20018,192.6149488106932
20036,77.23810141479748
20338,204.95983608783226
20344,179.476356153389
20366,163.30823394322582
20377,272.67247939122626
20451,201.88792696340252
20404,216.802671135586
20407,121.95982530305515
20558,182.92066447709644
20561,146.6253853070943
20056,327.6102777684223
20563,173.96240653845828
20497,218.4704525676634
20549,255.70988283994396
20564,245.80258618455886
20099,292.9601394240532
20491,233.9432289985152
20379,281.906303445966
20494,212.10208156689131
20499,244.899539402204
20058,153.59275669729314
20569,238.48752251509833
20570,207.82118836752696
20567,286.47917697995297
20423,245.70874885094722
20528,275.1142870539039
20112,155.0383537396524
20510,261.79906335544274
20129,210.15186998826695
20371,268.5279431746815
20424,123.65599962647833
20406,119.60862131852817
20422,213.80264559443316
20450,253.6876153945578
20075,83.92660621614772
20501,282.012333414203
20505,67.42015301172721
20459,200.7583522918266
20477,223.38849727057212
20484,275.0918099766732
20485,350.1254775210696
20492,255.48347532004078
20495,110.93754914002173
20514,159.25302071732878
20534,176.59012100401955
20117,168.6822446806899
20512,119.68499319546984
20518,236.65132110380333
20206,159.9009280664213
20521,218.6042327764447
20001,196.7488824814436
20256,206.53266036147227
20003,123.73115768478611
20263,158.795593548822
20004,213.4841157392601
20007,176.2531001445635
20267,195.27477614529866
20011,289.5514644669014
20027,148.83346893037896
20030,37.214317016872485
20519,179.49024021614767
20034,267.76161120762526
20013,186.02310686050734
20017,182.7499852244686
20049,173.03266925417864
20520,258.15692083530996
20019,166.1641691269644
20022,211.80125690269355
20024,156.72193352229496
20025,106.5836842248478
20026,268.43000408855045
20029,135.8942483223067
20032,253.43236887786205
20033,204.66201329887502
20050,264.05829965376074
20536,239.62202435052225
20037,311.855799583167
20040,142.6443826534178
20045,210.12228623727697
20053,38.60571113132229
20046,244.76875042227545
20172,250.86346736642133
20048,199.94659805658725
20522,157.89571175981044
20456,234.77445181875612
20060,147.03308627169503
20061,155.15397811722852
20062,181.70031857004068
20063,207.3430171934057
20065,273.59555937339456
20069,178.09634185936739
20070,297.3020211301469
20072,166.657825422876
20074,116.00027436674577
20078,179.44903464832973
20077,208.15973422540702
20081,265.54216482036077
20092,203.689042961259
20080,177.15841846781515
20084,198.75146497807987
20082,280.6148696556315
20086,265.67857930021796
20083,183.415688549634
20087,187.91623537920768
20089,233.8833710548458
20090,291.66229061647226
20091,189.66057744552594
20095,142.27141290564748
20100,159.54755596873056
20199,277.89803584402324
20102,214.16133052979347
20233,155.7688482231048
20103,175.18384413322414
20105,252.41303128897005
20107,185.77241699655016
20108,224.0188681300379
20109,159.69536924043732
20110,273.23986466852125
20111,307.5738693717453
20527,174.49418519179397
20116,139.78173390713292
20114,159.15948857692936
20115,181.64040226515428
20119,259.65095196999215
20014,51.8228129408998
20123,198.55046111235856
20122,83.39429604363811
20126,127.92775530270724
20127,261.9177768152892
20128,167.6548046424371
20529,253.30219886453216
20131,136.34683696268903
20130,52.179470211124304
20152,295.2688193242898
20132,169.62642658990566
20135,207.41429142688554
20136,157.97426872563292
20137,244.21919500614635
20139,157.395405881239
20142,139.99478304877715
20140,233.74352170926363
20160,239.69337785821665
20143,75.78477178127419
20144,238.25840740192336
20145,177.17538222168258
20531,212.85439500591755
20146,128.70008051157788
20148,107.97836258716708
20151,207.9746273398475
20157,195.81997954291597
20248,16.696865535030273
20158,234.9186413438404
20162,158.55161592503012
20176,202.78239029809097
20165,238.23593978770316
20167,139.34715219929697
20530,172.3765153181258
20187,141.34986927789666
20171,128.33778818869544
20188,292.4234310819941
20173,196.00972033173278
20174,186.00505415088347
20191,186.39243609553114
20196,197.9730158863713
20178,204.64692093174406
20197,168.045644420084
20180,338.6183206223783
20215,229.53602154860022
20181,207.62683596845858
20480,264.95962964547795
20182,154.9095889690925
20183,292.0894723193745
20189,152.12345366084116
20192,173.808051353148
20193,212.3417811532107
20194,130.68262994658545
20195,251.05332704943075
20210,260.83618719116134
20200,107.97833877913179
20201,174.15381497623935
20203,150.9825821173813
20208,275.26491401616613
20209,119.85653803614076
20284,160.98421288547084
20219,170.0127842383242
20216,167.8162798067714
20221,224.31957322471527
20222,182.46814466142968
20541,178.55260244646604
20224,221.21639010746867
20225,287.984136498487
20226,137.22465588442066
20228,136.9246544903994
20231,100.36407469732825
20239,253.56999379385923
20234,146.19563371341738
20240,285.4179643893904
20241,184.06931776798243
20242,302.255905889237
20243,178.00904075665602
20244,153.80929628142212
20249,140.77904814886176
20245,255.72194753850593
20269,277.2875899986225
20247,182.5389804686391
20250,230.35469690711747
20255,250.00796002015957
20252,268.1412907991429
20257,157.0175399102448
20258,253.20218125254704
20259,286.7715647363487
20260,204.82402746490243
20268,171.38620599284323
20276,158.32805514891393
20281,236.0428098466635
20274,233.77369448667508
20532,289.5500785477158
20280,172.85013336954736
20533,148.34014041182064
20368,166.39954248050827
20282,38.38490543287483
20283,197.06791620170154
20535,204.06279143628004
20286,278.09526668798566
20285,312.7835305586192
20288,179.85743202395943
20289,168.15257756325724
20292,202.1558571671354
20380,171.844051240832
20294,219.1692410296977
20295,186.535540946601
20538,145.20218465223948
20296,190.4826865344481
20297,260.1065874377214
20304,212.77835708627575
20299,152.11760520888566
20300,313.6349358932461
20308,9.883864250070017
20301,176.20304992912656
20311,192.46629574438725
20302,298.9703061456735
20303,158.5027050278358
20305,33.03427577051047
20321,216.72793964494988
20332,232.6716315057696
20307,66.31774348122633
20312,306.05902758311214
20313,187.9632984659485
20314,205.28573264748692
20331,245.56756140512206
20315,173.52645812953367
20316,117.14401663654745
20317,251.21463576379767
20360,180.03045132894368
20319,108.61199121964808
20320,271.97854318387067
20322,139.48347068534704
20323,112.64612368337403
20325,111.58165501345876
20326,162.1649698595717
20328,152.4413100747858
20335,187.9069086485521
20336,177.45858959605314
20339,237.13907162485177
20341,229.41272511880751
20342,189.3257928093072
20343,175.44111480211052
20345,318.1488241739328
20346,247.38961588779867
20347,131.39370549895608
20539,205.8551709891304
20211,108.60498134622553
20212,172.3587955858812
20213,231.66503812565938
20348,291.91743687187187
20349,176.3894691755769
20540,226.65238162687632
20350,185.87159502959102
20352,248.32996321530916
20353,165.137006382928
20354,134.3605775321047
20355,151.59440005059193
20358,189.0340447172922
20362,155.98064997635248
20361,113.3140972903131
20363,187.49737285465838
20373,199.17145685609268
20369,182.22806372667992
20370,255.3751914339986
20381,263.3649816846656
20372,280.2876547924731
20374,140.1080502244992
20293,197.76495389341108
20382,255.88391373293868
20375,186.55068618880364
20376,284.6501934556988
20383,252.6614333569335
20408,257.95365136857015
20384,159.63763518118472
20387,183.70307399216674
20411,176.76909641811318
20388,195.8484617634292
20106,216.32751212281113
20055,259.47645100487665
20390,188.04469880995947
20391,152.4373676577525
20418,48.81984381422244
20392,284.0811021362784
20393,169.03883029189416
20394,122.6014899597114
20395,201.24445741147719
20396,141.4357345200122
20397,273.39977271155715
20398,189.84570551359502
20399,198.05446493442227
20400,217.72037260089706
20402,334.4309275477935
20154,135.22859289520912
20156,167.1369146282864
20403,184.554484437227
20419,195.28141874844428
20405,238.69539848847995
20409,180.82061809506345
20412,65.28708450688828
20415,303.5110516222905
20287,211.97162481803966
20416,184.6798602459221
20420,206.98030528709435
20421,29.83936224097456
20425,168.9951482498206
20428,92.84428233631256
20432,168.94912545100294
20429,200.81059011440266
20430,258.12378549691965
20431,171.74051942118095
20270,192.68250701383147
20433,212.36341262640516
20442,169.5000949975092
20438,155.44923633726512
20434,144.1196552637524
20444,254.43305193594466
20443,173.02310061526967
20445,267.0247352704356
20448,237.06239349970465
20449,132.85239593351056
20452,177.80655432169024
20453,49.2521185690312
20454,128.82210925083635
20455,240.6955915969942
20458,177.73842876603504
20461,285.885536577891
20462,225.7597211291599
20464,201.648979559416
20465,93.81998437983208
20471,178.143321577433
20472,51.027890293353025
20473,166.24518742989545
20474,329.4711139763765
20475,150.20865940798868
20476,215.1401041029342
20389,181.32714999004892
20478,203.24594872408534
20012,145.66179214181116
20028,170.86309606278232
20039,230.64888563895235
20064,84.74024835649412
20066,75.75876573328637
20067,193.20035290210876
20068,173.99601623019757
20073,302.31390093560844
20085,153.96995561453585
20088,287.29017391597677
20483,217.59457799608563
20486,220.59820202712194
20093,231.57857419240105
20113,171.8687724455834
20487,228.9594334493655
20488,205.38885524410696
20496,176.9612415990568
20509,158.37599725581367
20557,53.323189678784374
20560,160.36660199890827
20038,152.32775243865493
20238,172.2487455001016
21053,220.98659818066864
21211,162.3373527368052
21206,213.62696563731146
21152,169.90931354131237
21027,184.79339843076875
21026,246.70854956847003
21015,202.9227851927716
21014,198.8023814304373
21010,135.6887312304662
21149,153.78725188881015
21004,172.80811795183564
21005,272.5429746632677
21006,203.5741784981493
21008,230.36660148595615
21146,215.03730487139356
21145,116.9189187198634
21003,238.0460652697499
21117,177.082510285008
21165,268.1854800561746
21163,196.8429076719273
21113,255.6782950297418
21009,242.19993195483448
21039,191.07102275645198
21040,202.97218467360383
21041,223.51897866576587
21016,198.93920245020067
21087,309.674294859693
21167,198.51802116537053
21166,247.80438796557735
21018,187.9204868127562
21054,149.04558894287035
21127,218.93620473681437
21129,162.77770011862987
21130,150.2590000355517
21213,212.30574993475733
21124,164.22957024412887
21169,205.54895610605473
21172,186.3910430808126
21179,128.4473653915184
21202,179.17564175316826
21203,182.08095082904097
21042,232.30939293863088
21043,170.09648417978727
21217,127.62090173381863
21101,174.43214706356125
21100,219.6660086469622
21099,145.9290438997835
21098,192.22797958884013
21096,164.06260089075087
21094,164.81006914685892
21093,122.33792765385157
21092,184.84728435039565
21012,146.04055621413886
21013,154.6304084128553
21007,236.8736136438412
21011,286.8717874367635
21022,263.89806907724306
21025,165.6159778539542
21037,198.03042634627099
21035,148.2696654492058
21033,276.8766081713491
21032,301.6477833225734
21031,225.18306645098662
21029,182.1455065158882
21045,138.69974309908088
21046,147.61608447526612
21002,152.66877249212502
21212,172.2977221573839
21199,141.10342602310692
21205,169.66944074372637
21201,239.82784422468018
21197,209.2256040244154
21195,133.22267025327145
21186,159.94170103114564
21185,259.37768130442146
21184,206.19945293598215
21158,172.12144697446917
21104,178.8096307740027
21123,200.51632105144577
21128,167.8589395466091
21126,238.57658770089483
21161,164.9827683597386
21079,188.08080074500612
21194,189.86935996470322
21190,207.0336006467841
21189,182.4770393853266
21188,262.7602398213276
21187,202.0508773459821
21177,168.77089586302424
21156,160.76867402190592
21155,262.98166065383793
21154,172.46527099044238
21153,196.29641151914123
21118,179.90707398753537
21119,227.77637342405797
21120,143.32182892680515
21125,233.77491887790563
21105,166.51157022215648
21175,247.87807330403385
21085,255.87017239785382
21164,184.6167163123366
21198,287.71174831675836
21133,241.7026176736065
21174,148.00515749387895
21176,261.98228775079593
21178,204.02435317101643
21134,249.61079468939738
21135,217.2450903842466
21208,213.198092731843
21207,168.26533281490583
21180,258.36624136165204
21137,143.4978767839688
21001,190.3729942691471
21138,256.4041610988897
21139,241.96879614497328
21196,216.85848741060911
21140,232.9439513415656
21116,103.2316969346789
21141,239.14965235637493
21170,143.10138078557756
21052,211.95103550125955
21168,272.58185336096284
21143,255.3711922255514
21142,155.84193368265414
21023,126.76511375912435
21115,160.49260921473547
21114,216.05677224447234
21108,153.08440355321645
21112,226.08794878717728
21147,220.4994446011554
21204,158.69712975733356
21097,187.9526788891234
21148,238.34487173246936
21200,174.21100213736662
21151,185.62535434097342
21159,229.0554244604364
21050,98.53615022779655
21144,175.20810448078313
21051,273.6269026476767
21055,229.9244306577992
21056,273.1524622156875
21057,220.129146952158
21058,113.77529807012357
21059,250.51714662868764
21063,135.09524498299666
21064,166.72968872518345
21065,162.69713527868677
21066,248.3102222966395
21067,131.7051363020144
21070,211.70522810074704
21071,227.7244675951648
21076,153.79988459050134
21038,180.93469256513754
21078,185.0100360788448
21047,279.6533274452187
21048,250.31961053403145
21049,215.83098402200847
21080,180.71848123670236
21132,241.45702522287223
21216,176.30668117945905
21072,184.95914574598459
21068,195.7945669321609
21171,187.7122643057627
21062,245.07020092463188
21061,113.66387566589151
21060,242.8956484088376
21181,232.47049018694977
21044,157.44621120644825
21036,134.46122410901287
21191,274.90062902622213
21215,191.0485540604758
21192,177.31522020005022
21193,205.44310865318027
21173,155.8732554751264
21073,288.6422974114226
21121,236.89167941095295
21083,187.12703805898863
21081,301.30779728663884
21075,155.08076502681925
21074,243.58065458758654
21111,183.90956129658665
21089,205.17184105574856
21210,186.13425284902985
21136,228.5995740598106
21077,187.4448209189737
21088,175.41481028480266
21131,206.12372760893447
21110,153.14404215980258
21183,214.7516888116872
21020,192.06312857986407
21028,193.09425466300544
21109,214.84456158511435
21030,192.37240438659884
21034,227.17678901952334
21090,232.89766591170712
21091,221.0419575128266
21095,213.56216500969487
21102,243.95229868099025
21103,141.93357503269124
21106,232.01827441729597
21107,190.2403559424857
21214,150.22750097598856
21019,246.41080884700875
21017,152.96052158998694
21024,263.6916464912755
21086,194.8416873496919
21084,183.4295980855222
21150,218.73899617707056
21082,196.15051124426333
21160,297.06241078687583
21157,247.4128999321868
21162,194.86107804206532
21209,178.679829002598
21122,251.63693434414904
21182,188.3762564409164
21021,263.9505922741405
21069,255.57454206807898
22006,329.4607556257585
22011,300.68687649410816
22012,308.16212865506276
22001,324.39634946983887
22005,283.01952018451595
22004,244.25974222476427
22017,284.9477360627209
22003,204.4473372154605
22013,238.81846016896313
22007,271.0900350372906
22015,219.83033993833257
22018,258.74221104239194
22002,215.43623414686977
22008,324.41119514371337
22016,302.1258090574639
22014,315.3994014619171
22009,178.69207415474372
22010,174.14250805014888
23007,238.39284302109175
23009,235.33867453684957
23010,282.89415254812667
23008,248.44893064610943
23002,246.12158763839426
23006,204.00783166256932
23003,277.9279303785899
23011,266.27345723843615
23005,283.8295614964648
23001,301.7902879332193
23004,333.07980446297876
24016,64.55373071158857
24032,279.911067267042
24051,282.5957251591248
24029,119.92401312618324
24033,397.5888623894515
24027,222.25601196259456
24025,381.9114756813902
24015,338.52935996618544
24059,300.01108324384103
24013,121.50511662390741
24002,177.30584236108862
24003,140.61653629631317
24004,278.87905899576015
24028,313.5078941705695
24050,320.61194400431657
24057,141.12783370882488
24049,412.8237449018184
24006,347.0854500274884
24018,139.22699087920213
24037,144.4180069195139
24038,127.4992432884007
24020,297.25333656059985
24001,341.50898282143567
24045,329.28840183912
24026,120.6967543109891
24044,357.1474397693409
24039,119.489930369091
24048,319.90548814622264
24055,286.3964210705893
24054,151.80221056938237
24053,136.37718014990463
24052,233.44549495483162
24019,192.9173523174126
24014,133.32456044904154
24017,248.17708162947815
24008,241.04873364710386
24056,296.18030388425206
24034,89.3047519493158
24010,183.42277974755567
24046,347.87572811121225
24047,298.48020999571037
24024,222.49356468647642
24023,185.8856242350329
24022,334.4064032564854
24009,294.00573236850244
24036,156.40028972264713
24007,325.95386488924305
24043,277.63117721318855
24042,107.27058629716376
24012,131.01645038311244
24035,301.20554569771593
24041,114.02010006034396
24021,332.31061193992696
24058,147.36205985561716
24005,185.86180332608478
24030,261.44578523465765
24040,90.35824387436244
24011,239.0367157960736
24031,174.49152709563788
25016,84.715560907692
25015,99.9456490412729
25019,163.51541520722654
25020,21.75102414940769
25002,104.39469223957269
25018,162.02835064039726
25010,81.99964791864286
25009,91.09190809590538
25013,130.4750050690377
25011,51.1285669801651
25001,38.59585115253392
25007,142.23779710669794
25008,103.90670574386617
25012,32.76866260231155
25006,185.7083943295227
25005,148.1591448620483
25014,64.42018278186818
25004,50.05697817599073
25017,102.7217220733878
25003,166.10418927110823
26037,133.30912829113328
26036,312.1968598153933
26021,102.24769121936812
26054,134.76332599221192
26068,157.68838597208068
26046,323.9659362700837
26045,234.1791570690166
26041,316.0466647079351
26033,121.21765855024636
26034,231.752553614176
26014,203.55402973081328
26026,155.05462255325446
26016,251.69757097085218
26044,149.54482018371965
26047,254.31787498792497
26043,363.9223468925794
26071,136.22279756822635
26029,35.885036363564495
26069,196.8539707988541
26025,23.806792274446384
26039,378.05760836603145
26055,215.52506454773808
26030,135.4006931738081
26035,325.0752614036261
26022,277.59819436056495
26050,206.25716728745525
26013,245.0389867741128
26012,74.31287274253641
26032,271.30537580717765
26053,223.8751691999994
26048,317.7968460271201
26057,191.0554292242092
26065,336.71449072193167
26066,167.10709447796535
26070,352.1463227823543
26072,82.13792619259523
26058,281.40681023648636
26017,359.9707726866583
26009,182.6525400528009
26020,200.57250587706886
26015,350.74275134733045
26059,364.48133422751187
26060,376.95733625839824
26001,218.1426231683667
26042,167.2799157721174
26067,298.0492306696736
26018,99.5540980825923
26023,260.4330300875221
26007,327.5800463393968
26028,255.73407508533538
26005,208.89481347488288
26003,161.44352503617213
26004,374.9268632722933
26008,276.5841454197243
26027,346.4829701380525
26031,310.9561033137379
26006,284.6251950963462
26064,273.89239509369094
26062,111.51813887414642
26052,221.50127039315498
26051,154.93062853691686
26010,332.9575231238697
26011,317.6040932553553
26019,346.2605506791828
26061,158.12368367241194
26024,239.15601466397683
26049,154.75170776035938
26063,217.6254072886242
26040,275.26412762076853
26038,230.6716129965868
26056,171.54492275299148
26002,389.43132740541205
27006,39.78239497844023
27005,21.359440408439838
27008,84.73844557546437
27004,59.87112393962067
27010,27.909515110589062
27003,66.18485017456663
27015,112.36813420512918
27014,6.087063143255484
27007,181.2561342320306
27011,119.31276256023561
27013,38.80213359690287
27017,231.56806492197052
27002,54.910043875022346
27001,212.49932343747673
27009,86.72853293393851
27016,93.9160141733098
27012,102.79084548484761
28009,7.643498743130919
28003,19.667064939550414
28022,354.9885357919078
28021,93.69549014668824
28013,199.8280196855538
28041,188.80999551896258
28014,519.888038044718
28040,362.56453568983744
28010,249.06469080831883
28015,416.9092638159106
28039,197.425343700222
28020,291.32602044876916
28027,585.9989277996243
28005,292.07522351249696
28007,426.37465227858985
28038,8.323659969704996
28026,229.97590599042312
28037,150.4422117563706
28019,132.95164845394245
28028,130.82073269741963
28025,437.3797009588408
28002,64.37245333728353
28001,191.93909332298946
28004,118.64533476622275
28029,150.63565914447764
28031,191.55719002665086
28035,272.7761944849177
28034,250.42682024742922
28006,222.2631127388788
28033,367.4371571102331
28043,120.63366919752839
28032,377.21383114446076
28023,313.84525525618176
28017,190.95549524473503
28042,277.3590898582299
28008,141.45959097414934
28016,245.23393239844336
28018,211.72096078047656
28011,142.83447363432649
28024,461.46034495760694
28036,258.4835061875059
28030,199.63768241941617
28012,74.96036148782031
29013,190.04201654104284
29051,224.1337676284758
29059,217.8410146994638
29011,223.22729487918005
29060,218.11624072701775
29009,206.49309844601575
29030,191.8287905585771
29021,256.4866183346082
29058,219.09595073942174
29046,192.5420119126691
29035,198.99064509244621
29025,211.20217775263137
29052,201.48666773664434
29031,206.52473015755322
29032,226.5629997542244
29024,226.71694628858793
29042,221.72705952375497
29053,223.03599816979587
29034,219.6256112883013
29006,261.0645964282791
29044,223.7194331013382
29049,227.85236458776203
29040,222.80358488419247
29026,210.62613764752547
29055,225.2922483129294
29022,214.25638846826894
29001,216.13500171658504
29037,188.62247296685598
29054,223.77776775642454
29036,222.8697314968517
29010,210.2638084426687
29033,221.46632520287505
29023,231.24310310869924
29050,205.1668176785763
29041,217.0314514773032
29057,229.31295597152248
29048,216.57297838270244
29020,246.41602047754165
29017,213.61997338509082
29056,231.5433126804466
29002,217.33377593562614
29007,162.6873950229192
29004,175.98662273617802
29012,243.57210286775887
29029,220.36423956655497
29028,208.54412249222528
29008,172.09789434247716
29047,198.57504524505072
29039,200.66846616754484
29005,210.98075577849906
29045,243.0179586443772
29016,187.07623459088495
29019,236.31705956574768
29014,234.27006767612824
29015,237.1407109714991
29018,210.68544218440277
29038,206.1302982454279
29043,216.0233815338861
29027,216.65495787334297
29003,218.6778927832042
30051,203.99860029933765
30056,123.82334367009888
30055,123.30454503407242
30054,114.71978415006105
30053,72.76726268046245
30183,142.12456226071873
30182,96.85111844837984
30181,49.65179801844882
30110,111.65929369140888
30111,23.622441146026723
30180,180.86075743114486
30178,91.46046492832369
30175,175.51660839525843
30201,103.4995147159959
30208,106.29695892499853
30207,99.62769256422006
30204,28.889302087029876
30202,170.427505958991
30200,64.9434903035694
30186,93.05035382451602
30197,98.13122331672955
30196,81.57322008679367
30137,112.30641738099624
30184,121.59885223760028
30105,23.873260229354866
30043,58.52483079557955
30042,100.78227279123853
30019,124.1443248513099
30163,108.41570371433973
30115,119.72213997148742
30114,121.76012372029325
30113,97.77212115903916
30010,122.19744029149062
30097,89.92446268115944
30087,87.89323514465171
30149,51.23108768537137
30150,80.80791236158838
30148,37.70870485273804
30147,123.72699760729296
30064,189.56273152733513
30074,113.57858279944958
30168,108.91638291558462
30166,84.76783090690041
30165,77.73816880016972
30164,87.07404195217347
30126,33.683166897942165
30050,186.10494650034425
30046,88.83556285359965
30004,56.35703185157768
30128,125.67652112347531
30145,46.27516805906733
30146,83.06567208463704
30098,107.53110941016214
30107,120.3455078431606
30116,56.389134765484265
30131,191.6278739950475
30136,99.69211425791109
30138,114.23384241768828
30140,111.72192377680032
30156,114.68285685493616
30157,165.44687062888065
30158,160.93573763486353
30159,122.15863974019557
30160,138.64897625400533
30161,89.84325164310661
30162,74.70830959231058
30078,109.52660746006742
30167,118.16198904511961
30169,128.7365048496685
30185,109.18795973472719
30190,115.39860113951264
30003,65.47811352114621
30194,122.88936713106318
30199,31.5295183105153
30206,10.218573554017569
30011,53.55065129006993
30012,97.13018358054931
30015,102.48824366228244
30016,22.013104279955982
30017,58.41698216083532
30117,80.92513477793584
30044,89.8712935961456
30047,101.96039056065437
30049,44.88263130879503
30052,86.95041971262162
30099,125.91821880950742
30100,24.233377553894318
30198,197.0685367166235
30139,95.7951752179168
30041,95.51935857907978
30058,135.6005696253414
30135,110.55900698122989
30176,113.09503396515575
30120,31.721476116050525
30020,117.8772981134016
30021,76.1418488212496
30022,103.45091168274617
30023,129.38200330683625
30024,73.34590353260008
30025,112.55751870918904
30026,95.12393688766879
30027,158.18432219182228
30028,9.467503267558921
30029,110.38232251104256
30030,117.66946758320773
30033,176.46893442012842
30034,114.23525797565055
30065,68.16351070146453
30066,185.9034332773837
30067,198.20129195606893
30068,96.12336204425972
30070,68.45605046681251
30072,198.3965599440161
30073,77.36554883830284
30075,62.040606736253665
30112,88.34241988242418
30109,115.39398616742928
30141,91.30593537459836
30142,88.82212018498294
30143,106.70028497107998
30144,72.4516915075946
30151,105.55054856573491
30152,32.00523118754023
30153,105.81225862861956
30154,87.96879707322068
30155,97.15249526614956
30187,100.901308500841
30188,80.3787428917556
30189,149.14225161091358
30191,37.33770143856144
30192,100.58784956079823
30195,125.531013217397
30210,96.34810059930683
30211,139.10432942525316
30212,143.6031254431191
30048,21.09456256948051
30059,30.829123748628266
30209,45.25908271898224
30173,96.63671608504613
30205,77.70143101815445
30203,181.61023033833018
30031,63.675641695853585
30079,102.4283907204187
30069,171.56546195614177
30101,114.53505904203958
30103,194.357119699728
30104,44.14562636625488
30106,97.52234334780394
30102,141.0494324974608
30108,48.613131694777344
30193,9.434468648382413
30177,106.93859246959939
30179,68.20108080282556
30174,73.99669558645321
30172,56.311983041362645
30171,114.61203947573063
30170,182.34540949207442
30134,46.781659571526454
30001,103.78626926007144
30133,9.482354291794527
30132,111.1947336398067
30122,27.3297933024483
30130,135.96704616801068
30129,115.23964476291368
30125,62.73366510509022
30124,180.2841005397791
30127,113.92022154947922
30123,42.71681089948137
30002,91.91772626253481
30005,79.68566275161713
30121,54.7692919443077
30119,115.00714063064174
30006,131.8840957273513
30118,109.24219508261966
30096,96.55734035223995
30095,87.97097554833927
30094,101.28600328262073
30093,93.91340895865348
30007,50.521868743900235
30008,106.0997852185845
30009,74.09678227716084
30071,85.15745782096586
30092,100.95818759917694
30091,95.50933582162854
30090,25.735630295424752
30089,43.5172268739653
30088,67.19946531650777
30086,136.66366545809598
30018,133.5037513351689
30035,96.72431708121059
30036,100.54047177381605
30037,202.79080982105665
30085,102.03262292094853
30084,84.68936872339191
30083,166.04167533472983
30082,18.33548510200998
30081,114.14787157011193
30038,88.09055861226005
30039,3.4834830920435644
30040,200.10715992240736
30032,70.91800359594951
30080,85.89327327419984
30077,120.15071803756925
30076,169.44508853289685
30063,92.71220476569322
30062,97.95618895802093
30061,84.08439123064204
30013,101.50809785564874
30014,86.92500590045987
30060,94.94898207543488
30045,101.06711935952792
30057,90.95188317990545
31054,44.57949698217444
31051,28.3673019327162
31046,92.5902933916605
31045,76.46436215794432
31014,155.812403694374
31029,96.4695571590187
31006,105.64507705767332
31093,46.1726905335194
31092,171.79311463490777
31061,166.12974495550128
31008,162.96137216494478
31011,79.89892162007898
31081,159.1409776840545
31017,144.28382040093936
31091,135.71582011920776
31096,188.5565786214327
31018,90.23041874094807
31059,40.28019798900769
31040,82.03841041713223
31085,171.96461343302087
31052,43.51304671627825
31048,85.72089833594534
31047,105.56411199539859
31036,80.47041469196897
31104,129.67961185876317
31101,50.135410610456134
31102,177.44370358294898
31071,97.21052309227554
31069,103.73836731510141
31067,58.903053126863014
31050,35.03353949706059
31065,141.66859875265175
31084,83.33388627976886
31079,155.68232546337015
31064,75.4886934745297
31001,70.97413605993428
31049,102.08228584442836
31032,139.14815765067462
31024,99.64588154550968
31022,163.8378818563621
31094,130.80851230062672
31106,56.45751596840046
31105,34.98651447144754
31103,78.17190746599968
31097,105.59320297081804
31095,42.277519513002005
31090,60.18589311160776
31088,67.16607053915266
31087,55.57806405958252
31086,73.22904430406179
31083,40.19469410243382
31082,43.30339477607801
31080,90.03505493079216
31055,84.61669611778063
31078,66.66080988707549
31077,90.03315313311884
31074,59.3655508218717
31073,140.45893547741727
31072,57.36197836826354
31070,134.50183316203913
31068,48.415577221405776
31063,56.87618219165972
31060,118.09205304499679
31053,93.62782122819587
31044,63.508014229013796
31066,113.97581579682665
31043,149.09314468256596
31020,21.52476882848559
31039,20.842659710791203
31037,86.52878425593549
31035,70.13451664804073
31034,69.43600162910487
31033,99.23532657096288
31031,88.78183842578014
31027,66.34446362006366
31026,33.703066779610715
31089,104.15202448323447
31025,101.58131244912889
31098,163.55600819541002
31042,92.38357845586692
31062,85.08691672501111
31075,111.6826845759572
31023,65.54120454025968
31016,139.3700840909609
31015,71.98098697507731
31013,28.39037580755431
31056,128.05815190996546
31057,140.77979813433
31012,116.31409068795385
31010,115.72043749677186
31009,63.04692277570981
31007,55.35676003716311
31005,60.40160602239822
31004,32.82148758845724
31003,119.11792949846391
31076,73.46592891019259
31019,200.24942160667757
31028,104.40338369304797
31058,160.61515032871972
31021,181.26146073648755
31030,128.1072899527329
31038,41.33203685710991
31041,43.70367780694552
31099,146.90476289717478
31100,28.463399126512684
31002,56.87694832089155
32029,315.9259082450676
32028,207.78685340023398
32027,488.1559774821961
32026,459.8544235360714
32025,370.0510166974735
32024,385.76667519034567
32008,356.63639116838743
32031,265.9102524385101
32022,340.18215086693
32018,270.8414821910572
32052,384.3915060000691
32016,394.6188569342933
32054,389.0204292106978
32006,379.0900361509543
32013,365.03896438794027
32007,405.4151521276139
32034,262.1571723248747
32053,400.7060484313595
32055,308.08432038393096
32003,225.27382247294648
32039,351.9705240576717
32038,370.5172405758336
32015,272.44020713719004
32017,376.71752506231667
32020,327.53736613698504
32023,234.75587434602403
32058,219.97428596279195
32036,378.85752846458297
32057,382.82931052218527
32030,251.7262337885156
32032,361.0660154377742
32056,352.1309084510823
32035,395.5396815563374
32005,363.44359037209625
32010,350.2314154781496
32001,243.38167135603027
32011,191.78378091788164
32002,280.3786732184579
32040,327.4309445286642
32041,377.01552392233003
32037,386.3916600193076
32021,252.26449190046145
32047,202.41184273644487
32045,223.95308942698372
32051,435.8986681164458
32050,375.4823393354704
32049,276.9662297840565
32048,244.3804908488103
32019,257.1446090176685
32033,224.82497128063795
32012,344.1397804092262
32046,295.3676607132096
32044,278.97614437602573
32004,196.6616579511393
32043,305.4700624009712
32042,290.7109874203784
32014,382.4575007968347
32009,257.6541978531388
