CVEGEO,rails
01001,1
01008,0
01011,1
01009,0
01007,1
01006,1
01004,1
01005,1
01010,0
01003,0
01002,1
02007,0
02003,1
02004,1
02001,0
02006,0
02005,0
02002,1
03001,0
03008,0
03003,0
03002,0
03009,0
04008,1
04005,1
04003,0
04012,0
04001,1
04010,1
04006,0
04011,1
04004,1
04013,1
04002,1
04009,1
04007,0
05010,1
05036,1
05018,1
05029,1
05007,1
05032,1
05006,1
05003,1
05012,0
05009,1
05005,0
05004,0
05016,1
05035,1
05014,1
05008,1
05019,1
05038,1
05037,1
05001,1
05017,1
05002,1
05026,1
05021,1
05013,0
05024,1
05020,1
05023,1
05022,1
05015,0
05011,1
05034,1
05033,1
05031,0
05030,1
05028,1
05027,1
05025,1
06009,1
06005,1
06010,0
06008,0
06002,1
06007,1
06006,0
06003,0
06001,1
06004,1
07106,0
07090,0
07022,0
07073,0
07042,0
07036,0
07121,0
07119,0
07124,0
07123,0
07067,0
07091,0
07114,0
07069,1
07081,0
07080,0
07065,1
07077,1
07086,0
07010,0
07011,0
07024,0
07028,0
07122,0
07001,1
07002,0
07003,1
07004,0
07005,0
07006,0
07007,0
07029,0
07012,0
07013,0
07014,0
07015,0
07016,1
07019,0
07020,0
07021,0
07033,0
07053,0
07025,0
07026,0
07027,0
07030,0
07031,0
07055,0
07023,0
07034,0
07075,0
07076,0
07038,0
07039,0
07040,1
07041,0
07043,0
07044,0
07045,0
07046,0
07048,1
07052,0
07056,0
07054,0
07072,0
07111,0
07110,0
07051,1
07050,1
07049,0
07096,0
07097,1
07099,0
07058,0
07060,0
07070,0
07063,0
07057,0
07101,0
07102,0
07103,1
07104,0
07079,0
07120,0
07107,0
07108,0
07109,0
07085,0
07088,0
07093,0
07098,0
07100,0
07105,0
07112,0
07087,1
07113,0
07115,0
07117,0
07118,0
07047,0
07092,0
07018,0
07059,0
07061,0
07064,0
07066,0
07071,1
07078,0
07032,1
07125,0
07035,0
07062,0
07037,1
07068,1
07074,0
07082,0
07083,0
07084,0
07089,1
07008,0
07009,1
07017,0
07116,0
07094,0
08037,1
08021,1
08019,1
08001,1
08006,0
08052,1
08020,0
08041,0
08055,1
08032,1
08017,1
08043,1
08016,1
08023,0
08059,1
08015,1
08049,0
08036,1
08060,1
08007,0
08008,0
08051,0
08067,0
08062,1
08061,0
08029,0
08003,1
08014,0
08018,0
08054,1
08058,0
08002,1
08065,1
08063,1
08022,0
08066,0
08004,1
08009,1
08010,0
08011,1
08012,0
08013,1
08053,0
08057,0
08044,1
08031,1
08056,0
08045,1
08046,0
08047,0
08025,0
08048,0
08024,1
08064,0
08050,1
08026,0
08027,0
08028,0
08030,1
08033,0
08034,1
08035,0
08038,0
08039,1
08040,1
08042,0
08005,1
09005,1
09007,1
09015,1
09017,1
09013,0
09003,0
09008,1
09009,0
09010,1
09014,0
09011,1
09006,0
09002,1
09012,1
09004,1
09016,1
10009,0
10017,1
10036,1
10021,1
10034,0
10024,0
10012,1
10039,1
10018,0
10011,0
10005,1
10010,0
10030,0
10029,0
10023,1
10033,1
10016,1
10003,0
10004,1
10006,0
10025,0
10008,1
10027,1
10001,1
10035,1
10014,0
10022,1
10038,1
10037,0
10019,0
10028,0
10026,0
10015,0
10031,0
10007,1
10020,1
10032,1
10013,1
10002,0
11044,1
11017,1
11037,1
11010,0
11031,1
11015,1
11034,0
11036,0
11030,1
11026,0
11009,1
11016,0
11024,0
11029,1
11011,1
11027,1
11025,1
11003,1
11004,0
11005,1
11043,0
11022,0
11014,1
11045,0
11001,1
11033,1
11006,0
11002,1
11012,0
11013,0
11007,1
11019,0
11035,0
11018,1
11008,0
11041,0
11028,1
11040,0
11042,1
11039,1
11032,1
11023,1
11038,1
11046,0
11021,0
11020,1
12021,0
12060,0
12063,0
12082,0
12024,0
12058,1
12010,0
12011,0
12012,0
12004,0
12068,0
12043,0
12007,0
12057,0
12066,0
12056,0
12001,0
12075,0
12055,1
12006,0
12037,0
12085,0
12027,0
12015,1
12074,0
12014,0
12018,0
12072,0
12009,0
12081,0
12084,0
12071,0
12070,0
12083,0
12079,0
12076,0
12065,0
12073,0
12064,0
12019,0
12005,0
12030,0
12069,0
12036,0
12080,0
12078,0
12077,0
12023,0
12048,0
12053,0
12054,0
12047,0
12049,0
12050,0
12051,0
12045,0
12046,0
12040,0
12013,0
12062,0
12041,0
12042,0
12044,0
12038,0
12039,0
12002,0
12003,0
12034,0
12035,1
12031,0
12032,0
12033,0
12028,0
12029,0
12008,0
12025,0
12026,0
12059,0
12061,0
12052,0
12067,0
12016,0
12017,1
12020,0
12022,0
13031,0
13005,1
13075,1
13028,0
13045,0
13021,1
13001,0
13002,1
13049,0
13003,0
13030,0
13023,0
13004,0
13027,0
13022,1
13020,0
13074,1
13070,0
13018,0
13029,1
13071,0
13076,1
13046,0
13065,1
13061,1
13047,0
13078,0
13063,1
13017,1
13083,1
13072,1
13067,1
13026,0
13062,0
13044,1
13016,1
13015,0
13014,0
13068,0
13084,0
13081,0
13043,0
13066,1
13013,1
13025,0
13048,1
13038,0
13052,1
13037,0
13036,0
13053,0
13012,0
13011,0
13010,1
13009,0
13008,1
13007,1
13006,0
13054,0
13055,0
13080,0
13079,0
13035,1
13073,0
13034,0
13019,0
13077,1
13051,1
13082,1
13064,1
13024,0
13041,0
13060,0
13059,1
13032,0
13058,0
13057,1
13050,0
13056,1
13042,0
13040,0
13069,1
13039,0
13033,0
14018,1
14097,1
14114,1
14113,0
14112,0
14111,0
14110,0
14109,1
14124,0
14065,0
14116,0
14117,0
14118,0
14119,1
14014,1
14015,0
14017,0
14043,0
14106,0
14107,0
14108,1
14115,0
14075,0
14077,0
14078,0
14074,0
14076,0
14069,0
14123,0
14122,0
14121,1
14120,1
14002,1
14003,1
14005,1
14055,1
14086,0
14098,1
14025,0
14027,0
14028,0
14101,0
14022,0
14039,1
14044,1
14051,0
14070,1
14125,0
14071,0
14068,0
14067,0
14066,1
14064,0
14063,1
14062,0
14061,0
14060,0
14059,0
14058,0
14057,0
14056,0
14054,0
14053,1
14052,0
14050,0
14031,0
14049,0
14048,0
14047,1
14046,0
14045,0
14042,0
14041,0
14040,1
14038,0
14037,0
14036,1
14035,1
14034,0
14033,0
14004,1
14019,0
14001,0
14006,1
14007,1
14008,0
14009,1
14072,0
14080,0
14081,0
14082,1
14083,1
14084,0
14085,0
14087,0
14088,0
14089,1
14094,1
14095,1
14096,0
14032,0
14030,1
14029,0
14026,0
14024,0
14023,1
14021,0
14020,0
14016,0
14011,0
14013,1
14010,0
14012,0
14073,0
14079,1
14093,0
14099,0
14100,0
14102,0
14103,1
14104,0
14105,0
14090,0
14091,0
14092,0
15116,0
15072,0
15003,0
15007,0
15094,1
15032,0
15081,1
15071,1
15070,1
15026,0
15061,1
15057,1
15120,1
15110,0
15030,1
15044,0
15093,0
15108,1
15111,0
15016,1
15112,0
15113,0
15123,0
15074,1
15125,0
15053,0
15055,0
15073,0
15015,1
15014,1
15056,0
15054,1
15076,1
15060,0
15083,1
15024,1
15059,1
15009,1
15067,0
15031,1
15092,1
15066,0
15098,0
15025,1
15077,0
15078,0
15096,1
15104,1
15107,0
15100,1
15082,0
15058,1
15064,1
15109,1
15023,1
15040,0
15039,0
15005,1
15086,0
15042,1
15049,0
15052,0
15103,1
15050,0
15101,0
15090,0
15062,1
15105,0
15068,1
15080,0
15106,1
15118,0
15036,0
15013,0
15124,0
15117,0
15046,0
15115,0
15045,1
15006,0
15012,0
15034,0
15041,0
15017,1
15102,0
15089,1
15029,1
15087,0
15069,0
15084,1
15119,0
15008,0
15011,0
15121,1
15075,1
15018,0
15019,0
15020,0
15022,0
15047,0
15001,0
15048,1
15028,1
15063,0
15051,1
15085,1
15088,0
15027,0
15122,1
15099,1
15004,0
15043,0
15035,1
15065,1
15079,1
15010,1
15037,1
15038,0
15091,1
15033,1
15097,0
15114,0
15095,0
15021,0
15002,1
16045,0
16093,0
16092,0
16088,0
16085,0
16084,1
16074,0
16055,1
16061,1
16073,1
16104,1
16089,0
16103,0
16102,1
16071,1
16064,1
16063,1
16062,0
16060,0
16059,1
16058,0
16057,0
16056,0
16079,1
16078,0
16018,0
16019,0
16020,0
16021,0
16022,1
16067,0
16072,0
16086,1
16087,1
16047,0
16046,0
16012,0
16065,0
16066,1
16068,0
16069,1
16070,0
16083,0
16002,0
16094,0
16095,1
16100,1
16105,1
16101,0
16111,1
16034,0
16017,1
16016,1
16015,0
16014,0
16053,1
16052,1
16051,0
16050,1
16049,0
16042,0
16041,1
16038,0
16037,0
16036,0
16035,1
16023,1
16025,0
16040,1
16039,1
16026,0
16027,0
16028,0
16029,0
16030,1
16054,0
16033,1
16076,0
16075,1
16080,1
16081,0
16082,0
16099,0
16003,1
16090,1
16091,1
16048,1
16001,0
16024,0
16009,1
16008,0
16007,1
16006,1
16005,1
16004,1
16011,0
16010,1
16110,1
16109,0
16108,1
16107,1
16106,1
16013,0
16044,1
16043,0
16077,0
16032,1
16031,0
16098,1
16097,0
16096,0
16113,1
16112,1
17008,1
17003,1
17036,0
17029,1
17018,0
17014,0
17019,1
17006,1
17001,1
17025,1
17002,1
17026,1
17023,1
17004,1
17010,0
17017,1
17015,0
17022,0
17009,1
17011,1
17012,1
17024,1
17030,1
17013,1
17034,0
17020,1
17031,1
17021,0
17027,1
17016,0
17032,0
17033,0
17035,1
17007,1
17005,0
17028,1
18009,0
18003,0
18015,1
18014,1
18007,0
18005,0
18017,1
18013,1
18012,0
18011,1
18010,1
18002,1
18001,1
18018,0
18019,0
18004,1
18006,1
18020,0
18008,1
18016,0
19035,0
19036,0
19002,0
19013,0
19014,0
19032,1
19001,1
19031,1
19015,1
19043,0
19048,1
19047,1
19040,0
19037,1
19027,1
19020,0
19005,1
19019,1
19041,1
19008,1
19026,1
19051,1
19007,0
19050,0
19049,0
19034,0
19045,1
19038,1
19033,1
19010,1
19023,0
19009,1
19029,1
19030,0
19006,1
19028,0
19025,0
19046,1
19021,1
19003,1
19042,1
19018,1
19017,0
19016,0
19011,0
19044,0
19004,0
19022,1
19024,0
19039,1
19012,0
20155,0
20481,0
20378,0
20334,0
20437,0
20441,0
20446,0
20447,0
20469,0
20440,0
20513,0
20278,0
20457,0
20482,0
20329,0
20330,0
20170,0
20230,0
20184,1
20214,0
20220,0
20262,0
20266,0
20265,0
20318,0
20327,1
20556,0
20005,1
20517,0
20565,1
20503,0
20500,0
20059,0
20177,1
20364,0
20057,1
20544,0
20410,0
20435,0
20417,0
20439,0
20251,0
20467,0
20559,0
20169,0
20118,0
20568,0
20460,0
20044,1
20507,0
20515,1
20516,0
20051,0
20041,0
20042,0
20071,0
20223,0
20190,0
20097,0
20098,0
20101,0
20104,0
20413,0
20120,0
20121,0
20015,0
20125,0
20124,1
20020,0
20153,0
20141,1
20147,0
20150,1
20164,0
20204,0
20035,0
20202,0
20566,0
20217,0
20016,0
20229,0
20232,0
20235,0
20236,0
20525,1
20526,0
20052,0
20290,0
20043,1
20079,1
20207,0
20356,0
20340,0
20218,0
20386,0
20179,0
20524,0
20264,0
20333,0
20198,1
20365,0
20002,1
20006,1
20008,0
20009,0
20010,1
20414,0
20291,0
20298,0
20385,1
20023,0
20306,0
20310,0
20309,0
20324,0
20337,0
20351,0
20562,0
20426,0
20427,1
20021,1
20175,0
20466,0
20468,0
20470,0
20479,0
20498,0
20133,0
20134,0
20138,0
20149,0
20161,1
20159,0
20047,0
20094,0
20031,0
20279,0
20401,0
20367,0
20359,0
20511,0
20096,0
20504,0
20537,0
20543,0
20548,0
20076,0
20463,1
20436,0
20523,0
20054,0
20168,0
20185,0
20246,0
20277,0
20542,0
20357,0
20489,0
20490,0
20502,0
20163,0
20166,0
20237,0
20506,0
20508,0
20205,0
20271,0
20545,1
20546,0
20547,0
20186,0
20227,1
20261,0
20552,0
20550,1
20253,0
20254,0
20272,0
20273,0
20275,0
20551,1
20553,1
20493,0
20554,0
20555,1
20018,0
20036,0
20338,1
20344,0
20366,0
20377,0
20451,0
20404,0
20407,0
20558,1
20561,0
20056,0
20563,0
20497,0
20549,0
20564,0
20099,0
20491,0
20379,0
20494,0
20499,0
20058,0
20569,0
20570,1
20567,0
20423,0
20528,0
20112,0
20510,0
20129,0
20371,0
20424,0
20406,0
20422,0
20450,0
20075,1
20501,0
20505,0
20459,0
20477,0
20484,0
20485,0
20492,0
20495,0
20514,0
20534,0
20117,0
20512,0
20518,0
20206,1
20521,0
20001,0
20256,0
20003,0
20263,0
20004,0
20007,0
20267,0
20011,0
20027,0
20030,1
20519,0
20034,0
20013,1
20017,0
20049,0
20520,0
20019,0
20022,0
20024,0
20025,1
20026,0
20029,0
20032,0
20033,1
20050,0
20536,0
20037,0
20040,0
20045,1
20053,0
20046,0
20172,0
20048,0
20522,0
20456,0
20060,0
20061,0
20062,0
20063,0
20065,0
20069,0
20070,0
20072,0
20074,0
20078,1
20077,1
20081,0
20092,0
20080,0
20084,0
20082,0
20086,0
20083,0
20087,0
20089,0
20090,0
20091,0
20095,0
20100,0
20199,0
20102,0
20233,0
20103,1
20105,0
20107,0
20108,0
20109,1
20110,0
20111,0
20527,0
20116,0
20114,0
20115,0
20119,0
20014,1
20123,0
20122,0
20126,0
20127,0
20128,0
20529,0
20131,0
20130,1
20152,0
20132,1
20135,0
20136,0
20137,0
20139,0
20142,0
20140,0
20160,0
20143,1
20144,0
20145,1
20531,0
20146,0
20148,0
20151,0
20157,1
20248,0
20158,0
20162,1
20176,0
20165,0
20167,0
20530,0
20187,0
20171,0
20188,0
20173,0
20174,0
20191,0
20196,0
20178,1
20197,1
20180,0
20215,0
20181,0
20480,0
20182,0
20183,0
20189,0
20192,0
20193,0
20194,0
20195,0
20210,0
20200,0
20201,0
20203,0
20208,0
20209,0
20284,0
20219,0
20216,0
20221,0
20222,0
20541,0
20224,0
20225,0
20226,0
20228,0
20231,0
20239,0
20234,0
20240,0
20241,0
20242,0
20243,0
20244,0
20249,0
20245,0
20269,0
20247,0
20250,0
20255,0
20252,0
20257,0
20258,0
20259,0
20260,0
20268,0
20276,0
20281,0
20274,0
20532,0
20280,0
20533,0
20368,0
20282,0
20283,0
20535,0
20286,0
20285,0
20288,0
20289,0
20292,0
20380,0
20294,1
20295,1
20538,0
20296,0
20297,0
20304,0
20299,0
20300,0
20308,0
20301,0
20311,1
20302,0
20303,0
20305,1
20321,0
20332,0
20307,0
20312,0
20313,0
20314,0
20331,0
20315,0
20316,0
20317,0
20360,0
20319,0
20320,0
20322,0
20323,0
20325,0
20326,0
20328,0
20335,0
20336,0
20339,0
20341,0
20342,1
20343,1
20345,0
20346,0
20347,0
20539,0
20211,0
20212,0
20213,0
20348,0
20349,0
20540,0
20350,1
20352,0
20353,0
20354,0
20355,0
20358,0
20362,0
20361,0
20363,0
20373,0
20369,0
20370,0
20381,0
20372,0
20374,0
20293,1
20382,0
20375,1
20376,0
20383,0
20408,0
20384,0
20387,0
20411,1
20388,0
20106,0
20055,0
20390,1
20391,0
20418,0
20392,0
20393,0
20394,0
20395,0
20396,0
20397,0
20398,0
20399,0
20400,0
20402,0
20154,0
20156,0
20403,0
20419,0
20405,0
20409,1
20412,0
20415,0
20287,0
20416,0
20420,0
20421,0
20425,0
20428,0
20432,0
20429,0
20430,0
20431,1
20270,0
20433,0
20442,0
20438,0
20434,0
20444,0
20443,0
20445,0
20448,0
20449,0
20452,1
20453,0
20454,0
20455,0
20458,0
20461,0
20462,0
20464,0
20465,0
20471,0
20472,0
20473,0
20474,0
20475,0
20476,0
20389,1
20478,1
20012,0
20028,0
20039,0
20064,0
20066,1
20067,1
20068,1
20073,0
20085,0
20088,0
20483,1
20486,0
20093,0
20113,0
20487,1
20488,0
20496,0
20509,0
20557,1
20560,0
20038,0
20238,0
21053,0
21211,1
21206,0
21152,1
21027,0
21026,0
21015,1
21014,0
21010,1
21149,1
21004,0
21005,0
21006,0
21008,1
21146,0
21145,0
21003,0
21117,1
21165,0
21163,1
21113,0
21009,0
21039,0
21040,0
21041,1
21016,0
21087,0
21167,0
21166,1
21018,0
21054,1
21127,0
21129,1
21130,1
21213,0
21124,0
21169,0
21172,0
21179,0
21202,0
21203,0
21042,0
21043,0
21217,0
21101,0
21100,0
21099,1
21098,0
21096,1
21094,1
21093,0
21092,0
21012,0
21013,1
21007,0
21011,0
21022,0
21025,0
21037,0
21035,1
21033,0
21032,0
21031,0
21029,0
21045,1
21046,1
21002,0
21212,1
21199,0
21205,1
21201,0
21197,0
21195,0
21186,1
21185,0
21184,0
21158,0
21104,1
21123,0
21128,1
21126,1
21161,1
21079,0
21194,0
21190,0
21189,1
21188,0
21187,0
21177,1
21156,1
21155,0
21154,1
21153,1
21118,0
21119,1
21120,0
21125,0
21105,1
21175,0
21085,1
21164,1
21198,0
21133,0
21174,1
21176,1
21178,0
21134,1
21135,0
21208,0
21207,0
21180,0
21137,0
21001,1
21138,0
21139,0
21196,0
21140,1
21116,0
21141,0
21170,1
21052,0
21168,0
21143,1
21142,1
21023,0
21115,1
21114,1
21108,1
21112,0
21147,0
21204,0
21097,1
21148,1
21200,0
21151,0
21159,0
21050,0
21144,1
21051,1
21055,0
21056,0
21057,1
21058,0
21059,0
21063,1
21064,0
21065,0
21066,0
21067,0
21070,0
21071,0
21076,0
21038,1
21078,0
21047,0
21048,0
21049,0
21080,0
21132,1
21216,0
21072,0
21068,0
21171,0
21062,0
21061,0
21060,0
21181,1
21044,1
21036,0
21191,0
21215,0
21192,0
21193,0
21173,0
21073,0
21121,0
21083,0
21081,0
21075,0
21074,1
21111,0
21089,0
21210,0
21136,0
21077,0
21088,0
21131,0
21110,1
21183,0
21020,0
21028,0
21109,0
21030,0
21034,1
21090,0
21091,0
21095,0
21102,0
21103,0
21106,0
21107,0
21214,1
21019,1
21017,1
21024,0
21086,0
21084,0
21150,0
21082,0
21160,0
21157,0
21162,0
21209,0
21122,0
21182,0
21021,0
21069,1
22006,0
22011,1
22012,1
22001,0
22005,1
22004,0
22017,1
22003,0
22013,0
22007,0
22015,0
22018,0
22002,0
22008,0
22016,1
22014,1
22009,0
22010,0
23007,1
23009,1
23010,1
23008,1
23002,1
23006,0
23003,0
23011,1
23005,1
23001,0
23004,1
24016,1
24032,1
24051,1
24029,0
24033,0
24027,0
24025,1
24015,1
24059,0
24013,1
24002,1
24003,0
24004,0
24028,1
24050,1
24057,0
24049,0
24006,1
24018,0
24037,0
24038,0
24020,1
24001,1
24045,1
24026,0
24044,1
24039,0
24048,0
24055,0
24054,0
24053,0
24052,1
24019,0
24014,0
24017,1
24008,1
24056,0
24034,0
24010,1
24046,0
24047,0
24024,1
24023,1
24022,1
24009,0
24036,1
24007,1
24043,0
24042,0
24012,0
24035,1
24041,0
24021,1
24058,0
24005,1
24030,0
24040,1
24011,1
24031,0
25016,1
25015,1
25019,1
25020,1
25002,1
25018,1
25010,1
25009,1
25013,1
25011,1
25001,1
25007,1
25008,1
25012,1
25006,1
25005,0
25014,1
25004,0
25017,1
25003,0
26037,0
26036,1
26021,1
26054,0
26068,0
26046,0
26045,1
26041,1
26033,1
26034,0
26014,0
26026,1
26016,1
26044,0
26047,1
26043,1
26071,0
26029,1
26069,0
26025,1
26039,1
26055,1
26030,1
26035,1
26022,0
26050,0
26013,0
26012,1
26032,0
26053,0
26048,1
26057,0
26065,0
26066,0
26070,0
26072,0
26058,1
26017,1
26009,0
26020,1
26015,0
26059,1
26060,0
26001,0
26042,1
26067,0
26018,1
26023,0
26007,0
26028,0
26005,0
26003,1
26004,0
26008,0
26027,1
26031,0
26006,0
26064,1
26062,0
26052,0
26051,0
26010,0
26011,0
26019,1
26061,0
26024,0
26049,0
26063,0
26040,0
26038,0
26056,1
26002,1
27006,0
27005,0
27008,1
27004,0
27010,0
27003,0
27015,1
27014,0
27007,1
27011,0
27013,0
27017,1
27002,0
27001,1
27009,0
27016,1
27012,1
28009,1
28003,1
28022,1
28021,1
28013,1
28041,1
28014,0
28040,1
28010,0
28015,1
28039,0
28020,1
28027,1
28005,0
28007,1
28038,1
28026,0
28037,0
28019,1
28028,0
28025,0
28002,0
28001,0
28004,0
28029,0
28031,0
28035,0
28034,0
28006,0
28033,1
28043,1
28032,1
28023,0
28017,0
28042,1
28008,1
28016,1
28018,0
28011,0
28024,0
28036,0
28030,0
28012,1
29013,1
29051,0
29059,1
29011,1
29060,1
29009,0
29030,0
29021,1
29058,1
29046,0
29035,1
29025,0
29052,0
29031,1
29032,0
29024,0
29042,0
29053,0
29034,1
29006,1
29044,0
29049,0
29040,1
29026,1
29055,1
29022,1
29001,1
29037,1
29054,0
29036,0
29010,1
29033,0
29023,1
29050,0
29041,1
29057,0
29048,1
29020,1
29017,0
29056,0
29002,1
29007,1
29004,1
29012,1
29029,1
29028,1
29008,1
29047,0
29039,1
29005,1
29045,1
29016,1
29019,0
29014,1
29015,1
29018,1
29038,1
29043,1
29027,1
29003,1
30051,0
30056,0
30055,0
30054,1
30053,0
30183,0
30182,0
30181,1
30110,0
30111,1
30180,0
30178,0
30175,0
30201,0
30208,1
30207,1
30204,0
30202,0
30200,0
30186,0
30197,0
30196,0
30137,0
30184,0
30105,1
30043,0
30042,0
30019,0
30163,0
30115,1
30114,0
30113,0
30010,0
30097,0
30087,1
30149,0
30150,0
30148,1
30147,0
30064,0
30074,0
30168,0
30166,0
30165,0
30164,0
30126,1
30050,0
30046,0
30004,0
30128,1
30145,0
30146,0
30098,0
30107,0
30116,1
30131,0
30136,1
30138,1
30140,0
30156,0
30157,0
30158,0
30159,0
30160,0
30161,0
30162,0
30078,0
30167,0
30169,1
30185,0
30190,0
30003,0
30194,1
30199,0
30206,1
30011,1
30012,0
30015,0
30016,1
30017,1
30117,1
30044,1
30047,0
30049,0
30052,1
30099,1
30100,1
30198,0
30139,0
30041,0
30058,0
30135,0
30176,0
30120,1
30020,0
30021,1
30022,0
30023,0
30024,0
30025,0
30026,1
30027,0
30028,0
30029,0
30030,1
30033,0
30034,0
30065,1
30066,0
30067,0
30068,1
30070,0
30072,0
30073,1
30075,0
30112,0
30109,0
30141,1
30142,1
30143,0
30144,1
30151,0
30152,1
30153,0
30154,0
30155,0
30187,0
30188,0
30189,0
30191,0
30192,0
30195,0
30210,0
30211,0
30212,0
30048,1
30059,1
30209,0
30173,1
30205,0
30203,0
30031,0
30079,0
30069,0
30101,0
30103,0
30104,0
30106,0
30102,0
30108,1
30193,1
30177,1
30179,0
30174,1
30172,1
30171,0
30170,0
30134,1
30001,1
30133,1
30132,1
30122,0
30130,0
30129,0
30125,1
30124,0
30127,0
30123,1
30002,0
30005,0
30121,1
30119,0
30006,1
30118,1
30096,0
30095,0
30094,1
30093,1
30007,1
30008,0
30009,0
30071,0
30092,0
30091,1
30090,0
30089,1
30088,1
30086,0
30018,0
30035,0
30036,0
30037,0
30085,1
30084,0
30083,0
30082,1
30081,0
30038,1
30039,1
30040,0
30032,0
30080,0
30077,1
30076,0
30063,1
30062,0
30061,1
30013,0
30014,1
30060,0
30045,1
30057,0
31054,0
31051,0
31046,0
31045,1
31014,0
31029,0
31006,0
31093,1
31092,0
31061,0
31008,1
31011,0
31081,0
31017,0
31091,1
31096,1
31018,1
31059,1
31040,1
31085,0
31052,0
31048,1
31047,0
31036,0
31104,1
31101,1
31102,1
31071,1
31069,1
31067,1
31050,1
31065,0
31084,0
31079,1
31064,1
31001,0
31049,0
31032,1
31024,0
31022,0
31094,0
31106,0
31105,0
31103,0
31097,1
31095,1
31090,1
31088,0
31087,0
31086,0
31083,0
31082,0
31080,0
31055,0
31078,1
31077,0
31074,0
31073,0
31072,0
31070,0
31068,0
31063,0
31060,1
31053,0
31044,0
31066,0
31043,0
31020,0
31039,0
31037,1
31035,0
31034,1
31033,1
31031,0
31027,0
31026,0
31089,1
31025,1
31098,1
31042,1
31062,0
31075,0
31023,1
31016,0
31015,0
31013,0
31056,1
31057,0
31012,0
31010,0
31009,0
31007,1
31005,1
31004,0
31003,1
31076,1
31019,1
31028,0
31058,1
31021,0
31030,1
31038,0
31041,1
31099,1
31100,0
31002,1
32029,0
32028,0
32027,0
32026,1
32025,1
32024,1
32008,1
32031,0
32022,0
32018,0
32052,0
32016,0
32054,1
32006,1
32013,1
32007,1
32034,0
32053,0
32055,0
32003,0
32039,1
32038,1
32015,0
32017,1
32020,0
32023,0
32058,0
32036,1
32057,0
32030,0
32032,1
32056,1
32035,1
32005,1
32010,1
32001,0
32011,0
32002,0
32040,1
32041,1
32037,0
32021,0
32047,0
32045,0
32051,1
32050,0
32049,0
32048,0
32019,0
32033,0
32012,1
32046,0
32044,0
32004,0
32043,0
32042,1
32014,1
32009,1
