CVEGEO,rainfall
01001,600
01008,700
01011,500
01009,500
01007,500
01006,500
01004,0
01005,600
01010,500
01003,600
01002,500
02007,0
02003,0
02004,0
02001,0
02006,0
02005,0
02002,0
03001,0
03008,400
03003,500
03002,200
03009,200
04008,1000
04005,0
04003,1500
04012,1100
04001,0
04010,1300
04006,1000
04011,1300
04004,1300
04013,0
04002,1100
04009,1300
04007,0
05010,0
05036,300
05018,400
05029,200
05007,400
05032,500
05006,400
05003,400
05012,400
05009,200
05005,400
05004,600
05016,400
05035,300
05014,400
05008,400
05019,400
05038,400
05037,400
05001,400
05017,200
05002,400
05026,400
05021,400
05013,500
05024,400
05020,600
05023,300
05022,500
05015,400
05011,200
05034,300
05033,200
05031,400
05030,400
05028,400
05027,400
05025,500
06009,1000
06005,1200
06010,1200
06008,1500
06002,800
06007,1000
06006,700
06003,1200
06001,1000
06004,800
07106,1200
07090,3500
07022,2000
07073,3500
07042,4000
07036,3000
07121,3500
07119,2000
07124,3000
07123,1200
07067,1500
07091,3500
07114,2000
07069,3500
07081,2000
07080,3500
07065,3500
07077,3500
07086,1200
07010,1200
07011,2500
07024,1500
07028,1200
07122,1200
07001,3500
07002,1200
07003,0
07004,2500
07005,3500
07006,1200
07007,0
07029,1000
07012,1500
07013,1500
07014,2000
07015,4500
07016,2500
07019,1200
07020,3500
07021,1500
07033,3500
07053,4000
07025,3500
07026,2000
07027,1200
07030,2500
07031,2000
07055,2500
07023,1500
07034,1200
07075,1200
07076,3000
07038,1500
07039,3500
07040,3500
07041,1200
07043,4500
07044,1200
07045,4000
07046,2000
07048,3500
07052,1200
07056,2000
07054,1500
07072,3500
07111,1200
07110,1200
07051,3500
07050,2500
07049,1500
07096,3500
07097,2500
07099,1200
07058,1200
07060,3500
07070,3500
07063,1200
07057,4000
07101,1000
07102,1500
07103,4000
07104,1000
07079,1500
07120,3500
07107,2500
07108,2500
07109,3000
07085,1200
07088,4000
07093,1500
07098,1200
07100,3500
07105,4500
07112,2000
07087,1500
07113,2000
07115,3000
07117,3500
07118,2000
07047,1500
07092,3000
07018,1500
07059,3000
07061,1500
07064,1500
07066,2000
07071,3500
07078,1200
07032,3500
07125,3500
07035,1500
07062,3500
07037,4000
07068,3500
07074,2500
07082,0
07083,1200
07084,4500
07089,1500
07008,3500
07009,2000
07017,1500
07116,3000
07094,1200
08037,0
08021,300
08019,400
08001,300
08006,500
08052,300
08020,800
08041,700
08055,400
08032,400
08017,500
08043,600
08016,300
08023,400
08059,500
08015,300
08049,600
08036,300
08060,500
08007,800
08008,800
08051,700
08067,400
08062,300
08061,400
08029,800
08003,400
08014,400
08018,500
08054,500
08058,0
08002,300
08065,800
08063,700
08022,500
08066,700
08004,300
08009,700
08010,400
08011,400
08012,700
08013,600
08053,0
08057,500
08044,500
08031,700
08056,600
08045,300
08046,800
08047,700
08025,600
08048,500
08024,0
08064,600
08050,400
08026,0
08027,700
08028,0
08030,800
08033,500
08034,600
08035,600
08038,300
08039,400
08040,700
08042,200
08005,0
09005,600
09007,600
09015,600
09017,600
09013,1000
09003,800
09008,1000
09009,1000
09010,1000
09014,800
09011,700
09006,600
09002,700
09012,1000
09004,1000
09016,800
10009,800
10017,600
10036,200
10021,500
10034,1000
10024,400
10012,300
10039,400
10018,500
10011,500
10005,1000
10010,500
10030,400
10029,400
10023,1200
10033,600
10016,500
10003,500
10004,600
10006,400
10025,600
10008,500
10027,300
10001,800
10035,1000
10014,600
10022,600
10038,600
10037,1000
10019,1000
10028,500
10026,1200
10015,400
10031,500
10007,200
10020,500
10032,1000
10013,300
10002,1200
11044,700
11017,800
11037,800
11010,0
11031,700
11015,800
11034,500
11036,0
11030,800
11026,700
11009,800
11016,0
11024,700
11029,600
11011,700
11027,800
11025,800
11003,800
11004,700
11005,700
11043,700
11022,600
11014,800
11045,800
11001,0
11033,600
11006,800
11002,800
11012,800
11013,500
11007,700
11019,800
11035,800
11018,700
11008,800
11041,800
11028,0
11040,600
11042,800
11039,0
11032,600
11023,800
11038,800
11046,800
11021,800
11020,800
12021,1500
12060,1000
12063,1500
12082,1200
12024,1000
12058,1000
12010,1500
12011,1500
12012,1500
12004,1500
12068,1000
12043,1500
12007,0
12057,1500
12066,1000
12056,1500
12001,1500
12075,1000
12055,1000
12006,1000
12037,1200
12085,0
12027,1000
12015,1000
12074,1000
12014,0
12018,1200
12072,1500
12009,1500
12081,2000
12084,2000
12071,2000
12070,800
12083,1500
12079,1200
12076,1500
12065,800
12073,1200
12064,1000
12019,800
12005,800
12030,1200
12069,1000
12036,1500
12080,0
12078,1500
12077,1200
12023,1200
12048,1500
12053,1500
12054,1500
12047,1200
12049,1000
12050,1000
12051,1500
12045,1000
12046,2000
12040,1500
12013,1500
12062,2000
12041,1500
12042,1000
12044,1500
12038,1500
12039,1500
12002,1000
12003,1500
12034,1000
12035,1000
12031,0
12032,1500
12033,800
12028,1500
12029,1500
12008,800
12025,1200
12026,1000
12059,800
12061,1200
12052,1500
12067,1000
12016,1200
12017,1000
12020,1200
12022,1500
13031,600
13005,600
13075,600
13028,1500
13045,1000
13021,0
13001,600
13002,1500
13049,2500
13003,500
13030,400
13023,500
13004,1500
13027,2500
13022,600
13020,600
13074,0
13070,0
13018,1500
13029,600
13071,600
13076,700
13046,1500
13065,0
13061,600
13047,1000
13078,2000
13063,800
13017,600
13083,600
13072,600
13067,0
13026,2000
13062,1500
13044,700
13016,600
13015,400
13014,2000
13068,1500
13084,500
13081,600
13043,1000
13066,500
13013,600
13025,1500
13048,600
13038,600
13052,600
13037,600
13036,600
13053,1500
13012,600
13011,2000
13010,0
13009,800
13008,0
13007,0
13006,500
13054,500
13055,400
13080,2000
13079,1500
13035,600
13073,2000
13034,1500
13019,500
13077,600
13051,600
13082,600
13064,600
13024,600
13041,500
13060,1500
13059,500
13032,2000
13058,400
13057,600
13050,500
13056,600
13042,1500
13040,1200
13069,0
13039,600
13033,600
14018,800
14097,1000
14114,800
14113,1200
14112,1200
14111,800
14110,800
14109,700
14124,0
14065,800
14116,700
14117,700
14118,800
14119,800
14014,800
14015,800
14017,1500
14043,0
14106,700
14107,800
14108,1200
14115,800
14075,1000
14077,1000
14078,800
14074,800
14076,800
14069,1200
14123,800
14122,1200
14121,1000
14120,1000
14002,800
14003,1000
14005,1000
14055,1000
14086,800
14098,0
14025,700
14027,1500
14028,1500
14101,0
14022,1200
14039,0
14044,0
14051,0
14070,0
14125,1000
14071,800
14068,1500
14067,1500
14066,800
14064,600
14063,800
14062,1200
14061,600
14060,700
14059,1000
14058,1500
14057,1000
14056,800
14054,800
14053,800
14052,800
14050,800
14031,800
14049,700
14048,1000
14047,800
14046,700
14045,800
14042,600
14041,700
14040,1000
14038,800
14037,0
14036,1000
14035,600
14034,800
14033,0
14004,800
14019,800
14001,0
14006,1000
14007,1000
14008,1000
14009,0
14072,700
14080,1200
14081,700
14082,800
14083,1000
14084,1500
14085,1200
14087,1000
14088,800
14089,800
14094,1000
14095,1000
14096,800
14032,1000
14030,800
14029,800
14026,800
14024,1000
14023,800
14021,1500
14020,1500
14016,800
14011,1000
14013,0
14010,800
14012,1200
14073,700
14079,800
14093,1000
14099,700
14100,700
14102,700
14103,1200
14104,800
14105,0
14090,800
14091,700
14092,800
15116,1200
15072,0
15003,800
15007,1000
15094,1000
15032,0
15081,600
15071,700
15070,600
15026,1000
15061,600
15057,1000
15120,600
15110,1200
15030,0
15044,0
15093,800
15108,0
15111,0
15016,600
15112,1000
15113,1500
15123,1000
15074,0
15125,600
15053,0
15055,0
15073,0
15015,1200
15014,1000
15056,1000
15054,800
15076,0
15060,1000
15083,800
15024,0
15059,600
15009,1000
15067,1000
15031,600
15092,600
15066,1000
15098,1000
15025,1000
15077,1500
15078,1000
15096,600
15104,600
15107,1000
15100,600
15082,1500
15058,0
15064,0
15109,0
15023,700
15040,0
15039,1000
15005,1000
15086,1500
15042,1000
15049,1000
15052,1000
15103,1000
15050,1000
15101,1000
15090,1000
15062,1000
15105,1500
15068,1000
15080,1500
15106,1000
15118,1000
15036,600
15013,800
15124,1000
15117,1200
15046,1000
15115,1000
15045,800
15006,1000
15012,1000
15034,1200
15041,1000
15017,0
15102,1000
15089,800
15029,600
15087,1000
15069,0
15084,600
15119,1000
15008,1500
15011,600
15121,700
15075,600
15018,1000
15019,0
15020,0
15022,0
15047,1000
15001,800
15048,1000
15028,0
15063,1200
15051,1000
15085,800
15088,1200
15027,0
15122,700
15099,1000
15004,1500
15043,1200
15035,700
15065,0
15079,800
15010,600
15037,1000
15038,1000
15091,0
15033,600
15097,1500
15114,1000
15095,1000
15021,1500
15002,600
16045,800
16093,1000
16092,1000
16088,700
16085,1000
16084,800
16074,800
16055,700
16061,1000
16073,1000
16104,800
16089,1000
16103,0
16102,1200
16071,800
16064,700
16063,800
16062,800
16060,0
16059,800
16058,1200
16057,800
16056,1200
16079,1200
16078,700
16018,700
16019,1200
16020,700
16021,1200
16022,1200
16067,800
16072,1200
16086,800
16087,1200
16047,1200
16046,1000
16012,700
16065,1200
16066,1200
16068,1200
16069,800
16070,1000
16083,800
16002,1200
16094,0
16095,1200
16100,1000
16105,800
16101,1200
16111,1500
16034,1200
16017,800
16016,1000
16015,1200
16014,1200
16053,1200
16052,1000
16051,800
16050,1200
16049,1200
16042,800
16041,1000
16038,700
16037,0
16036,800
16035,600
16023,800
16025,1000
16040,1200
16039,1000
16026,1200
16027,800
16028,0
16029,600
16030,800
16054,0
16033,800
16076,800
16075,1200
16080,1000
16081,1000
16082,1200
16099,1200
16003,700
16090,1200
16091,1000
16048,1000
16001,1200
16024,0
16009,1200
16008,1000
16007,0
16006,1200
16005,1000
16004,0
16011,0
16010,1000
16110,1200
16109,800
16108,800
16107,1000
16106,800
16013,800
16044,0
16043,1000
16077,0
16032,0
16031,800
16098,1200
16097,800
16096,1200
16113,0
16112,1000
17008,0
17003,0
17036,1200
17029,0
17018,1000
17014,0
17019,0
17006,0
17001,1000
17025,0
17002,1000
17026,0
17023,1000
17004,0
17010,0
17017,1000
17015,1000
17022,1200
17009,1500
17011,1000
17012,0
17024,0
17030,1200
17013,0
17034,0
17020,1000
17031,0
17021,0
17027,0
17016,1200
17032,1000
17033,0
17035,0
17007,1000
17005,0
17028,0
18009,1000
18003,1000
18015,0
18014,1200
18007,1200
18005,1500
18017,1500
18013,800
18012,1500
18011,2000
18010,2000
18002,800
18001,1500
18018,1500
18019,1000
18004,0
18006,1000
18020,1500
18008,1500
18016,1500
19035,0
19036,500
19002,600
19013,600
19014,400
19032,400
19001,400
19031,800
19015,0
19043,700
19048,800
19047,400
19040,600
19037,400
19027,600
19020,600
19005,500
19019,600
19041,0
19008,0
19026,800
19051,500
19007,800
19050,600
19049,800
19034,700
19045,600
19038,800
19033,800
19010,500
19023,600
19009,800
19029,0
19030,700
19006,600
19028,600
19025,600
19046,600
19021,500
19003,600
19042,700
19018,400
19017,300
19016,700
19011,700
19044,600
19004,1000
19022,800
19024,800
19039,800
19012,600
20155,800
20481,1500
20378,700
20334,1500
20437,1500
20441,1000
20446,1500
20447,2000
20469,1500
20440,1000
20513,2000
20278,3500
20457,3500
20482,1500
20329,1000
20330,3500
20170,600
20230,0
20184,2000
20214,1500
20220,600
20262,1200
20266,2500
20265,1500
20318,1500
20327,0
20556,0
20005,1200
20517,800
20565,700
20503,1500
20500,1500
20059,600
20177,700
20364,2000
20057,2000
20544,1000
20410,700
20435,1200
20417,3500
20439,1200
20251,800
20467,2000
20559,4500
20169,3500
20118,700
20568,800
20460,2000
20044,2000
20507,0
20515,800
20516,2000
20051,700
20041,3500
20042,3500
20071,3000
20223,2000
20190,2000
20097,1500
20098,4500
20101,700
20104,1000
20413,2500
20120,0
20121,700
20015,600
20125,700
20124,1000
20020,0
20153,2000
20141,1200
20147,0
20150,800
20164,800
20204,700
20035,800
20202,2000
20566,2000
20217,1000
20016,1500
20229,2000
20232,4500
20235,600
20236,3000
20525,2000
20526,2000
20052,700
20290,0
20043,0
20079,1000
20207,2000
20356,700
20340,800
20218,0
20386,1500
20179,600
20524,0
20264,700
20333,600
20198,2000
20365,1000
20002,2000
20006,700
20008,700
20009,3500
20010,1500
20414,1500
20291,2000
20298,700
20385,0
20023,700
20306,3000
20310,700
20309,3500
20324,2500
20337,1200
20351,600
20562,0
20426,1000
20427,2000
20021,2000
20175,500
20466,2000
20468,3500
20470,2000
20479,0
20498,2000
20133,1200
20134,3500
20138,1500
20149,800
20161,500
20159,2000
20047,0
20094,0
20031,1500
20279,2000
20401,1500
20367,0
20359,1000
20511,1000
20096,800
20504,1000
20537,1000
20543,1500
20548,500
20076,2000
20463,500
20436,500
20523,800
20054,600
20168,1200
20185,2000
20246,1500
20277,700
20542,0
20357,1000
20489,2000
20490,2000
20502,2000
20163,2000
20166,3500
20237,800
20506,1200
20508,1000
20205,3500
20271,1000
20545,500
20546,700
20547,700
20186,0
20227,0
20261,800
20552,0
20550,700
20253,3000
20254,2500
20272,0
20273,1000
20275,2000
20551,600
20553,700
20493,800
20554,2000
20555,700
20018,500
20036,1500
20338,0
20344,2000
20366,2000
20377,2000
20451,700
20404,700
20407,1500
20558,500
20561,600
20056,1500
20563,700
20497,2000
20549,800
20564,1000
20099,0
20491,2000
20379,0
20494,1000
20499,800
20058,2000
20569,1000
20570,2000
20567,800
20423,800
20528,0
20112,700
20510,0
20129,600
20371,0
20424,2500
20406,3500
20422,800
20450,2000
20075,0
20501,0
20505,1500
20459,800
20477,1500
20484,800
20485,0
20492,1000
20495,2500
20514,2000
20534,600
20117,2000
20512,1200
20518,0
20206,500
20521,800
20001,800
20256,0
20003,2000
20263,2000
20004,0
20007,0
20267,800
20011,0
20027,2000
20030,0
20519,700
20034,800
20013,0
20017,700
20049,0
20520,800
20019,600
20022,800
20024,1500
20025,0
20026,1000
20029,3500
20032,800
20033,0
20050,0
20536,0
20037,2000
20040,2000
20045,700
20053,1000
20046,600
20172,0
20048,800
20522,1500
20456,0
20060,1500
20061,0
20062,0
20063,0
20065,0
20069,0
20070,2000
20072,700
20074,700
20078,0
20077,0
20081,0
20092,700
20080,700
20084,700
20082,2000
20086,0
20083,0
20087,700
20089,0
20090,0
20091,700
20095,1000
20100,1500
20199,0
20102,700
20233,700
20103,0
20105,800
20107,0
20108,1000
20109,400
20110,0
20111,2000
20527,600
20116,3500
20114,0
20115,0
20119,1000
20014,1000
20123,1000
20122,700
20126,600
20127,0
20128,0
20529,0
20131,600
20130,0
20152,1000
20132,0
20135,700
20136,4500
20137,2000
20139,2000
20142,2000
20140,800
20160,800
20143,1200
20144,800
20145,700
20531,700
20146,600
20148,2500
20151,700
20157,0
20248,0
20158,1500
20162,700
20176,700
20165,0
20167,600
20530,700
20187,3500
20171,4000
20188,2000
20173,1500
20174,0
20191,800
20196,800
20178,700
20197,0
20180,1200
20215,800
20181,0
20480,800
20182,3500
20183,800
20189,2000
20192,0
20193,700
20194,700
20195,0
20210,0
20200,600
20201,1500
20203,600
20208,700
20209,700
20284,700
20219,700
20216,0
20221,800
20222,2000
20541,2000
20224,600
20225,2000
20226,600
20228,2500
20231,2000
20239,800
20234,2000
20240,1200
20241,700
20242,1500
20243,0
20244,500
20249,2500
20245,800
20269,1000
20247,1200
20250,600
20255,1000
20252,1000
20257,1500
20258,0
20259,0
20260,1000
20268,0
20276,1200
20281,800
20274,0
20532,1500
20280,2000
20533,700
20368,700
20282,800
20283,700
20535,1500
20286,0
20285,1500
20288,1500
20289,700
20292,800
20380,0
20294,800
20295,700
20538,0
20296,1500
20297,1000
20304,700
20299,1500
20300,2000
20308,1000
20301,0
20311,500
20302,2000
20303,1500
20305,0
20321,700
20332,0
20307,800
20312,2000
20313,700
20314,1200
20331,0
20315,0
20316,600
20317,800
20360,0
20319,1200
20320,0
20322,2500
20323,2000
20325,600
20326,2000
20328,600
20335,1500
20336,2000
20339,800
20341,800
20342,0
20343,0
20345,2000
20346,800
20347,1200
20539,0
20211,2500
20212,2000
20213,2000
20348,1500
20349,0
20540,700
20350,0
20352,800
20353,700
20354,3500
20355,2000
20358,700
20362,600
20361,700
20363,1000
20373,600
20369,0
20370,0
20381,800
20372,1200
20374,2500
20293,700
20382,1000
20375,0
20376,0
20383,0
20408,0
20384,600
20387,700
20411,0
20388,800
20106,0
20055,800
20390,0
20391,1500
20418,700
20392,1500
20393,0
20394,2000
20395,700
20396,2500
20397,1200
20398,700
20399,0
20400,0
20402,1200
20154,600
20156,2000
20403,0
20419,800
20405,800
20409,700
20412,1500
20415,2000
20287,700
20416,700
20420,1500
20421,0
20425,1500
20428,1000
20432,2000
20429,1200
20430,0
20431,700
20270,700
20433,2000
20442,1500
20438,2000
20434,2000
20444,1200
20443,1200
20445,1000
20448,2000
20449,600
20452,0
20453,0
20454,2000
20455,0
20458,3500
20461,1000
20462,0
20464,0
20465,2000
20471,2500
20472,1000
20473,0
20474,1500
20475,700
20476,0
20389,0
20478,500
20012,3000
20028,600
20039,800
20064,600
20066,1500
20067,700
20068,0
20073,1500
20085,2500
20088,2000
20483,700
20486,800
20093,0
20113,2000
20487,500
20488,0
20496,1200
20509,1500
20557,1000
20560,700
20038,1500
20238,0
21053,700
21211,1000
21206,800
21152,600
21027,500
21026,1000
21015,1000
21014,2000
21010,500
21149,500
21004,800
21005,0
21006,1500
21008,1500
21146,800
21145,3500
21003,800
21117,600
21165,0
21163,1000
21113,800
21009,0
21039,1500
21040,800
21041,0
21016,700
21087,0
21167,1500
21166,0
21018,700
21054,1500
21127,800
21129,500
21130,600
21213,2500
21124,500
21169,800
21172,1500
21179,600
21202,1500
21203,700
21042,800
21043,4000
21217,2000
21101,2500
21100,2000
21099,400
21098,0
21096,600
21094,600
21093,600
21092,700
21012,0
21013,400
21007,800
21011,800
21022,1200
21025,4000
21037,700
21035,500
21033,1000
21032,800
21031,800
21029,3500
21045,600
21046,500
21002,1500
21212,1000
21199,600
21205,600
21201,0
21197,2500
21195,600
21186,1500
21185,0
21184,2500
21158,2000
21104,600
21123,3000
21128,600
21126,0
21161,500
21079,0
21194,1500
21190,800
21189,0
21188,1200
21187,2500
21177,600
21156,500
21155,0
21154,600
21153,700
21118,700
21119,0
21120,500
21125,0
21105,600
21175,1200
21085,800
21164,800
21198,800
21133,0
21174,1500
21176,0
21178,2500
21134,0
21135,0
21208,1500
21207,1500
21180,1000
21137,400
21001,1000
21138,1200
21139,800
21196,800
21140,0
21116,2000
21141,800
21170,600
21052,800
21168,0
21143,1000
21142,400
21023,600
21115,600
21114,1000
21108,400
21112,800
21147,800
21204,1500
21097,700
21148,0
21200,1500
21151,0
21159,0
21050,2000
21144,0
21051,0
21055,800
21056,0
21057,1500
21058,1500
21059,800
21063,600
21064,1500
21065,800
21066,800
21067,400
21070,800
21071,1500
21076,3500
21038,700
21078,1500
21047,800
21048,1000
21049,1500
21080,2500
21132,0
21216,2500
21072,3500
21068,3000
21171,0
21062,0
21061,2500
21060,0
21181,0
21044,600
21036,3500
21191,800
21215,2000
21192,3500
21193,700
21173,1500
21073,0
21121,0
21083,800
21081,800
21075,1500
21074,1000
21111,2000
21089,3000
21210,0
21136,0
21077,3000
21088,4000
21131,700
21110,600
21183,2500
21020,0
21028,0
21109,2000
21030,2500
21034,0
21090,0
21091,2500
21095,800
21102,0
21103,500
21106,0
21107,3500
21214,400
21019,1200
21017,1200
21024,800
21086,2500
21084,3000
21150,800
21082,700
21160,0
21157,800
21162,2000
21209,500
21122,1000
21182,0
21021,0
21069,0
22006,700
22011,500
22012,700
22001,800
22005,600
22004,500
22017,0
22003,800
22013,500
22007,500
22015,1000
22018,600
22002,1000
22008,700
22016,700
22014,600
22009,800
22010,1200
23007,1500
23009,1500
23010,1100
23008,1500
23002,1200
23006,1200
23003,1000
23011,1200
23005,1100
23001,0
23004,1300
24016,1000
24032,700
24051,600
24029,1500
24033,400
24027,700
24025,400
24015,400
24059,0
24013,1500
24002,1500
24003,2500
24004,600
24028,500
24050,500
24057,2500
24049,400
24006,500
24018,2500
24037,2500
24038,2000
24020,400
24001,300
24045,400
24026,1500
24044,500
24039,1500
24048,500
24055,600
24054,3000
24053,2500
24052,600
24019,800
24014,2000
24017,700
24008,600
24056,400
24034,1200
24010,1500
24046,500
24047,500
24024,700
24023,1500
24022,400
24009,400
24036,1500
24007,500
24043,700
24042,0
24012,2000
24035,300
24041,1500
24021,300
24058,1500
24005,1000
24030,600
24040,1200
24011,700
24031,1500
25016,1200
25015,700
25019,0
25020,0
25002,0
25018,0
25010,800
25009,1200
25013,800
25011,0
25001,0
25007,800
25008,800
25012,1200
25006,0
25005,1000
25014,1200
25004,1200
25017,800
25003,800
26037,500
26036,400
26021,500
26054,600
26068,500
26046,300
26045,400
26041,500
26033,0
26034,500
26014,500
26026,0
26016,300
26044,700
26047,0
26043,400
26071,0
26029,0
26069,700
26025,0
26039,0
26055,0
26030,0
26035,400
26022,400
26050,400
26013,500
26012,0
26032,500
26053,400
26048,0
26057,600
26065,400
26066,500
26070,0
26072,0
26058,400
26017,0
26009,700
26020,400
26015,500
26059,500
26060,400
26001,500
26042,600
26067,500
26018,0
26023,500
26007,300
26028,500
26005,700
26003,700
26004,300
26008,600
26027,500
26031,600
26006,500
26064,300
26062,600
26052,700
26051,700
26010,600
26011,500
26019,500
26061,700
26024,500
26049,700
26063,500
26040,700
26038,500
26056,300
26002,400
27006,2000
27005,2000
27008,3000
27004,2500
27010,0
27003,0
27015,3500
27014,2000
27007,2500
27011,2000
27013,0
27017,2000
27002,0
27001,2000
27009,3000
27016,3500
27012,3500
28009,0
28003,1000
28022,0
28021,1200
28013,800
28041,800
28014,600
28040,0
28010,700
28015,500
28039,1200
28020,800
28027,500
28005,700
28007,0
28038,0
28026,700
28037,1000
28019,1000
28028,1500
28025,0
28002,1000
28001,800
28004,1200
28029,1500
28031,800
28035,0
28034,700
28006,600
28033,600
28043,1200
28032,600
28023,700
28017,1000
28042,800
28008,1000
28016,800
28018,700
28011,1200
28024,600
28036,0
28030,700
28012,1000
29013,600
29051,0
29059,0
29011,700
29060,0
29009,800
29030,800
29021,800
29058,0
29046,800
29035,700
29025,1000
29052,1000
29031,800
29032,0
29024,0
29042,0
29053,0
29034,700
29006,800
29044,0
29049,0
29040,800
29026,0
29055,800
29022,0
29001,0
29037,1000
29054,0
29036,0
29010,1000
29033,0
29023,0
29050,1000
29041,0
29057,0
29048,0
29020,800
29017,0
29056,0
29002,0
29007,500
29004,600
29012,800
29029,0
29028,1000
29008,0
29047,0
29039,700
29005,800
29045,0
29016,1000
29019,0
29014,800
29015,0
29018,0
29038,800
29043,800
29027,0
29003,0
30051,2500
30056,1500
30055,1500
30054,1500
30053,2000
30183,3500
30182,2000
30181,1500
30110,2500
30111,0
30180,2500
30178,2000
30175,1200
30201,2500
30208,1500
30207,2000
30204,0
30202,2500
30200,1500
30186,0
30197,2000
30196,2000
30137,2000
30184,2000
30105,1500
30043,1500
30042,2000
30019,2000
30163,2000
30115,1200
30114,1500
30113,2500
30010,600
30097,2000
30087,1500
30149,2000
30150,0
30148,1000
30147,1200
30064,2500
30074,1500
30168,2000
30166,1500
30165,0
30164,1500
30126,1000
30050,3000
30046,2000
30004,1200
30128,600
30145,0
30146,0
30098,2500
30107,1500
30116,0
30131,1200
30136,0
30138,1500
30140,2000
30156,1500
30157,0
30158,1500
30159,2000
30160,1500
30161,1200
30162,1500
30078,1200
30167,1500
30169,1500
30185,2000
30190,0
30003,1500
30194,1000
30199,2000
30206,2500
30011,2000
30012,0
30015,2000
30016,1200
30017,1000
30117,2000
30044,2000
30047,1500
30049,1200
30052,2500
30099,600
30100,1000
30198,1500
30139,2000
30041,2500
30058,1500
30135,2000
30176,0
30120,2000
30020,2000
30021,1500
30022,2000
30023,2500
30024,1500
30025,600
30026,1500
30027,2000
30028,0
30029,1500
30030,1500
30033,1500
30034,1500
30065,1000
30066,1500
30067,3000
30068,2000
30070,2000
30072,600
30073,2000
30075,1500
30112,1500
30109,2000
30141,2000
30142,1500
30143,2000
30144,0
30151,0
30152,1200
30153,1500
30154,0
30155,1200
30187,0
30188,0
30189,1500
30191,1200
30192,1500
30195,1200
30210,3000
30211,1500
30212,2000
30048,2000
30059,2000
30209,2500
30173,2500
30205,1200
30203,3500
30031,1500
30079,2000
30069,1500
30101,1500
30103,3000
30104,2000
30106,0
30102,2000
30108,2000
30193,1500
30177,0
30179,1500
30174,2000
30172,2000
30171,2000
30170,2500
30134,1500
30001,1500
30133,0
30132,1500
30122,2000
30130,2000
30129,0
30125,1500
30124,1500
30127,1500
30123,1000
30002,0
30005,1500
30121,1200
30119,2000
30006,600
30118,2000
30096,0
30095,0
30094,1200
30093,1500
30007,1000
30008,1500
30009,1500
30071,1500
30092,2000
30091,2000
30090,1200
30089,0
30088,1200
30086,600
30018,600
30035,1500
30036,0
30037,2500
30085,2000
30084,1500
30083,1500
30082,2500
30081,1500
30038,1500
30039,2500
30040,1500
30032,2000
30080,2000
30077,1200
30076,2500
30063,1200
30062,0
30061,3000
30013,1500
30014,2000
30060,1500
30045,2000
30057,0
31054,1000
31051,1000
31046,0
31045,0
31014,1200
31029,800
31006,1000
31093,0
31092,0
31061,800
31008,1200
31011,700
31081,0
31017,1200
31091,1100
31096,1200
31018,0
31059,0
31040,0
31085,1200
31052,1000
31048,1000
31047,0
31036,0
31104,1200
31101,1000
31102,1200
31071,0
31069,0
31067,0
31050,1000
31065,800
31084,1000
31079,1000
31064,0
31001,0
31049,0
31032,1100
31024,0
31022,1200
31094,0
31106,700
31105,1000
31103,0
31097,0
31095,0
31090,0
31088,0
31087,700
31086,0
31083,0
31082,800
31080,0
31055,0
31078,0
31077,0
31074,0
31073,1100
31072,1000
31070,1000
31068,800
31063,1000
31060,1100
31053,1000
31044,800
31066,1000
31043,1200
31020,800
31039,800
31037,0
31035,0
31034,0
31033,1000
31031,0
31027,800
31026,800
31089,1000
31025,0
31098,1100
31042,0
31062,1000
31075,0
31023,1000
31016,0
31015,0
31013,1000
31056,1000
31057,1000
31012,1100
31010,0
31009,1000
31007,0
31005,0
31004,1000
31003,0
31076,0
31019,1500
31028,600
31058,1200
31021,0
31030,1100
31038,600
31041,0
31099,1200
31100,500
31002,0
32029,600
32028,800
32027,400
32026,400
32025,0
32024,500
32008,600
32031,600
32022,0
32018,700
32052,500
32016,0
32054,400
32006,500
32013,0
32007,400
32034,800
32053,400
32055,700
32003,800
32039,500
32038,500
32015,800
32017,500
32020,700
32023,800
32058,0
32036,0
32057,0
32030,800
32032,0
32056,500
32035,400
32005,0
32010,500
32001,800
32011,0
32002,700
32040,600
32041,400
32037,0
32021,600
32047,0
32045,800
32051,400
32050,0
32049,600
32048,800
32019,800
32033,800
32012,700
32046,700
32044,700
32004,0
32043,700
32042,600
32014,400
32009,600
