CVEGEO,water_availability
01001,0.0
01008,8.399309
01011,0.0
01009,0.0
01007,0.0
01006,0.0
01004,0.0
01005,0.0
01010,0.0
01003,0.0
01002,7.97713
02007,0.889374
02003,1.037084
02004,0.0
02001,0.0
02006,0.0
02005,0.471866
02002,1.520579
03001,2.13557
03008,0.0
03003,0.00842
03002,0.0
03009,0.0
04008,2059.634923
04005,2059.634923
04003,1762.97343
04012,2059.634923
04001,2059.634923
04010,306.460761
04006,306.460761
04011,385.530232
04004,2059.634923
04013,2059.634923
04002,2059.634923
04009,2059.634923
04007,1762.97343
05010,0.0
05036,0.0
05018,0.0
05029,0.0
05007,0.421886
05032,0.0
05006,0.0
05003,0.0
05012,0.0
05009,0.0
05005,0.0
05004,0.0
05016,0.0
05035,0.0
05014,0.0
05008,0.0
05019,0.0
05038,0.0
05037,0.0
05001,0.0
05017,0.0
05002,0.0
05026,0.0
05021,0.0
05013,0.0
05024,0.0
05020,0.0
05023,0.0
05022,0.0
05015,0.0
05011,0.0
05034,0.0
05033,0.0
05031,0.0
05030,0.762258
05028,0.0
05027,0.0
05025,0.0
06009,4.480262
06005,0.527467
06010,0.0
06008,0.0
06002,4.480262
06007,0.0
06006,4.480262
06003,0.527467
06001,0.0
06004,0.0
07106,58.831968
07090,190.085458
07022,577.409318
07073,190.085458
07042,577.409318
07036,697.527042
07121,190.085458
07119,577.409318
07124,190.085458
07123,58.831968
07067,190.085458
07091,577.409318
07114,6.823576
07069,303.352004
07081,577.409318
07080,303.352004
07065,388.45366
07077,577.409318
07086,58.831968
07010,697.527042
07011,697.527042
07024,30.605168
07028,190.085458
07122,58.831968
07001,303.352004
07002,143.591609
07003,303.352004
07004,388.45366
07005,577.409318
07006,697.527042
07007,143.591609
07029,190.085458
07012,295.2518
07013,190.085458
07014,577.409318
07015,38.479355
07016,161.080504
07019,143.591609
07020,303.352004
07021,190.085458
07033,180.335309
07053,38.479355
07025,577.409318
07026,577.409318
07027,58.831968
07030,697.527042
07031,388.45366
07055,38.479355
07023,30.605168
07034,697.527042
07075,143.591609
07076,577.409318
07038,30.605168
07039,577.409318
07040,38.479355
07041,52.993121
07043,577.409318
07044,190.085458
07045,577.409318
07046,227.611227
07048,577.409318
07052,52.993121
07056,577.409318
07054,38.479355
07072,190.085458
07111,30.605168
07110,190.085458
07051,303.352004
07050,161.080504
07049,190.085458
07096,577.409318
07097,227.611227
07099,697.527042
07058,143.591609
07060,190.085458
07070,303.352004
07063,190.085458
07057,38.479355
07101,190.085458
07102,38.479355
07103,38.479355
07104,697.527042
07079,190.085458
07120,303.352004
07107,227.611227
07108,227.611227
07109,577.409318
07085,190.085458
07088,180.335309
07093,30.605168
07098,143.591609
07100,577.409318
07105,38.479355
07112,577.409318
07087,38.479355
07113,577.409318
07115,388.45366
07117,697.527042
07118,577.409318
07047,190.085458
07092,190.085458
07018,190.085458
07059,6.823576
07061,58.831968
07064,30.605168
07066,577.409318
07071,38.479355
07078,30.605168
07032,303.352004
07125,303.352004
07035,38.479355
07062,180.335309
07037,38.479355
07068,577.409318
07074,180.335309
07082,577.409318
07083,697.527042
07084,577.409318
07089,38.479355
07008,697.527042
07009,227.611227
07017,227.611227
07116,6.823576
07094,143.591609
08037,0.0
08021,0.0
08019,0.0
08001,0.0
08006,0.0
08052,0.0
08020,60.906153
08041,60.906153
08055,0.0
08032,0.0
08017,0.0
08043,0.0
08016,0.0
08023,70.214055
08059,15.204465
08015,0.0
08049,50.503198
08036,0.0
08060,15.204465
08007,50.503198
08008,60.906153
08051,60.906153
08067,19.400403
08062,0.0
08061,19.400403
08029,0.0
08003,0.0
08014,21.494882
08018,56.690775
08054,0.0
08058,0.0
08002,0.0
08065,60.906153
08063,19.810746
08022,0.0
08066,60.906153
08004,0.0
08009,60.906153
08010,0.0
08011,0.0
08012,19.400403
08013,11.266036
08053,0.0
08057,19.400403
08044,21.494882
08031,60.906153
08056,50.503198
08045,0.0
08046,23.874806
08047,19.810746
08025,0.0
08048,0.0
08024,0.0
08064,50.503198
08050,0.0
08026,0.0
08027,50.503198
08028,0.0
08030,60.906153
08033,50.503198
08034,0.0
08035,0.0
08038,0.0
08039,2.403231
08040,0.0
08042,0.0
08005,0.0
09005,0.0
09007,0.0
09015,0.0
09017,0.0
09013,0.0
09003,0.0
09008,0.0
09009,0.0
09010,0.0
09014,0.0
09011,0.0
09006,0.0
09002,0.0
09012,19.238514
09004,0.0
09016,0.0
10009,30.134138
10017,26.144879
10036,0.0
10021,0.0
10034,0.0
10024,0.632674
10012,0.0
10039,30.134138
10018,22.8065
10011,26.144879
10005,0.0
10010,5.658765
10030,6.678254
10029,6.678254
10023,0.0
10033,3.883231
10016,0.0
10003,0.632674
10004,0.0
10006,7.018567
10025,26.144879
10008,0.0
10027,0.0
10001,0.0
10035,39.890599
10014,13.21242
10022,0.0
10038,0.0
10037,0.0
10019,39.890599
10028,0.0
10026,0.0
10015,0.0
10031,7.018567
10007,0.0
10020,0.0
10032,39.890599
10013,6.678254
10002,39.890599
11044,0.0
11017,0.0
11037,105.046121
11010,1.004238
11031,0.0
11015,0.0
11034,0.0
11036,0.0
11030,105.046121
11026,0.0
11009,0.0
11016,0.0
11024,0.0
11029,0.0
11011,0.0
11027,0.0
11025,0.0
11003,0.0
11004,0.0
11005,0.0
11043,0.0
11022,0.0
11014,0.0
11045,0.0
11001,0.0
11033,0.0
11006,0.0
11002,0.0
11012,0.0
11013,0.0
11007,0.0
11019,1.004238
11035,0.0
11018,0.0
11008,0.0
11041,0.0
11028,0.0
11040,0.0
11042,0.0
11039,20.926815
11032,0.0
11023,0.0
11038,1.004238
11046,0.0
11021,0.0
11020,0.0
12021,35.220061
12060,1.903079
12063,5.185709
12082,3.263022
12024,9.344285
12058,50.473092
12010,226.448562
12011,4.812715
12012,6.522905
12004,111.556852
12068,2.640035
12043,111.556852
12007,50.473092
12057,31.165688
12066,9.344285
12056,3.263022
12001,35.220061
12075,20.756871
12055,1.903079
12006,50.473092
12037,1.903079
12085,20.634036
12027,31.919487
12015,5.409428
12074,11.640191
12014,31.165688
12018,6.522905
12072,226.448562
12009,111.556852
12081,5.185709
12084,5.185709
12071,0.0
12070,9.344285
12083,6.522905
12079,226.448562
12076,5.185709
12065,9.344285
12073,24.1831
12064,31.919487
12019,5.409428
12005,9.344285
12030,5.143525
12069,9.344285
12036,111.556852
12080,5.185709
12078,111.556852
12077,5.185709
12023,20.634036
12048,0.541362
12053,3.263022
12054,31.165688
12047,50.473092
12049,26.427143
12050,31.919487
12051,226.448562
12045,9.344285
12046,111.556852
12040,226.448562
12013,5.185709
12062,111.556852
12041,5.185709
12042,11.640191
12044,226.448562
12038,24.1831
12039,5.143525
12002,9.344285
12003,4.832512
12034,5.409428
12035,20.883012
12031,10.107356
12032,226.448562
12033,9.344285
12028,226.448562
12029,35.220061
12008,5.409428
12025,6.522905
12026,50.473092
12059,11.640191
12061,17.693104
12052,6.522905
12067,50.473092
12016,24.1831
12017,50.473092
12020,9.344285
12022,0.541362
13031,0.399755
13005,30.462743
13075,0.0
13028,7.447469
13045,4.463735
13021,23.526769
13001,0.0
13002,0.0
13049,0.399755
13003,53.144093
13030,53.144093
13023,30.462743
13004,0.0
13027,12.840719
13022,0.0
13020,0.302078
13074,30.462743
13070,30.462743
13018,0.399755
13029,0.0
13071,0.302078
13076,0.0
13046,4.195399
13065,30.462743
13061,2.756391
13047,43.183646
13078,8.071
13063,0.0
13017,30.462743
13083,0.0
13072,2.756391
13067,30.462743
13026,7.447469
13062,4.195399
13044,0.0
13016,17.344356
13015,53.144093
13014,8.071
13068,8.071
13084,13.653593
13081,9.456009
13043,0.399755
13066,0.0
13013,0.0
13025,8.071
13048,0.0
13038,0.0
13052,0.0
13037,0.302078
13036,9.456009
13053,12.840719
13012,4.463735
13011,8.071
13010,30.462743
13009,53.144093
13008,23.526769
13007,23.526769
13006,30.462743
13054,53.144093
13055,53.144093
13080,8.071
13079,9.456009
13035,0.0
13073,7.447469
13034,7.447469
13019,30.462743
13077,0.0
13051,0.0
13082,0.0
13064,30.462743
13024,0.0
13041,30.462743
13060,0.0
13059,0.0
13032,3.470966
13058,13.653593
13057,0.0
13050,30.462743
13056,0.0
13042,7.447469
13040,0.399755
13069,0.0
13039,0.0
13033,4.195399
14018,0.0
14097,0.0
14114,0.0
14113,0.0
14112,0.0
14111,0.0
14110,0.0
14109,0.0
14124,0.0
14065,4.480262
14116,0.0
14117,0.0
14118,0.0
14119,0.0
14014,0.0
14015,3.682467
14017,0.0
14043,0.0
14106,0.0
14107,0.0
14108,0.527467
14115,8.259542
14075,0.0
14077,2.208133
14078,0.0
14074,0.0
14076,6.350523
14069,0.0
14123,0.0
14122,0.588234
14121,0.0
14120,0.0
14002,0.0
14003,0.0
14005,0.0
14055,0.0
14086,0.0
14098,0.0
14025,6.350523
14027,0.0
14028,1.935336
14101,0.0
14022,1.192573
14039,0.0
14044,2.862133
14051,0.0
14070,0.0
14125,0.0
14071,0.0
14068,16.181773
14067,0.3743
14066,0.0
14064,0.0
14063,0.0
14062,2.208133
14061,0.0
14060,0.0
14059,0.0
14058,1.753788
14057,0.0
14056,2.606066
14054,0.0
14053,0.0
14052,0.0
14050,0.0
14031,6.350523
14049,80.042898
14048,0.0
14047,0.0
14046,0.0
14045,0.0
14042,0.0
14041,8.259542
14040,0.0
14038,1.424735
14037,0.0
14036,0.0
14035,0.0
14034,0.0
14033,13.496152
14004,0.0
14019,8.259542
14001,0.0
14006,2.208133
14007,0.0
14008,0.0
14009,0.0
14072,0.0
14080,1.424735
14081,8.259542
14082,0.0
14083,0.0
14084,1.935336
14085,0.0
14087,0.0
14088,0.0
14089,0.0
14094,0.0
14095,0.0
14096,0.0
14032,0.0
14030,0.0
14029,0.0
14026,0.0
14024,0.0
14023,0.0
14021,3.682467
14020,1.935336
14016,0.0
14011,2.208133
14013,0.0
14010,0.0
14012,2.208133
14073,0.0
14079,0.0
14093,0.0
14099,0.588234
14100,1.935336
14102,0.0
14103,0.527467
14104,6.350523
14105,0.0
14090,0.0
14091,0.0
14092,0.0
15116,4.586288
15072,0.0
15003,0.0
15007,0.0
15094,0.0
15032,2.061531
15081,0.0
15071,0.0
15070,0.0
15026,0.0
15061,0.0
15057,0.0
15120,0.0
15110,4.586288
15030,0.0
15044,0.0
15093,0.0
15108,0.0
15111,2.061531
15016,2.756391
15112,0.0
15113,0.0
15123,31.919487
15074,0.0
15125,0.0
15053,0.0
15055,0.0
15073,0.0
15015,36.495821
15014,0.0
15056,0.0
15054,0.0
15076,0.0
15060,0.0
15083,0.0
15024,0.0
15059,0.0
15009,0.0
15067,0.0
15031,0.0
15092,0.0
15066,4.586288
15098,0.0
15025,0.0
15077,31.919487
15078,4.586288
15096,0.0
15104,0.0
15107,26.427143
15100,0.0
15082,31.919487
15058,0.0
15064,0.0
15109,0.0
15023,0.0
15040,26.427143
15039,18.017454
15005,0.0
15086,0.0
15042,0.0
15049,0.0
15052,9.055854
15103,18.017454
15050,0.0
15101,0.0
15090,0.0
15062,0.0
15105,31.919487
15068,0.0
15080,31.919487
15106,0.0
15118,0.0
15036,0.0
15013,0.0
15124,2.061531
15117,31.919487
15046,0.0
15115,0.0
15045,0.0
15006,0.0
15012,0.0
15034,0.0
15041,2.061531
15017,0.0
15102,0.0
15089,0.0
15029,0.0
15087,0.0
15069,0.0
15084,0.0
15119,26.427143
15008,31.919487
15011,0.0
15121,0.0
15075,0.0
15018,0.0
15019,0.0
15020,0.0
15022,0.0
15047,0.0
15001,0.0
15048,0.0
15028,0.0
15063,9.055854
15051,0.0
15085,0.0
15088,0.0
15027,0.0
15122,0.0
15099,18.017454
15004,31.919487
15043,19.238514
15035,0.0
15065,0.0
15079,30.462743
15010,30.462743
15037,0.0
15038,0.0
15091,0.0
15033,0.0
15097,31.919487
15114,0.0
15095,0.0
15021,0.0
15002,0.0
16045,0.0
16093,0.0
16092,31.919487
16088,0.0
16085,0.0
16084,0.0
16074,0.0
16055,80.042898
16061,2.061531
16073,0.0
16104,0.0
16089,80.042898
16103,0.0
16102,80.042898
16071,0.0
16064,80.042898
16063,0.0
16062,0.0
16060,13.496152
16059,0.613843
16058,80.042898
16057,27.550217
16056,35.462472
16079,27.550217
16078,0.0
16018,0.0
16019,2.606066
16020,0.0
16021,0.0
16022,2.061531
16067,0.0
16072,2.061531
16086,0.0
16087,74.011561
16047,2.061531
16046,2.061531
16012,80.042898
16065,35.462472
16066,27.550217
16068,80.042898
16069,13.496152
16070,26.820476
16083,80.042898
16002,0.0
16094,0.0
16095,2.606066
16100,0.0
16105,0.0
16101,27.550217
16111,74.011561
16034,2.061531
16017,0.0
16016,0.0
16015,0.0
16014,0.0
16053,27.550217
16052,8.870558
16051,4.902971
16050,0.0
16049,27.550217
16042,0.0
16041,0.0
16038,24.1831
16037,26.820476
16036,0.0
16035,1.857187
16023,0.0
16025,0.0
16040,2.061531
16039,0.0
16026,0.0
16027,26.820476
16028,0.0
16029,1.857187
16030,0.0
16054,26.820476
16033,0.613843
16076,0.0
16075,2.606066
16080,0.0
16081,4.586288
16082,27.550217
16099,4.586288
16003,0.0
16090,74.011561
16091,0.0
16048,0.0
16001,27.550217
16024,35.462472
16009,0.613843
16008,0.0
16007,0.0
16006,1.857187
16005,0.0
16004,0.0
16011,0.0
16010,8.870558
16110,0.0
16109,13.496152
16108,0.0
16107,35.462472
16106,0.0
16013,27.550217
16044,26.820476
16043,0.0
16077,24.1831
16032,0.0
16031,1.004238
16098,2.061531
16097,5.878429
16096,1.857187
16113,0.0
16112,2.061531
17008,9.055854
17003,34.070832
17036,0.527376
17029,0.0
17018,9.055854
17014,9.055854
17019,34.070832
17006,0.0
17001,26.427143
17025,5.409428
17002,0.0
17026,0.0
17023,0.0
17004,0.527376
17010,0.527376
17017,5.409428
17015,9.055854
17022,0.527376
17009,0.0
17011,0.0
17012,9.055854
17024,9.055854
17030,0.0
17013,0.527376
17034,9.055854
17020,0.0
17031,9.055854
17021,9.055854
17027,0.0
17016,0.527376
17032,0.527376
17033,0.527376
17035,9.055854
17007,0.0
17005,26.427143
17028,9.055854
18009,0.892374
18003,1.424735
18015,0.0
18014,0.0
18007,0.0
18005,0.0
18017,48.085217
18013,1.424735
18012,8.057612
18011,13.21242
18010,0.0
18002,1.424735
18001,6.645055
18018,0.0
18019,0.0
18004,1.424735
18006,0.0
18020,1.424735
18008,0.0
18016,6.645055
19035,93.847952
19036,0.0
19002,0.0
19013,12.810618
19014,0.0
19032,0.0
19001,0.0
19031,0.0
19015,5.767295
19043,0.0
19048,0.0
19047,0.0
19040,0.0
19037,0.0
19027,5.767295
19020,12.810618
19005,0.0
19019,0.0
19041,0.0
19008,0.0
19026,0.0
19051,0.0
19007,2.950438
19050,0.0
19049,0.0
19034,0.0
19045,0.0
19038,0.0
19033,0.0
19010,0.0
19023,4.82752
19009,0.0
19029,0.0
19030,0.0
19006,0.0
19028,0.0
19025,0.0
19046,0.0
19021,0.0
19003,5.767295
19042,0.0
19018,0.0
19017,0.0
19016,1.255152
19011,0.0
19044,0.0
19004,0.0
19022,12.810618
19024,1.903012
19039,0.0
19012,0.0
20155,0.0
20481,0.0
20378,0.0
20334,11.016983
20437,30.778398
20441,19.097052
20446,0.0
20447,0.0
20469,0.0
20440,19.097052
20513,19.097052
20278,30.778398
20457,30.778398
20482,20.634036
20329,0.0
20330,30.778398
20170,19.097052
20230,2.254951
20184,30.778398
20214,23.352309
20220,23.352309
20262,3.030253
20266,1.700436
20265,3.437684
20318,7.602375
20327,227.611227
20556,2.462729
20005,19.097052
20517,19.097052
20565,3.030253
20503,30.778398
20500,0.0
20059,15.914757
20177,23.352309
20364,11.016983
20057,179.154991
20544,3.030253
20410,8.463489
20435,19.097052
20417,30.778398
20439,7.602375
20251,9.344285
20467,5.674356
20559,30.778398
20169,30.778398
20118,19.097052
20568,2.254951
20460,30.778398
20044,30.778398
20507,20.634036
20515,8.463489
20516,0.0
20051,19.097052
20041,23.352309
20042,23.352309
20071,7.602375
20223,30.778398
20190,179.154991
20097,30.778398
20098,30.778398
20101,0.0
20104,0.0
20413,1.700436
20120,30.778398
20121,0.508321
20015,15.914757
20125,1.700436
20124,19.097052
20020,0.0
20153,7.602375
20141,227.611227
20147,0.508321
20150,3.030253
20164,2.254951
20204,19.097052
20035,23.352309
20202,7.602375
20566,0.0
20217,0.0
20016,111.556852
20229,0.0
20232,30.778398
20235,15.914757
20236,1.700436
20525,3.437684
20526,11.016983
20052,8.463489
20290,2.254951
20043,19.097052
20079,1.401873
20207,179.154991
20356,3.030253
20340,1.73708
20218,0.0
20386,0.0
20179,23.352309
20524,2.462729
20264,0.508321
20333,19.097052
20198,179.154991
20365,3.030253
20002,30.778398
20006,0.508321
20008,8.463489
20009,30.778398
20010,19.097052
20414,0.0
20291,7.602375
20298,19.097052
20385,3.030253
20023,3.030253
20306,1.700436
20310,3.030253
20309,30.778398
20324,7.602375
20337,19.097052
20351,15.914757
20562,0.0
20426,0.0
20427,179.154991
20021,30.778398
20175,23.352309
20466,0.0
20468,30.778398
20470,19.097052
20479,0.508321
20498,30.778398
20133,0.0
20134,30.778398
20138,30.778398
20149,0.0
20161,0.508321
20159,7.602375
20047,2.462729
20094,0.508321
20031,19.097052
20279,1.700436
20401,7.602375
20367,20.634036
20359,23.352309
20511,0.0
20096,0.508321
20504,3.030253
20537,2.254951
20543,0.0
20548,23.352309
20076,0.0
20463,23.352309
20436,23.352309
20523,0.508321
20054,0.508321
20168,20.634036
20185,111.556852
20246,30.778398
20277,0.0
20542,0.0
20357,19.097052
20489,0.0
20490,30.778398
20502,30.778398
20163,23.352309
20166,30.778398
20237,2.254951
20506,30.778398
20508,19.097052
20205,30.778398
20271,0.0
20545,23.352309
20546,3.030253
20547,2.462729
20186,2.254951
20227,3.030253
20261,2.254951
20552,23.352309
20550,3.030253
20253,1.700436
20254,7.602375
20272,5.674356
20273,0.0
20275,19.097052
20551,19.097052
20553,3.030253
20493,0.508321
20554,30.778398
20555,3.030253
20018,23.352309
20036,19.097052
20338,3.030253
20344,7.602375
20366,7.602375
20377,0.0
20451,23.352309
20404,0.508321
20407,3.437684
20558,23.352309
20561,19.097052
20056,111.556852
20563,15.914757
20497,11.016983
20549,1.937141
20564,0.0
20099,9.344285
20491,0.0
20379,1.937141
20494,0.0
20499,2.462729
20058,23.352309
20569,0.508321
20570,0.0
20567,9.344285
20423,0.0
20528,1.937141
20112,19.097052
20510,0.0
20129,23.352309
20371,0.0
20424,1.700436
20406,30.778398
20422,0.508321
20450,0.0
20075,3.437684
20501,2.254951
20505,3.437684
20459,1.73708
20477,0.0
20484,2.254951
20485,20.634036
20492,0.0
20495,1.700436
20514,30.778398
20534,15.914757
20117,7.602375
20512,1.700436
20518,0.508321
20206,23.352309
20521,0.508321
20001,23.352309
20256,23.352309
20003,30.778398
20263,7.602375
20004,2.254951
20007,3.030253
20267,23.352309
20011,9.344285
20027,30.778398
20030,19.097052
20519,3.030253
20034,2.254951
20013,3.030253
20017,0.0
20049,3.030253
20520,1.937141
20019,23.352309
20022,1.73708
20024,23.352309
20025,3.437684
20026,0.0
20029,30.778398
20032,2.254951
20033,3.030253
20050,0.0
20536,0.0
20037,0.0
20040,23.352309
20045,3.030253
20053,19.097052
20046,0.0
20172,0.0
20048,0.0
20522,30.778398
20456,1.73708
20060,30.778398
20061,15.914757
20062,23.352309
20063,3.030253
20065,1.937141
20069,0.0
20070,20.634036
20072,0.0
20074,19.097052
20078,3.030253
20077,3.030253
20081,1.937141
20092,3.030253
20080,0.0
20084,3.030253
20082,0.0
20086,0.0
20083,3.030253
20087,3.030253
20089,2.462729
20090,20.634036
20091,3.030253
20095,7.602375
20100,30.778398
20199,2.254951
20102,3.030253
20233,19.097052
20103,3.030253
20105,1.937141
20107,3.030253
20108,0.0
20109,23.352309
20110,0.0
20111,111.556852
20527,23.352309
20116,30.778398
20114,30.778398
20115,3.030253
20119,0.0
20014,19.097052
20123,0.0
20122,19.097052
20126,1.700436
20127,0.0
20128,30.778398
20529,2.254951
20131,19.097052
20130,3.437684
20152,2.254951
20132,3.030253
20135,3.030253
20136,23.352309
20137,0.0
20139,30.778398
20142,30.778398
20140,0.508321
20160,2.254951
20143,3.437684
20144,0.508321
20145,3.030253
20531,3.030253
20146,15.914757
20148,1.700436
20151,23.352309
20157,3.030253
20248,19.097052
20158,0.0
20162,19.097052
20176,2.462729
20165,2.254951
20167,15.914757
20530,3.030253
20187,23.352309
20171,30.778398
20188,20.634036
20173,23.352309
20174,3.030253
20191,23.352309
20196,23.352309
20178,3.030253
20197,3.030253
20180,111.556852
20215,0.508321
20181,1.73708
20480,1.937141
20182,30.778398
20183,9.344285
20189,30.778398
20192,3.030253
20193,3.030253
20194,19.097052
20195,0.0
20210,1.937141
20200,19.097052
20201,30.778398
20203,19.097052
20208,1.937141
20209,1.700436
20284,19.097052
20219,3.030253
20216,30.778398
20221,0.508321
20222,30.778398
20541,30.778398
20224,0.508321
20225,20.634036
20226,19.097052
20228,30.778398
20231,19.097052
20239,0.0
20234,23.352309
20240,0.0
20241,3.030253
20242,111.556852
20243,3.030253
20244,23.352309
20249,30.778398
20245,2.254951
20269,0.0
20247,23.352309
20250,0.508321
20255,0.0
20252,0.0
20257,30.778398
20258,0.0
20259,9.344285
20260,23.352309
20268,0.0
20276,23.352309
20281,0.508321
20274,0.0
20532,0.0
20280,30.778398
20533,7.602375
20368,3.030253
20282,8.463489
20283,23.352309
20535,0.0
20286,1.937141
20285,20.634036
20288,30.778398
20289,15.914757
20292,0.0
20380,3.030253
20294,3.030253
20295,3.030253
20538,15.914757
20296,23.352309
20297,0.0
20304,0.508321
20299,30.778398
20300,111.556852
20308,19.097052
20301,3.030253
20311,23.352309
20302,20.634036
20303,30.778398
20305,19.097052
20321,2.462729
20332,0.508321
20307,1.700436
20312,20.634036
20313,23.352309
20314,0.0
20331,0.0
20315,3.030253
20316,19.097052
20317,1.937141
20360,3.030253
20319,1.700436
20320,0.0
20322,30.778398
20323,19.097052
20325,19.097052
20326,30.778398
20328,19.097052
20335,30.778398
20336,23.352309
20339,0.508321
20341,2.462729
20342,3.030253
20343,3.030253
20345,111.556852
20346,1.937141
20347,1.700436
20539,3.030253
20211,1.700436
20212,30.778398
20213,0.0
20348,111.556852
20349,3.030253
20540,2.462729
20350,3.030253
20352,2.254951
20353,15.914757
20354,30.778398
20355,30.778398
20358,3.030253
20362,15.914757
20361,19.097052
20363,3.030253
20373,23.352309
20369,3.030253
20370,0.0
20381,2.254951
20372,0.0
20374,30.778398
20293,3.030253
20382,0.0
20375,3.030253
20376,2.254951
20383,0.0
20408,0.0
20384,15.914757
20387,3.030253
20411,3.030253
20388,0.0
20106,2.462729
20055,2.254951
20390,3.030253
20391,7.602375
20418,19.097052
20392,0.0
20393,3.030253
20394,30.778398
20395,23.352309
20396,23.352309
20397,0.0
20398,0.0
20399,3.030253
20400,1.73708
20402,20.634036
20154,15.914757
20156,30.778398
20403,3.030253
20419,23.352309
20405,2.462729
20409,3.030253
20412,19.097052
20415,111.556852
20287,2.462729
20416,23.352309
20420,0.0
20421,19.097052
20425,23.352309
20428,19.097052
20432,30.778398
20429,0.0
20430,0.0
20431,23.352309
20270,23.352309
20433,11.016983
20442,30.778398
20438,30.778398
20434,23.352309
20444,0.0
20443,23.352309
20445,0.0
20448,0.0
20449,19.097052
20452,3.030253
20453,8.463489
20454,30.778398
20455,2.254951
20458,23.352309
20461,2.254951
20462,1.73708
20464,23.352309
20465,179.154991
20471,30.778398
20472,19.097052
20473,30.778398
20474,20.634036
20475,19.097052
20476,2.254951
20389,3.030253
20478,23.352309
20012,7.602375
20028,15.914757
20039,2.254951
20064,19.097052
20066,3.437684
20067,3.030253
20068,19.097052
20073,0.0
20085,7.602375
20088,0.0
20483,3.030253
20486,2.462729
20093,2.462729
20113,7.602375
20487,3.030253
20488,23.352309
20496,23.352309
20509,7.602375
20557,19.097052
20560,3.030253
20038,30.778398
20238,0.0
21053,0.33811
21211,13.283498
21206,34.070832
21152,0.0
21027,23.352309
21026,18.017454
21015,0.0
21014,13.283498
21010,30.778398
21149,25.324552
21004,0.0
21005,36.495821
21006,13.283498
21008,0.0
21146,34.070832
21145,30.778398
21003,2.254951
21117,0.0
21165,36.495821
21163,0.0
21113,34.070832
21009,34.070832
21039,13.283498
21040,34.070832
21041,18.017454
21016,13.283498
21087,5.409428
21167,13.283498
21166,36.495821
21018,1.73708
21054,0.0
21127,1.73708
21129,23.352309
21130,0.0
21213,13.283498
21124,25.324552
21169,34.070832
21172,13.283498
21179,0.0
21202,13.283498
21203,34.070832
21042,34.070832
21043,13.283498
21217,30.778398
21101,13.283498
21100,0.0
21099,30.778398
21098,34.070832
21096,0.0
21094,12.318401
21093,0.0
21092,34.070832
21012,0.0
21013,25.324552
21007,34.070832
21011,9.344285
21022,0.527376
21025,13.283498
21037,34.070832
21035,23.352309
21033,0.527376
21032,5.409428
21031,34.070832
21029,13.283498
21045,0.0
21046,30.778398
21002,75.816902
21212,0.0
21199,0.0
21205,0.0
21201,34.070832
21197,1.453705
21195,30.778398
21186,0.0
21185,36.495821
21184,13.283498
21158,13.283498
21104,0.0
21123,13.283498
21128,12.318401
21126,18.017454
21161,25.324552
21079,0.0
21194,1.453705
21190,1.73708
21189,0.0
21188,0.527376
21187,12.840719
21177,34.070832
21156,25.324552
21155,9.344285
21154,0.0
21153,34.070832
21118,0.0
21119,18.017454
21120,25.324552
21125,18.017454
21105,0.0
21175,36.495821
21085,34.070832
21164,0.0
21198,34.070832
21133,36.495821
21174,13.283498
21176,36.495821
21178,1.453705
21134,18.017454
21135,2.254951
21208,0.0
21207,13.283498
21180,18.017454
21137,0.0
21001,0.0
21138,36.495821
21139,34.070832
21196,34.070832
21140,18.017454
21116,0.0
21141,2.254951
21170,0.0
21052,34.070832
21168,0.527376
21143,18.017454
21142,0.0
21023,30.778398
21115,0.0
21114,34.070832
21108,12.318401
21112,2.254951
21147,34.070832
21204,13.283498
21097,0.0
21148,36.495821
21200,13.283498
21151,0.0
21159,34.070832
21050,0.0
21144,0.0
21051,34.070832
21055,2.254951
21056,34.070832
21057,0.0
21058,0.0
21059,34.070832
21063,30.778398
21064,1.453705
21065,0.0
21066,2.254951
21067,0.0
21070,34.070832
21071,0.0
21076,75.816902
21038,0.0
21078,13.283498
21047,34.070832
21048,18.017454
21049,0.0
21080,13.283498
21132,18.017454
21216,13.283498
21072,13.283498
21068,13.283498
21171,0.0
21062,34.070832
21061,30.778398
21060,18.017454
21181,18.017454
21044,0.0
21036,23.352309
21191,9.344285
21215,13.283498
21192,13.283498
21193,34.070832
21173,13.283498
21073,34.070832
21121,34.070832
21083,12.318401
21081,9.344285
21075,13.283498
21074,18.017454
21111,1.453705
21089,13.283498
21210,13.283498
21136,18.017454
21077,13.283498
21088,13.283498
21131,34.070832
21110,0.0
21183,13.283498
21020,34.070832
21028,13.283498
21109,0.0
21030,13.283498
21034,18.017454
21090,18.017454
21091,0.0
21095,34.070832
21102,18.017454
21103,30.778398
21106,34.070832
21107,13.283498
21214,25.324552
21019,36.495821
21017,13.283498
21024,34.070832
21086,1.453705
21084,13.283498
21150,34.070832
21082,34.070832
21160,34.070832
21157,34.070832
21162,13.283498
21209,1.73708
21122,18.017454
21182,0.0
21021,36.495821
21069,36.495821
22006,0.0
22011,0.0
22012,0.0
22001,0.0
22005,0.0
22004,0.0
22017,0.0
22003,2.293699
22013,0.0
22007,0.0
22015,43.183646
22018,0.0
22002,0.0
22008,1.004238
22016,0.0
22014,0.0
22009,0.0
22010,0.0
23007,2059.634923
23009,2059.634923
23010,306.460761
23008,2059.634923
23002,136.584952
23006,136.584952
23003,2059.634923
23011,2059.634923
23005,2059.634923
23001,2059.634923
23004,306.460761
24016,93.954487
24032,0.0
24051,0.0
24029,4.195399
24033,0.0
24027,2.293699
24025,0.0
24015,0.0
24059,0.0
24013,54.054731
24002,17.127052
24003,63.217249
24004,5.842758
24028,0.0
24050,0.0
24057,0.399755
24049,0.0
24006,0.0
24018,54.054731
24037,0.399755
24038,54.054731
24020,0.0
24001,0.0
24045,0.0
24026,54.054731
24044,0.0
24039,54.054731
24048,0.0
24055,0.0
24054,0.399755
24053,54.054731
24052,17.127052
24019,32.460662
24014,54.054731
24017,4.636625
24008,17.127052
24056,7.378531
24034,93.954487
24010,17.127052
24046,4.464775
24047,0.0
24024,2.293699
24023,63.217249
24022,0.0
24009,5.842758
24036,63.217249
24007,0.0
24043,2.293699
24042,93.954487
24012,54.054731
24035,0.0
24041,54.054731
24021,0.0
24058,63.217249
24005,17.127052
24030,5.842758
24040,93.954487
24011,0.0
24031,32.460662
25016,0.0
25015,0.0
25019,39.890599
25020,23.874806
25002,0.0
25018,39.890599
25010,23.874806
25009,6.645055
25013,0.0
25011,0.0
25001,60.906153
25007,23.874806
25008,0.0
25012,0.0
25006,0.0
25005,0.0
25014,0.0
25004,0.0
25017,0.0
25003,0.0
26037,0.0
26036,0.0
26021,0.0
26054,7.703657
26068,7.703657
26046,0.0
26045,3.743562
26041,10.009704
26033,21.071781
26034,0.760056
26014,0.760056
26026,22.157317
26016,0.0
26044,10.173885
26047,0.0
26043,0.0
26071,0.0
26029,11.734151
26069,19.810746
26025,0.0
26039,5.730267
26055,0.0
26030,0.0
26035,0.0
26022,0.0
26050,3.743562
26013,0.760056
26012,11.734151
26032,0.760056
26053,3.743562
26048,0.0
26057,22.825242
26065,0.0
26066,4.974648
26070,0.0
26072,11.734151
26058,0.0
26017,0.022531
26009,10.173885
26020,0.0
26015,2.16735
26059,5.651983
26060,2.946668
26001,3.743562
26042,6.0438
26067,8.157709
26018,0.0
26023,0.760056
26007,0.0
26028,9.02857
26005,22.825242
26003,60.906153
26004,0.0
26008,9.02857
26027,10.009704
26031,9.02857
26006,3.743562
26064,0.0
26062,10.884285
26052,22.825242
26051,0.0
26010,2.16735
26011,10.009704
26019,3.99407
26061,10.173885
26024,9.02857
26049,22.157317
26063,9.02857
26040,9.02857
26038,0.760056
26056,0.0
26002,2.16735
27006,180.335309
27005,1554.426468
27008,180.335309
27004,577.409318
27010,366.260752
27003,1553.427575
27015,577.409318
27014,1554.426468
27007,161.080504
27011,161.080504
27013,366.260752
27017,388.45366
27002,180.335309
27001,385.530232
27009,577.409318
27016,577.409318
27012,577.409318
28009,93.954487
28003,93.954487
28022,12.810618
28021,93.954487
28013,2.950438
28041,2.950438
28014,0.0
28040,12.810618
28010,14.268945
28015,93.847952
28039,63.217249
28020,0.0
28027,93.847952
28005,12.033584
28007,93.847952
28038,93.954487
28026,1.903012
28037,1.4181
28019,10.753596
28028,63.217249
28025,4.82752
28002,7.195523
28001,78.306083
28004,54.054731
28029,63.217249
28031,10.753596
28035,78.306083
28034,0.0
28006,0.0
28033,12.810618
28043,10.753596
28032,12.810618
28023,12.810618
28017,10.753596
28042,0.0
28008,1.4181
28016,2.950438
28018,0.0
28011,10.753596
28024,0.0
28036,14.268945
28030,0.0
28012,93.954487
29013,0.0
29051,26.562619
29059,26.562619
29011,26.562619
29060,26.562619
29009,26.562619
29030,12.318401
29021,18.017454
29058,26.562619
29046,0.33811
29035,12.318401
29025,18.017454
29052,12.318401
29031,0.33811
29032,26.562619
29024,26.562619
29042,18.017454
29053,26.562619
29034,0.33811
29006,18.017454
29044,18.017454
29049,26.562619
29040,26.562619
29026,26.562619
29055,26.562619
29022,26.562619
29001,26.562619
29037,0.0
29054,26.562619
29036,26.562619
29010,26.562619
29033,26.562619
29023,18.017454
29050,26.562619
29041,18.017454
29057,26.562619
29048,26.562619
29020,18.017454
29017,26.562619
29056,26.562619
29002,26.562619
29007,12.318401
29004,12.318401
29012,18.017454
29029,26.562619
29028,18.017454
29008,12.318401
29047,0.33811
29039,12.318401
29005,26.562619
29045,23.526769
29016,12.318401
29019,18.017454
29014,26.562619
29015,18.017454
29018,26.562619
29038,26.562619
29043,26.562619
29027,18.017454
29003,26.562619
30051,13.283498
30056,4.195399
30055,8.071
30054,30.778398
30053,117.573638
30183,75.816902
30182,72.661362
30181,117.573638
30110,30.778398
30111,61.060905
30180,12.840719
30178,17.028794
30175,1.453705
30201,30.778398
30208,17.028794
30207,30.778398
30204,61.060905
30202,12.840719
30200,0.0
30186,0.0
30197,75.816902
30196,6.495599
30137,30.778398
30184,30.778398
30105,117.573638
30043,0.0
30042,75.816902
30019,30.778398
30163,75.816902
30115,30.778398
30114,75.816902
30113,0.0
30010,0.0
30097,77.801634
30087,72.661362
30149,75.795175
30150,93.954487
30148,0.0
30147,30.778398
30064,13.283498
30074,30.778398
30168,0.0
30166,12.233823
30165,0.0
30164,0.0
30126,0.0
30050,13.283498
30046,0.0
30004,72.661362
30128,0.0
30145,61.060905
30146,0.0
30098,0.0
30107,0.0
30116,61.060905
30131,13.283498
30136,72.661362
30138,30.778398
30140,0.0
30156,12.233823
30157,1.453705
30158,75.816902
30159,30.778398
30160,12.840719
30161,4.195399
30162,0.0
30078,93.954487
30167,12.840719
30169,30.778398
30185,0.0
30190,30.778398
30003,61.060905
30194,0.0
30199,61.060905
30206,61.060905
30011,117.573638
30012,17.028794
30015,20.375184
30016,0.0
30017,0.0
30117,30.778398
30044,0.0
30047,0.0
30049,117.573638
30052,6.495599
30099,30.778398
30100,0.0
30198,12.840719
30139,20.375184
30041,0.0
30058,12.840719
30135,30.778398
30176,30.778398
30120,61.060905
30020,30.778398
30021,0.0
30022,0.0
30023,0.0
30024,0.0
30025,0.0
30026,72.661362
30027,12.840719
30028,0.0
30029,0.0
30030,30.778398
30033,13.283498
30034,12.840719
30065,0.0
30066,13.283498
30067,13.283498
30068,0.0
30070,61.060905
30072,12.840719
30073,17.028794
30075,117.573638
30112,72.661362
30109,75.816902
30141,17.028794
30142,179.154991
30143,17.028794
30144,61.060905
30151,93.954487
30152,93.954487
30153,12.840719
30154,93.954487
30155,8.071
30187,12.233823
30188,0.0
30189,1.453705
30191,12.233823
30192,75.816902
30195,30.778398
30210,179.154991
30211,75.816902
30212,30.778398
30048,61.060905
30059,61.060905
30209,75.795175
30173,30.778398
30205,93.954487
30203,13.283498
30031,0.0
30079,0.0
30069,13.283498
30101,0.0
30103,13.283498
30104,75.795175
30106,12.233823
30102,75.816902
30108,61.060905
30193,0.0
30177,12.233823
30179,0.0
30174,30.778398
30172,61.060905
30171,30.778398
30170,12.840719
30134,0.0
30001,72.661362
30133,93.954487
30132,72.661362
30122,61.060905
30130,30.778398
30129,7.447469
30125,0.0
30124,75.816902
30127,0.0
30123,93.954487
30002,12.233823
30005,117.573638
30121,93.954487
30119,30.778398
30006,30.778398
30118,0.0
30096,12.233823
30095,12.233823
30094,17.028794
30093,72.661362
30007,0.0
30008,0.0
30009,12.233823
30071,0.0
30092,0.0
30091,179.154991
30090,0.0
30089,61.060905
30088,0.0
30086,0.0
30018,30.778398
30035,12.840719
30036,12.233823
30037,13.283498
30085,0.0
30084,17.028794
30083,12.840719
30082,61.060905
30081,30.778398
30038,0.0
30039,61.060905
30040,13.283498
30032,75.795175
30080,0.0
30077,17.028794
30076,8.071
30063,12.840719
30062,0.0
30061,295.2518
30013,93.954487
30014,0.0
30060,93.954487
30045,30.778398
30057,12.233823
31054,2059.634923
31051,2059.634923
31046,2059.634923
31045,2059.634923
31014,2059.634923
31029,2059.634923
31006,2059.634923
31093,2059.634923
31092,2059.634923
31061,2059.634923
31008,2059.634923
31011,2059.634923
31081,2059.634923
31017,2059.634923
31091,2059.634923
31096,2059.634923
31018,2059.634923
31059,2059.634923
31040,2059.634923
31085,2059.634923
31052,2059.634923
31048,2059.634923
31047,2059.634923
31036,2059.634923
31104,2059.634923
31101,2059.634923
31102,2059.634923
31071,2059.634923
31069,2059.634923
31067,2059.634923
31050,2059.634923
31065,2059.634923
31084,2059.634923
31079,136.584952
31064,2059.634923
31001,2059.634923
31049,2059.634923
31032,2059.634923
31024,2059.634923
31022,136.584952
31094,2059.634923
31106,2059.634923
31105,2059.634923
31103,2059.634923
31097,2059.634923
31095,2059.634923
31090,2059.634923
31088,2059.634923
31087,2059.634923
31086,2059.634923
31083,2059.634923
31082,2059.634923
31080,2059.634923
31055,2059.634923
31078,2059.634923
31077,2059.634923
31074,2059.634923
31073,2059.634923
31072,2059.634923
31070,2059.634923
31068,2059.634923
31063,2059.634923
31060,2059.634923
31053,2059.634923
31044,2059.634923
31066,2059.634923
31043,2059.634923
31020,2059.634923
31039,2059.634923
31037,2059.634923
31035,2059.634923
31034,2059.634923
31033,2059.634923
31031,2059.634923
31027,2059.634923
31026,2059.634923
31089,2059.634923
31025,2059.634923
31098,136.584952
31042,2059.634923
31062,2059.634923
31075,2059.634923
31023,2059.634923
31016,2059.634923
31015,2059.634923
31013,2059.634923
31056,2059.634923
31057,2059.634923
31012,2059.634923
31010,2059.634923
31009,2059.634923
31007,2059.634923
31005,2059.634923
31004,2059.634923
31003,2059.634923
31076,2059.634923
31019,2059.634923
31028,2059.634923
31058,136.584952
31021,2059.634923
31030,2059.634923
31038,2059.634923
31041,2059.634923
31099,2059.634923
31100,2059.634923
31002,2059.634923
32029,0.763184
32028,0.0
32027,0.0
32026,1.182544
32025,0.0
32024,0.969216
32008,0.0
32031,8.259542
32022,7.018567
32018,0.0
32052,7.97713
32016,0.0
32054,0.969216
32006,0.0
32013,0.0
32007,0.762258
32034,0.0
32053,0.0
32055,8.399309
32003,6.350523
32039,0.0
32038,4.464775
32015,8.399309
32017,0.0
32020,0.172463
32023,0.0
32058,8.399309
32036,0.0
32057,0.0
32030,8.399309
32032,0.0
32056,0.0
32035,0.0
32005,0.0
32010,0.0
32001,8.399309
32011,0.0
32002,0.0
32040,0.0
32041,0.0
32037,0.0
32021,13.21242
32047,0.0
32045,8.399309
32051,0.0
32050,0.0
32049,0.0
32048,8.399309
32019,0.0
32033,0.0
32012,8.399309
32046,0.0
32044,8.399309
32004,6.350523
32043,0.0
32042,2.008744
32014,0.0
32009,3.883231
