CVEGEO,wind_mean
01001,40.689449310302734
01008,15.157918930053711
01011,61.586219787597656
01009,61.193790435791016
01007,22.74875259399414
01006,45.162288665771484
01004,44.79206848144531
01005,31.02900505065918
01010,56.833961486816406
01003,20.25899314880371
01002,53.58961486816406
02007,9.958270072937012
02003,20.072921752929688
02004,26.887392044067383
02001,2.870661735534668
02006,2.409881114959717
02005,45.51646423339844
02002,39.247989654541016
03001,20.475561141967773
03008,4.025697708129883
03003,4.813137531280518
03002,10.072912216186523
03009,24.401466369628906
04008,68.37025451660156
04005,70.66766357421875
04003,74.86575317382812
04012,69.49634552001953
04001,75.955322265625
04010,23.80846405029297
04006,42.07170486450195
04011,40.48239517211914
04004,34.4273681640625
04013,71.04069519042969
04002,59.534690856933594
04009,33.71450424194336
04007,85.69220733642578
05010,47.279632568359375
05036,29.42908477783203
05018,17.51905059814453
05029,37.7666130065918
05007,12.154708862304688
05032,47.15254211425781
05006,16.52495002746582
05003,120.24072265625
05012,112.61344909667969
05009,34.856746673583984
05005,14.486342430114746
05004,8.386995315551758
05016,16.080942153930664
05035,22.329833984375
05014,108.29315948486328
05008,31.795970916748047
05019,98.30873107910156
05038,35.740081787109375
05037,131.8472442626953
05001,30.384782791137695
05017,58.17348861694336
05002,23.089576721191406
05026,16.06093978881836
05021,20.805789947509766
05013,128.18739318847656
05024,31.677810668945312
05020,1.8822921514511108
05023,16.771467208862305
05022,116.1334457397461
05015,101.7781982421875
05011,13.613194465637207
05034,25.539287567138672
05033,16.32046127319336
05031,21.5205020904541
05030,15.879733085632324
05028,56.97182846069336
05027,26.712724685668945
05025,112.56119537353516
06009,8.540393829345703
06005,6.988712310791016
06010,1.213712215423584
06008,0.5263731479644775
06002,6.870504856109619
06007,3.065687656402588
06006,6.567138195037842
06003,1.487578272819519
06001,2.6849164962768555
06004,1.5728377103805542
07106,4.813737392425537
07090,15.333703994750977
07022,1.945173978805542
07073,31.3148193359375
07042,4.848757266998291
07036,1.2853649854660034
07121,31.6875
07119,5.017464637756348
07124,12.433144569396973
07123,8.172481536865234
07067,21.699552536010742
07091,22.959415435791016
07114,27.064058303833008
07069,8.07589340209961
07081,0.840057373046875
07080,0.4892335534095764
07065,3.3254904747009277
07077,11.516484260559082
07086,4.146049499511719
07010,3.6079981327056885
07011,0.17719320952892303
07024,3.0768609046936035
07028,7.61127233505249
07122,31.248653411865234
07001,2.325159788131714
07002,7.202024936676025
07003,11.707315444946289
07004,0.918649435043335
07005,5.3051629066467285
07006,0.42868736386299133
07007,8.26701545715332
07029,5.736666679382324
07012,10.569353103637695
07013,4.833772659301758
07014,0.02483065240085125
07015,0.048487238585948944
07016,101.82398986816406
07019,17.097381591796875
07020,1.2592542171478271
07021,8.52249813079834
07033,3.933774709701538
07053,0.11384348571300507
07025,3.5903637409210205
07026,1.658125400543213
07027,2.411323308944702
07030,1.522796392440796
07031,0.8782529830932617
07055,18.52801513671875
07023,14.104398727416992
07034,2.131734609603882
07075,15.522320747375488
07076,2.50581431388855
07038,6.460784435272217
07039,3.609269142150879
07040,3.551630973815918
07041,4.955338954925537
07043,8.648472785949707
07044,10.508047103881836
07045,11.08189868927002
07046,8.011797904968262
07048,48.3183708190918
07052,2.2095487117767334
07056,16.915620803833008
07054,13.996902465820312
07072,18.36962127685547
07111,11.200761795043945
07110,3.9985320568084717
07051,0.5933534502983093
07050,107.5619125366211
07049,4.186734676361084
07096,2.003162384033203
07097,6.022571086883545
07099,2.571774482727051
07058,9.696185111999512
07060,3.130732774734497
07070,2.109760284423828
07063,9.009299278259277
07057,0.4368487596511841
07101,4.767695903778076
07102,3.1079347133636475
07103,0.5347533822059631
07104,36.3300666809082
07079,6.773321151733398
07120,0.49249884486198425
07107,3.040601968765259
07108,3.322136402130127
07109,1.0451717376708984
07085,12.664900779724121
07088,28.712629318237305
07093,4.100986957550049
07098,5.712809085845947
07100,0.47236546874046326
07105,0.09885329008102417
07112,1.7309178113937378
07087,23.725475311279297
07113,2.588327169418335
07115,1.9651577472686768
07117,1.1466712951660156
07118,10.954059600830078
07047,15.102714538574219
07092,6.916067123413086
07018,12.217399597167969
07059,0.7166751027107239
07061,0.786284327507019
07064,2.6105234622955322
07066,4.6934051513671875
07071,8.481801986694336
07078,8.806682586669922
07032,2.2730884552001953
07125,0.4726905822753906
07035,21.714893341064453
07062,23.25238800048828
07037,0.9090868234634399
07068,14.241215705871582
07074,87.50806427001953
07082,4.836079120635986
07083,17.793508529663086
07084,4.909552574157715
07089,0.09817231446504593
07008,1.0475378036499023
07009,18.331317901611328
07017,1.40920889377594
07116,11.697006225585938
07094,4.763395309448242
08037,90.48136138916016
08021,69.73041534423828
08019,28.287677764892578
08001,50.9475212097168
08006,40.93518829345703
08052,38.3796501159668
08020,0.7283531427383423
08041,1.687293529510498
08055,51.046722412109375
08032,57.97216033935547
08017,38.645809173583984
08043,59.55617141723633
08016,66.79490661621094
08023,74.09053039550781
08059,43.86833190917969
08015,32.01701736450195
08049,19.435688018798828
08036,45.81376266479492
08060,44.22993850708008
08007,0.27876320481300354
08008,0.07382146269083023
08051,0.37323659658432007
08067,39.602691650390625
08062,61.106258392333984
08061,35.70537185668945
08029,0.03622658923268318
08003,66.25872039794922
08014,65.94847869873047
08018,53.05324935913086
08054,35.83701705932617
08058,72.36531829833984
08002,34.158905029296875
08065,0.3586554527282715
08063,4.742803573608398
08022,56.19966506958008
08066,0.5328878164291382
08004,62.33993148803711
08009,0.3605264723300934
08010,55.13540267944336
08011,64.27657318115234
08012,16.706729888916016
08013,10.646005630493164
08053,109.62247467041016
08057,44.90660095214844
08044,46.597328186035156
08031,18.590381622314453
08056,30.80389404296875
08045,67.19206237792969
08046,0.27619701623916626
08047,1.1729090213775635
08025,55.97669219970703
08048,38.640071868896484
08024,56.4349365234375
08064,58.04231262207031
08050,95.06013488769531
08026,83.9447021484375
08027,0.14834998548030853
08028,64.73558807373047
08030,0.750755250453949
08033,63.715660095214844
08034,38.28895950317383
08035,7.906428337097168
08038,62.66395950317383
08039,67.97944641113281
08040,1.483078956604004
08042,50.61503219604492
08005,95.5274887084961
09005,20.18671226501465
09007,27.436954498291016
09015,28.916290283203125
09017,33.65348815917969
09013,21.688222885131836
09003,18.051937103271484
09008,9.131209373474121
09009,24.147968292236328
09010,3.8072171211242676
09014,27.854412078857422
09011,26.685626983642578
09006,32.22050476074219
09002,32.83448028564453
09012,13.38094711303711
09004,13.369023323059082
09016,26.395137786865234
10009,1.6643102169036865
10017,13.929651260375977
10036,31.89820098876953
10021,30.271921157836914
10034,0.024496544152498245
10024,15.451262474060059
10012,21.400840759277344
10039,14.937840461730957
10018,14.831104278564453
10011,16.90026092529297
10005,0.08310449123382568
10010,48.15338897705078
10030,36.20701599121094
10029,33.11113739013672
10023,0.0391196683049202
10033,5.732244491577148
10016,25.942243576049805
10003,16.391311645507812
10004,38.33405303955078
10006,30.43688201904297
10025,22.26927375793457
10008,36.41027069091797
10027,54.346065521240234
10001,14.627521514892578
10035,0.32297617197036743
10014,0.20400717854499817
10022,60.78194808959961
10038,62.07044982910156
10037,0.05995219573378563
10019,0.0957559198141098
10028,25.281272888183594
10026,0.0520506389439106
10015,20.699604034423828
10031,63.9045524597168
10007,36.443058013916016
10020,47.69987487792969
10032,0.12313877791166306
10013,19.32305335998535
10002,0.06732019782066345
11044,96.84950256347656
11017,34.5389518737793
11037,47.69697189331055
11010,69.91311645507812
11031,43.1079216003418
11015,12.713505744934082
11034,17.496015548706055
11036,53.85161209106445
11030,21.036802291870117
11026,44.728431701660156
11009,16.618839263916016
11016,47.259944915771484
11024,66.97547912597656
11029,33.73561096191406
11011,75.09344482421875
11027,46.09984588623047
11025,32.32087326049805
11003,28.391090393066406
11004,32.89509201049805
11005,36.94301223754883
11043,4.809324741363525
11022,32.50822448730469
11014,20.559112548828125
11045,1.3840978145599365
11001,40.37679672241211
11033,7.142749786376953
11006,2.8687191009521484
11002,9.649736404418945
11012,28.97683334350586
11013,34.708194732666016
11007,54.123390197753906
11019,12.785120964050293
11035,48.885868072509766
11018,30.930402755737305
11008,27.34935760498047
11041,28.85236167907715
11028,29.210426330566406
11040,11.966171264648438
11042,29.107955932617188
11039,31.648279190063477
11032,21.26215362548828
11023,16.370744705200195
11038,22.345571517944336
11046,23.965185165405273
11021,25.186187744140625
11020,30.348188400268555
12021,0.3172485828399658
12060,1.9481890201568604
12063,1.689589262008667
12082,23.947309494018555
12024,3.5034446716308594
12058,3.724712610244751
12010,5.187664985656738
12011,0.3079841732978821
12012,2.036442279815674
12004,1.8050384521484375
12068,3.116450548171997
12043,0.8223509788513184
12007,2.777132749557495
12057,0.11829367280006409
12066,3.4337868690490723
12056,2.304105281829834
12001,4.184566020965576
12075,1.3087868690490723
12055,1.8751564025878906
12006,3.5208587646484375
12037,6.2726640701293945
12085,31.634796142578125
12027,2.4486653804779053
12015,3.4310359954833984
12074,8.973621368408203
12014,18.38976287841797
12018,19.42916488647461
12072,1.0126994848251343
12009,1.8414026498794556
12081,0.7120597958564758
12084,1.0827370882034302
12071,1.2555112838745117
12070,6.336370944976807
12083,2.3027782440185547
12079,2.972179889678955
12076,0.6338273286819458
12065,5.402259826660156
12073,0.39579981565475464
12064,2.872237205505371
12019,3.940798282623291
12005,4.9192585945129395
12030,18.963109970092773
12069,4.172788619995117
12036,1.7030028104782104
12080,20.85825538635254
12078,0.39524585008621216
12077,10.114521980285645
12023,23.252037048339844
12048,0.2688159644603729
12053,10.341704368591309
12054,0.2017892450094223
12047,3.089712142944336
12049,3.3485803604125977
12050,4.235599994659424
12051,1.2897262573242188
12045,4.814550876617432
12046,3.1954166889190674
12040,0.5157806873321533
12013,3.49064040184021
12062,1.1919519901275635
12041,0.5943770408630371
12042,6.521411418914795
12044,1.0932421684265137
12038,1.0406183004379272
12039,1.2891302108764648
12002,3.5759010314941406
12003,0.2964667081832886
12034,6.460663795471191
12035,3.2922728061676025
12031,4.026740074157715
12032,0.3900424838066101
12033,5.50453519821167
12028,1.8239524364471436
12029,0.11399112641811371
12008,9.321672439575195
12025,12.549280166625977
12026,3.5371687412261963
12059,5.035353660583496
12061,8.453323364257812
12052,1.2702820301055908
12067,4.6527180671691895
12016,0.9688081741333008
12017,3.1728832721710205
12020,3.851203203201294
12022,0.20583108067512512
13031,1.18793523311615
13005,24.016952514648438
13075,37.50434875488281
13028,8.21033763885498
13045,15.252581596374512
13021,36.46515655517578
13001,5.7824387550354
13002,0.703644335269928
13049,0.29954466223716736
13003,2.672360897064209
13030,3.118896484375
13023,30.348146438598633
13004,1.206505298614502
13027,1.3652347326278687
13022,39.64023971557617
13020,0.6151589751243591
13074,56.28974533081055
13070,43.854034423828125
13018,0.04502009600400925
13029,44.96510314941406
13071,0.0693870261311531
13076,20.105852127075195
13046,8.78447437286377
13065,38.345001220703125
13061,28.593538284301758
13047,0.4525243639945984
13078,6.297057628631592
13063,20.898204803466797
13017,16.4687442779541
13083,34.78830337524414
13072,49.1898078918457
13067,20.300216674804688
13026,3.7661194801330566
13062,0.3468058407306671
13044,49.24755096435547
13016,19.8433837890625
13015,2.5512211322784424
13014,0.5556918978691101
13068,0.1749757081270218
13084,3.4221699237823486
13081,0.5009041428565979
13043,2.1581742763519287
13066,54.231754302978516
13013,30.152780532836914
13025,7.679291248321533
13048,34.654136657714844
13038,8.694418907165527
13052,17.388811111450195
13037,0.8725478053092957
13036,0.27528610825538635
13053,0.2869681119918823
13012,4.448294162750244
13011,5.434487342834473
13010,34.2962760925293
13009,15.837939262390137
13008,47.81868362426758
13007,23.50811004638672
13006,18.328022003173828
13054,26.455774307250977
13055,17.92767906188965
13080,4.150510787963867
13079,0.17030389606952667
13035,7.018966197967529
13073,0.6594381928443909
13034,0.49688494205474854
13019,11.467533111572266
13077,24.633129119873047
13051,45.44562911987305
13082,35.29817581176758
13064,20.921937942504883
13024,6.940828323364258
13041,18.29233741760254
13060,0.8401449918746948
13059,33.5762939453125
13032,11.668376922607422
13058,13.776639938354492
13057,20.18023681640625
13050,12.92808723449707
13056,33.72774887084961
13042,0.5795260071754456
13040,0.12616650760173798
13069,59.43062973022461
13039,22.51660919189453
13033,0.4973702132701874
14018,31.312129974365234
14097,24.054656982421875
14114,18.769527435302734
14113,3.932382822036743
14112,6.949591636657715
14111,11.818089485168457
14110,4.0163469314575195
14109,35.443546295166016
14124,4.820578575134277
14065,1.4208136796951294
14116,16.737133026123047
14117,19.01799201965332
14118,6.879922866821289
14119,11.442089080810547
14014,13.139017105102539
14015,1.6281723976135254
14017,1.2950271368026733
14043,4.562408924102783
14106,0.8427151441574097
14107,37.05559158325195
14108,0.8484627604484558
14115,4.206629753112793
14075,8.811113357543945
14077,8.468202590942383
14078,52.35328674316406
14074,51.62382507324219
14076,1.8173115253448486
14069,4.083470821380615
14123,26.601404190063477
14122,0.3799518346786499
14121,6.220642566680908
14120,2.063427686691284
14002,26.246685028076172
14003,8.942232131958008
14005,4.1042094230651855
14055,8.549581527709961
14086,6.992622375488281
14098,32.014408111572266
14025,7.754901885986328
14027,0.7793772220611572
14028,4.692523002624512
14101,10.207046508789062
14022,4.303896427154541
14039,4.770956993103027
14044,21.474151611328125
14051,24.635751724243164
14070,26.623838424682617
14125,52.57169723510742
14071,2.4617905616760254
14068,1.3307932615280151
14067,0.9098233580589294
14066,27.832338333129883
14064,29.66367530822754
14063,23.584863662719727
14062,1.3207679986953735
14061,0.2392311841249466
14060,21.532896041870117
14059,10.36630630493164
14058,0.4478323757648468
14057,30.054290771484375
14056,2.5583434104919434
14054,10.6006441116333
14053,32.31666946411133
14052,4.877716541290283
14050,25.762712478637695
14031,5.599483489990234
14049,1.3749629259109497
14048,39.24335479736328
14047,33.0139045715332
14046,23.188480377197266
14045,2.614170789718628
14042,5.272768497467041
14041,25.418853759765625
14040,3.3140153884887695
14038,2.669528007507324
14037,4.267481327056885
14036,6.047755241394043
14035,46.12943649291992
14034,6.504359245300293
14033,33.03532409667969
14004,8.718711853027344
14019,1.772335171699524
14001,7.972679138183594
14006,7.391579627990723
14007,13.81257438659668
14008,23.192914962768555
14009,16.445348739624023
14072,33.05636215209961
14080,1.2782171964645386
14081,29.1163272857666
14082,11.380008697509766
14083,14.2549409866333
14084,1.054049015045166
14085,3.357830047607422
14087,0.7690814733505249
14088,4.8324174880981445
14089,9.199713706970215
14094,1.345678448677063
14095,13.463030815124512
14096,30.935806274414062
14032,3.8946549892425537
14030,18.903165817260742
14029,7.010946273803711
14026,20.928125381469727
14024,20.231292724609375
14023,9.252492904663086
14021,4.004847049713135
14020,1.519087791442871
14016,30.938796997070312
14011,10.335783958435059
14013,24.41788101196289
14010,11.551609992980957
14012,3.8453588485717773
14073,30.24800682067871
14079,6.718438148498535
14093,6.00578498840332
14099,1.3521087169647217
14100,0.930354118347168
14102,6.069159984588623
14103,4.93244743347168
14104,4.441183090209961
14105,23.102867126464844
14090,8.631674766540527
14091,26.111446380615234
14092,22.244504928588867
15116,2.466254472732544
15072,49.3520393371582
15003,30.998336791992188
15007,4.463834285736084
15094,46.47964096069336
15032,3.582810401916504
15081,49.813934326171875
15071,44.78142547607422
15070,65.21004486083984
15026,12.921014785766602
15061,52.55086898803711
15057,13.86948013305664
15120,39.92634963989258
15110,1.5015679597854614
15030,91.46257019042969
15044,50.741615295410156
15093,13.016595840454102
15108,38.58588409423828
15111,3.8106820583343506
15016,43.38432693481445
15112,10.306401252746582
15113,2.2502858638763428
15123,0.9724571108818054
15074,21.262622833251953
15125,51.71281433105469
15053,43.283992767333984
15055,48.664390563964844
15073,48.838768005371094
15015,2.6525909900665283
15014,17.30131721496582
15056,16.798276901245117
15054,35.341697692871094
15076,43.5480842590332
15060,7.177979469299316
15083,110.83680725097656
15024,32.764015197753906
15059,52.60813522338867
15009,2.1932876110076904
15067,17.730518341064453
15031,75.9306640625
15092,47.75774002075195
15066,2.5285701751708984
15098,18.094818115234375
15025,4.532069683074951
15077,1.7255914211273193
15078,1.7958468198776245
15096,33.320255279541016
15104,19.552040100097656
15107,3.517132520675659
15100,81.62628173828125
15082,1.156369686126709
15058,45.95261001586914
15064,17.47010612487793
15109,25.858449935913086
15023,23.688312530517578
15040,3.934194326400757
15039,3.205169200897217
15005,18.71463966369629
15086,1.1903194189071655
15042,22.17900276184082
15049,19.654088973999023
15052,2.7047252655029297
15103,2.4452953338623047
15050,23.509349822998047
15101,10.592181205749512
15090,8.122157096862793
15062,10.067586898803711
15105,1.9560914039611816
15068,58.89274215698242
15080,0.9525622725486755
15106,12.418453216552734
15118,7.904460906982422
15036,47.48313522338867
15013,14.238043785095215
15124,12.032217979431152
15117,2.649597644805908
15046,8.53349781036377
15115,16.811960220336914
15045,15.087477684020996
15006,34.4029426574707
15012,41.10922622680664
15034,10.79709529876709
15041,4.912847518920898
15017,59.221351623535156
15102,21.814590454101562
15089,104.50230407714844
15029,38.35158920288086
15087,16.639244079589844
15069,87.02855682373047
15084,55.80524444580078
15119,2.326286554336548
15008,1.085839033126831
15011,83.53410339355469
15121,27.031417846679688
15075,37.3447151184082
15018,19.995555877685547
15019,33.5622444152832
15020,22.072978973388672
15022,118.73152923583984
15047,11.687289237976074
15001,25.107969284057617
15048,18.56505012512207
15028,59.320404052734375
15063,1.8893054723739624
15051,9.204597473144531
15085,19.277055740356445
15088,4.495441436767578
15027,48.6558952331543
15122,37.555625915527344
15099,4.0018696784973145
15004,3.211686134338379
15043,25.419666290283203
15035,20.334054946899414
15065,41.82468032836914
15079,28.211191177368164
15010,40.03480911254883
15037,14.82346248626709
15038,10.770435333251953
15091,44.78057098388672
15033,15.24147891998291
15097,3.393507957458496
15114,21.362438201904297
15095,21.722782135009766
15021,4.398920059204102
15002,55.56147003173828
16045,27.44263458251953
16093,13.9146728515625
16092,1.7110271453857422
16088,22.4281063079834
16085,15.998763084411621
16084,11.530927658081055
16074,25.297399520874023
16055,12.318397521972656
16061,5.536416530609131
16073,15.994110107421875
16104,31.1600341796875
16089,1.6414270401000977
16103,27.091955184936523
16102,1.1264511346817017
16071,19.180538177490234
16064,3.185293197631836
16063,23.0269832611084
16062,29.199609756469727
16060,34.29399871826172
16059,2.6874496936798096
16058,0.9169805645942688
16057,3.367628335952759
16056,16.20307159423828
16079,7.5120391845703125
16078,45.280792236328125
16018,24.655227661132812
16019,2.6994223594665527
16020,23.11091423034668
16021,16.114309310913086
16022,2.3934061527252197
16067,27.711862564086914
16072,1.0509190559387207
16086,39.18848419189453
16087,3.9827358722686768
16047,1.4495229721069336
16046,1.4569675922393799
16012,7.252128601074219
16065,13.713420867919922
16066,8.600518226623535
16068,3.2039923667907715
16069,56.34781265258789
16070,32.77411651611328
16083,1.7623858451843262
16002,0.5042873024940491
16094,40.7299919128418
16095,3.0143985748291016
16100,16.807767868041992
16105,47.5728645324707
16101,1.2505784034729004
16111,3.2561111450195312
16034,0.8769528865814209
16017,20.069210052490234
16016,18.640560150146484
16015,0.43145427107810974
16014,1.0682199001312256
16053,3.660444974899292
16052,6.7617387771606445
16051,30.384183883666992
16050,24.86067008972168
16049,0.713602602481842
16042,35.00586700439453
16041,30.876054763793945
16038,4.746997833251953
16037,23.824228286743164
16036,27.10892677307129
16035,3.550506114959717
16023,46.06367492675781
16025,12.71995735168457
16040,7.531399250030518
16039,10.999494552612305
16026,0.7515165209770203
16027,20.345645904541016
16028,53.44984817504883
16029,5.16573429107666
16030,39.96738815307617
16054,31.158201217651367
16033,2.2566792964935303
16076,28.001558303833008
16075,4.089308261871338
16080,12.770264625549316
16081,1.6985599994659424
16082,2.9878435134887695
16099,0.7565414905548096
16003,36.50935363769531
16090,7.10425329208374
16091,9.392380714416504
16048,15.813671112060547
16001,12.90343189239502
16024,12.288932800292969
16009,2.206400156021118
16008,1.1781959533691406
16007,18.60689926147461
16006,1.5552566051483154
16005,10.896809577941895
16004,26.10197639465332
16011,53.64503860473633
16010,1.6727262735366821
16110,6.181273937225342
16109,58.13591003417969
16108,26.70014762878418
16107,11.982535362243652
16106,44.97414779663086
16013,5.333034515380859
16044,16.8487606048584
16043,24.80841064453125
16077,5.036386489868164
16032,17.745119094848633
16031,37.191864013671875
16098,3.6992995738983154
16097,5.3206377029418945
16096,0.5914303660392761
16113,36.43317794799805
16112,1.4547103643417358
17008,8.219695091247559
17003,15.931467056274414
17036,10.746889114379883
17029,3.756410837173462
17018,6.337629795074463
17014,8.664886474609375
17019,16.275203704833984
17006,6.920163631439209
17001,4.955140113830566
17025,7.989367485046387
17002,10.100399017333984
17026,3.8409810066223145
17023,6.1638970375061035
17004,8.56827163696289
17010,14.825705528259277
17017,10.60352611541748
17015,4.5738911628723145
17022,1.5131711959838867
17009,3.678037643432617
17011,5.3226823806762695
17012,8.43227481842041
17024,6.03179407119751
17030,18.832460403442383
17013,16.815269470214844
17034,9.834464073181152
17020,1.7889950275421143
17031,7.667861461639404
17021,5.893316268920898
17027,9.957555770874023
17016,11.757204055786133
17032,14.735431671142578
17033,27.783620834350586
17035,8.20668888092041
17007,2.926626682281494
17005,5.008292198181152
17028,6.067063331604004
18009,0.024373285472393036
18003,4.075199127197266
18015,2.39514422416687
18014,2.022069215774536
18007,0.6781083941459656
18005,0.1865711510181427
18017,2.7286055088043213
18013,4.8631510734558105
18012,3.2063210010528564
18011,0.976036787033081
18010,1.5711307525634766
18002,3.723252534866333
18001,0.7019802927970886
18018,16.097572326660156
18019,0.11109182983636856
18004,2.0073513984680176
18006,1.4632307291030884
18020,3.805931329727173
18008,3.0368118286132812
18016,9.313491821289062
19035,139.2571258544922
19036,15.696222305297852
19002,34.77006530761719
19013,110.92784118652344
19014,5.780159950256348
19032,19.440959930419922
19001,55.59617614746094
19031,5.811277389526367
19015,138.88687133789062
19043,1.2233487367630005
19048,1.4129409790039062
19047,44.8823356628418
19040,136.82467651367188
19037,28.484203338623047
19027,123.37560272216797
19020,170.68643188476562
19005,133.69876098632812
19019,14.305663108825684
19041,83.46472930908203
19008,14.178529739379883
19026,10.89763069152832
19051,22.326618194580078
19007,0.054686784744262695
19050,106.98847961425781
19049,0.48269400000572205
19034,18.93509864807129
19045,22.458410263061523
19038,0.3174719214439392
19033,2.497668743133545
19010,35.35867691040039
19023,134.9148712158203
19009,4.422224998474121
19029,105.87152099609375
19030,1.5602099895477295
19006,91.50038146972656
19028,26.70102310180664
19025,117.5079116821289
19046,50.084781646728516
19021,39.8593864440918
19003,140.7139129638672
19042,79.1111068725586
19018,25.625995635986328
19017,3.856938123703003
19016,27.208045959472656
19011,17.626544952392578
19044,14.299747467041016
19004,0.3456045389175415
19022,64.94121551513672
19024,0.11920752376317978
19039,0.6142866015434265
19012,103.10237121582031
20155,14.726625442504883
20481,0.9270488023757935
20378,2.863340139389038
20334,2.1775927543640137
20437,1.3506779670715332
20441,783.0875244140625
20446,0.2991986572742462
20447,0.8973851799964905
20469,0.49634310603141785
20440,16.655364990234375
20513,28.34417152404785
20278,7.113490581512451
20457,0.1982261687517166
20482,14.82898235321045
20329,8.967595100402832
20330,0.8416956663131714
20170,10.760744094848633
20230,15.664678573608398
20184,7.951635360717773
20214,0.6430472135543823
20220,0.2976807653903961
20262,1.0932390689849854
20266,1.0539071559906006
20265,5.042757511138916
20318,4.65778923034668
20327,25.097633361816406
20556,97.98455810546875
20005,120.00048065185547
20517,12.628785133361816
20565,16.878904342651367
20503,1.7519563436508179
20500,2.6237499713897705
20059,9.970009803771973
20177,0.6641464829444885
20364,1.8085734844207764
20057,30.492074966430664
20544,1.0294313430786133
20410,6.604619026184082
20435,3.7479636669158936
20417,1.4321004152297974
20439,9.656696319580078
20251,6.036859035491943
20467,4.915730953216553
20559,0.11892230063676834
20169,2.5829036235809326
20118,16.108779907226562
20568,21.612260818481445
20460,0.3665432929992676
20044,36.852603912353516
20507,30.69289207458496
20515,15.7359619140625
20516,2.1067638397216797
20051,10.232641220092773
20041,0.4745640158653259
20042,0.013389305211603642
20071,1.0598905086517334
20223,0.01050976850092411
20190,1.6822453737258911
20097,3.4713523387908936
20098,0.6171802282333374
20101,24.467729568481445
20104,2.4026238918304443
20413,0.8571926951408386
20120,1.5103012323379517
20121,22.22431182861328
20015,15.149155616760254
20125,0.4449898302555084
20124,342.7419128417969
20020,1.8189433813095093
20153,2.4433984756469727
20141,78.90292358398438
20147,12.071394920349121
20150,13.543596267700195
20164,18.071439743041992
20204,64.53915405273438
20035,1.5402685403823853
20202,1.618699073791504
20566,1.7856038808822632
20217,5.139860153198242
20016,1.4123249053955078
20229,5.930084705352783
20232,2.136185884475708
20235,20.884662628173828
20236,0.8168113231658936
20525,16.117284774780273
20526,1.8828994035720825
20052,4.450497150421143
20290,36.78184127807617
20043,561.4495849609375
20079,442.9608459472656
20207,3.975128650665283
20356,23.376052856445312
20340,41.71257781982422
20218,7.86598539352417
20386,1.829101800918579
20179,1.449677586555481
20524,21.030195236206055
20264,25.24147605895996
20333,9.925976753234863
20198,21.89920997619629
20365,1.4415578842163086
20002,1.0990630388259888
20006,11.921016693115234
20008,39.24052810668945
20009,1.3082666397094727
20010,106.38587188720703
20414,23.24633026123047
20291,3.534130573272705
20298,5.973694324493408
20385,34.3867073059082
20023,32.74261474609375
20306,0.3126908838748932
20310,30.75951385498047
20309,2.2200582027435303
20324,2.6145715713500977
20337,3.779789447784424
20351,78.81070709228516
20562,6.123140335083008
20426,4.499563217163086
20427,32.488460540771484
20021,3.5343666076660156
20175,1.3917875289916992
20466,2.8596508502960205
20468,1.271661639213562
20470,4.179741859436035
20479,11.139548301696777
20498,3.459024429321289
20133,1.0293678045272827
20134,0.12060373276472092
20138,0.4789431691169739
20149,4.790018558502197
20161,11.536321640014648
20159,1.627089023590088
20047,57.05731201171875
20094,4.683123588562012
20031,3.169510841369629
20279,1.7093380689620972
20401,9.137601852416992
20367,40.78019332885742
20359,1.1764386892318726
20511,4.711843490600586
20096,28.407020568847656
20504,1.596130609512329
20537,5.903762340545654
20543,4.36265754699707
20548,1.2424724102020264
20076,0.9707890748977661
20463,4.5506062507629395
20436,2.7385172843933105
20523,10.696120262145996
20054,39.87721633911133
20168,20.573993682861328
20185,4.733884334564209
20246,6.777570724487305
20277,1.5862869024276733
20542,59.84947204589844
20357,3.648488998413086
20489,7.472747802734375
20490,10.82072639465332
20502,0.7602392435073853
20163,5.472998142242432
20166,1.7855019569396973
20237,10.562215805053711
20506,1.620942234992981
20508,295.37164306640625
20205,0.7013667821884155
20271,3.0260794162750244
20545,5.282855033874512
20546,5.213380336761475
20547,38.60917282104492
20186,18.4830322265625
20227,52.73786163330078
20261,9.595208168029785
20552,8.859046936035156
20550,18.339963912963867
20253,0.25097963213920593
20254,1.4625436067581177
20272,1.7259926795959473
20273,3.8891541957855225
20275,3.6119914054870605
20551,17.31398582458496
20553,10.180649757385254
20493,24.09822654724121
20554,0.4629860818386078
20555,35.95550537109375
20018,6.347024917602539
20036,8.63054084777832
20338,57.861331939697266
20344,3.2524876594543457
20366,2.231102228164673
20377,0.6793358325958252
20451,9.871461868286133
20404,41.07504653930664
20407,0.8802606463432312
20558,3.0826311111450195
20561,24.49294662475586
20056,13.368776321411133
20563,29.959304809570312
20497,2.3726587295532227
20549,6.111361980438232
20564,53.62968826293945
20099,18.792322158813477
20491,1.2386913299560547
20379,4.517960548400879
20494,8.286121368408203
20499,12.845128059387207
20058,0.9518103003501892
20569,26.1037654876709
20570,0.8022542595863342
20567,11.851783752441406
20423,15.111321449279785
20528,4.098781108856201
20112,10.824495315551758
20510,8.51760482788086
20129,21.646425247192383
20371,9.261679649353027
20424,0.07177722454071045
20406,0.048349447548389435
20422,36.796630859375
20450,1.822684407234192
20075,165.87713623046875
20501,13.266478538513184
20505,486.8360900878906
20459,54.660160064697266
20477,6.360666275024414
20484,20.696428298950195
20485,28.437774658203125
20492,9.536399841308594
20495,0.4095912277698517
20514,0.739582896232605
20534,17.293066024780273
20117,3.7155141830444336
20512,2.1610820293426514
20518,13.914589881896973
20206,26.255035400390625
20521,42.47066116333008
20001,0.8900754451751709
20256,50.72187042236328
20003,1.652341604232788
20263,2.939361572265625
20004,15.923685073852539
20007,74.49336242675781
20267,3.1746463775634766
20011,9.78633975982666
20027,2.880976676940918
20030,781.3870849609375
20519,19.858999252319336
20034,19.222171783447266
20013,53.87507629394531
20017,8.262218475341797
20049,75.73999786376953
20520,11.859850883483887
20019,0.9608474373817444
20022,80.32283782958984
20024,6.677038192749023
20025,90.50033569335938
20026,3.998455762863159
20029,0.32929712533950806
20032,7.895744323730469
20033,64.52664184570312
20050,10.369271278381348
20536,4.841806888580322
20037,0.8422155380249023
20040,1.8983380794525146
20045,60.18513488769531
20053,94.03396606445312
20046,10.04427719116211
20172,15.172811508178711
20048,3.320477247238159
20522,2.401968002319336
20456,77.3425064086914
20060,1.1937665939331055
20061,47.50588607788086
20062,5.678631782531738
20063,91.86279296875
20065,7.44893741607666
20069,41.4493408203125
20070,12.96440601348877
20072,3.53555965423584
20074,2.652287006378174
20078,30.56207275390625
20077,83.12179565429688
20081,25.407264709472656
20092,5.301168441772461
20080,6.293155193328857
20084,2.059067964553833
20082,2.925100803375244
20086,9.502196311950684
20083,22.173263549804688
20087,30.308982849121094
20089,39.62773895263672
20090,21.79346466064453
20091,12.901677131652832
20095,8.073174476623535
20100,1.9637982845306396
20199,22.255115509033203
20102,7.987915515899658
20233,17.39369773864746
20103,73.315673828125
20105,8.262408256530762
20107,19.30823516845703
20108,2.3966245651245117
20109,31.83955955505371
20110,8.981670379638672
20111,7.449272155761719
20527,1.4327423572540283
20116,0.646177351474762
20114,1.5646753311157227
20115,19.148406982421875
20119,7.827456474304199
20014,262.9346923828125
20123,2.929389476776123
20122,50.68394470214844
20126,3.656522750854492
20127,18.32720947265625
20128,0.7546446919441223
20529,27.19839096069336
20131,17.33509635925293
20130,627.9146728515625
20152,7.2094292640686035
20132,87.30696868896484
20135,4.847406387329102
20136,0.09728357195854187
20137,2.3107213973999023
20139,1.1098533868789673
20142,7.803736686706543
20140,11.212875366210938
20160,10.231729507446289
20143,72.45648193359375
20144,15.563982963562012
20145,46.95536804199219
20531,8.409940719604492
20146,39.70879364013672
20148,0.8703206777572632
20151,9.51707649230957
20157,36.6764030456543
20248,669.5999145507812
20158,6.703948497772217
20162,17.71277618408203
20176,25.888286590576172
20165,27.659812927246094
20167,6.238571643829346
20530,18.600444793701172
20187,1.2747129201889038
20171,0.02105221152305603
20188,1.905226707458496
20173,0.21505722403526306
20174,37.70964813232422
20191,1.6293799877166748
20196,3.61031436920166
20178,14.148727416992188
20197,50.899559020996094
20180,12.918292045593262
20215,24.16036033630371
20181,19.911151885986328
20480,6.570193290710449
20182,0.1255626678466797
20183,14.756196975708008
20189,0.8621106147766113
20192,68.60575866699219
20193,3.757319450378418
20194,14.407559394836426
20195,13.231168746948242
20210,6.916572093963623
20200,8.874773025512695
20201,0.14673693478107452
20203,10.310247421264648
20208,3.5494604110717773
20209,2.031768798828125
20284,7.297192573547363
20219,10.603800773620605
20216,1.9191787242889404
20221,30.784074783325195
20222,0.05883851274847984
20541,0.10013176500797272
20224,52.721778869628906
20225,20.444120407104492
20226,13.713661193847656
20228,0.5727185606956482
20231,2.892685890197754
20239,18.395597457885742
20234,3.932478904724121
20240,8.598228454589844
20241,29.99324607849121
20242,4.744854927062988
20243,29.657262802124023
20244,26.222299575805664
20249,3.495032787322998
20245,20.518131256103516
20269,5.39431095123291
20247,1.7701009511947632
20250,22.264299392700195
20255,14.312496185302734
20252,6.285219192504883
20257,2.2697558403015137
20258,14.974971771240234
20259,20.200613021850586
20260,1.073422908782959
20268,23.110498428344727
20276,7.707910060882568
20281,13.264586448669434
20274,8.133397102355957
20532,3.4345266819000244
20280,0.4162827134132385
20533,8.829440116882324
20368,11.790144920349121
20282,42.542457580566406
20283,12.100741386413574
20535,1.932871699333191
20286,25.026046752929688
20285,15.007692337036133
20288,0.04353507235646248
20289,82.84107971191406
20292,3.378380537033081
20380,45.18156814575195
20294,6.6888427734375
20295,14.619457244873047
20538,63.74204635620117
20296,0.7419549822807312
20297,2.5157289505004883
20304,3.753570795059204
20299,2.225172996520996
20300,4.573732376098633
20308,498.976806640625
20301,68.18235778808594
20311,0.9671866297721863
20302,4.934759616851807
20303,2.7912957668304443
20305,484.0652160644531
20321,12.152498245239258
20332,11.177059173583984
20307,32.08797836303711
20312,7.891409873962402
20313,6.601933479309082
20314,2.7628273963928223
20331,7.39392614364624
20315,80.43092346191406
20316,8.946174621582031
20317,9.866150856018066
20360,55.857276916503906
20319,0.699407160282135
20320,6.842703819274902
20322,11.220782279968262
20323,7.785325527191162
20325,8.539426803588867
20326,0.16128948330879211
20328,6.166787147521973
20335,0.13766072690486908
20336,0.042203906923532486
20339,10.318888664245605
20341,18.83600425720215
20342,43.55159378051758
20343,36.34224319458008
20345,17.011072158813477
20346,11.781726837158203
20347,3.60243558883667
20539,44.012237548828125
20211,0.26043781638145447
20212,0.04111544042825699
20213,3.8430609703063965
20348,1.636110544204712
20349,23.31618881225586
20540,20.96830940246582
20350,30.09611701965332
20352,17.778865814208984
20353,22.105085372924805
20354,1.760132074356079
20355,4.141497611999512
20358,7.045356750488281
20362,11.850312232971191
20361,3.7530460357666016
20363,2.0424463748931885
20373,5.748656749725342
20369,44.74348449707031
20370,17.19573211669922
20381,7.497755527496338
20372,4.881876468658447
20374,5.612695217132568
20293,7.989891052246094
20382,5.794799327850342
20375,31.333791732788086
20376,14.602103233337402
20383,20.604887008666992
20408,22.38673973083496
20384,29.251157760620117
20387,23.772117614746094
20411,48.39527130126953
20388,5.021096229553223
20106,144.36276245117188
20055,9.554739952087402
20390,29.878759384155273
20391,7.530395984649658
20418,10.281661987304688
20392,0.5545438528060913
20393,97.577880859375
20394,2.6462857723236084
20395,6.892889022827148
20396,4.599987983703613
20397,4.491048812866211
20398,4.498382568359375
20399,33.40436935424805
20400,44.17820739746094
20402,27.729578018188477
20154,4.66399621963501
20156,0.2621363699436188
20403,41.53565216064453
20419,1.402294397354126
20405,7.571957111358643
20409,43.88480758666992
20412,2.844186544418335
20415,2.3662843704223633
20287,41.77306365966797
20416,3.378006935119629
20420,1.3046846389770508
20421,287.1886901855469
20425,1.4125428199768066
20428,1.6582980155944824
20432,1.1899292469024658
20429,3.440051794052124
20430,42.060672760009766
20431,5.487403392791748
20270,4.398054122924805
20433,1.1438014507293701
20442,1.753092885017395
20438,2.0727410316467285
20434,8.09788990020752
20444,8.959213256835938
20443,0.6120787858963013
20445,6.715428829193115
20448,1.7175593376159668
20449,7.802042007446289
20452,67.2386245727539
20453,82.55827331542969
20454,1.5923266410827637
20455,17.77657699584961
20458,0.040999408811330795
20461,6.950570583343506
20462,20.53867530822754
20464,7.871448993682861
20465,7.118260860443115
20471,0.7890986204147339
20472,85.35604858398438
20473,0.7250707149505615
20474,14.625720024108887
20475,10.042458534240723
20476,16.950780868530273
20389,65.3890609741211
20478,4.8824286460876465
20012,0.5739058256149292
20028,4.618149757385254
20039,9.864413261413574
20064,1.6761058568954468
20066,60.24766540527344
20067,4.224319934844971
20068,39.598323822021484
20073,0.5743481516838074
20085,0.5839543342590332
20088,0.8409450054168701
20483,4.701099872589111
20486,21.358060836791992
20093,18.027921676635742
20113,1.8858057260513306
20487,6.555112361907959
20488,48.169742584228516
20496,1.6573947668075562
20509,6.068050384521484
20557,766.9588623046875
20560,3.2923431396484375
20038,1.6411199569702148
20238,44.77818298339844
21053,7.653402328491211
21211,56.63355255126953
21206,29.313777923583984
21152,28.67279815673828
21027,8.081494331359863
21026,13.393330574035645
21015,36.40751266479492
21014,0.36204397678375244
21010,2.0809812545776367
21149,13.057448387145996
21004,53.10193634033203
21005,9.67444896697998
21006,0.3229401409626007
21008,9.358396530151367
21146,56.909488677978516
21145,0.30497846007347107
21003,9.115652084350586
21117,61.55156326293945
21165,12.875617027282715
21163,6.2289934158325195
21113,16.400707244873047
21009,59.65087127685547
21039,1.2795917987823486
21040,43.22624206542969
21041,69.32257843017578
21016,2.963999032974243
21087,6.863985061645508
21167,0.2469121813774109
21166,33.116737365722656
21018,28.862089157104492
21054,8.55086898803711
21127,45.090797424316406
21129,8.895809173583984
21130,33.35786819458008
21213,0.6395903825759888
21124,15.33273696899414
21169,13.506794929504395
21172,0.5483224987983704
21179,1.3627198934555054
21202,0.27357274293899536
21203,96.8172607421875
21042,21.88332748413086
21043,1.537898063659668
21217,0.01838000863790512
21101,2.036898612976074
21100,0.03204347565770149
21099,34.306983947753906
21098,34.146446228027344
21096,42.194576263427734
21094,15.422715187072754
21093,33.68008804321289
21092,51.52901840209961
21012,27.08363914489746
21013,41.7420768737793
21007,21.456769943237305
21011,27.21819305419922
21022,12.909238815307617
21025,6.222867965698242
21037,75.62419128417969
21035,11.403523445129395
21033,14.282063484191895
21032,2.4306976795196533
21031,28.68013572692871
21029,1.3353102207183838
21045,14.814953804016113
21046,17.575468063354492
21002,17.59383773803711
21212,2.5750269889831543
21199,7.9650115966796875
21205,82.73780059814453
21201,34.26067352294922
21197,0.5061340928077698
21195,4.138733863830566
21186,0.2551930248737335
21185,30.965133666992188
21184,0.4786401391029358
21158,18.07538414001465
21104,36.60086441040039
21123,0.2632848024368286
21128,62.75068664550781
21126,100.77433776855469
21161,27.137226104736328
21079,78.21691131591797
21194,25.233776092529297
21190,78.04934692382812
21189,72.01383972167969
21188,1.4924918413162231
21187,2.1976048946380615
21177,49.32931900024414
21156,10.624092102050781
21155,15.723817825317383
21154,51.163238525390625
21153,27.448589324951172
21118,72.04597473144531
21119,58.69063949584961
21120,12.315936088562012
21125,131.5294189453125
21105,16.769222259521484
21175,19.98643684387207
21085,10.952438354492188
21164,23.037532806396484
21198,3.5798115730285645
21133,44.44460678100586
21174,5.820367813110352
21176,20.820131301879883
21178,0.2636350691318512
21134,24.75501251220703
21135,53.2357063293457
21208,0.14175280928611755
21207,2.390933036804199
21180,4.921481132507324
21137,35.15860366821289
21001,19.466808319091797
21138,10.805779457092285
21139,43.07649612426758
21196,62.97702407836914
21140,78.65338134765625
21116,0.15773910284042358
21141,23.390716552734375
21170,39.8095588684082
21052,77.43572998046875
21168,12.605527877807617
21143,6.342033386230469
21142,36.91862487792969
21023,20.283912658691406
21115,30.029455184936523
21114,6.807493686676025
21108,46.55354309082031
21112,26.61492919921875
21147,10.331062316894531
21204,1.6653701066970825
21097,67.56954956054688
21148,101.09510803222656
21200,2.5515217781066895
21151,71.28538513183594
21159,19.830482482910156
21050,0.8169271349906921
21144,80.65229797363281
21051,17.17228889465332
21055,29.43263816833496
21056,11.804800987243652
21057,1.8103599548339844
21058,2.013204336166382
21059,32.00095748901367
21063,83.83487701416016
21064,16.840679168701172
21065,40.21825408935547
21066,15.62466812133789
21067,32.71340560913086
21070,36.354366302490234
21071,1.1166130304336548
21076,3.0691328048706055
21038,73.9344482421875
21078,0.360294371843338
21047,7.538114070892334
21048,6.5388922691345215
21049,0.7090768218040466
21080,1.2943639755249023
21132,41.69023895263672
21216,0.9622421860694885
21072,0.5537216067314148
21068,0.3503381013870239
21171,81.0835189819336
21062,35.83609390258789
21061,1.0025238990783691
21060,30.344097137451172
21181,87.75389862060547
21044,12.591634750366211
21036,0.18233565986156464
21191,18.483821868896484
21215,0.5996466875076294
21192,0.8958659768104553
21193,30.548828125
21173,35.20326614379883
21073,12.923176765441895
21121,35.315460205078125
21083,3.9352872371673584
21081,3.9002392292022705
21075,0.32697346806526184
21074,8.863029479980469
21111,6.473249435424805
21089,0.9800974726676941
21210,0.29677265882492065
21136,79.26851654052734
21077,0.652995765209198
21088,0.4534527063369751
21131,109.3550033569336
21110,43.94458770751953
21183,0.19720181822776794
21020,26.4851016998291
21028,0.6491268873214722
21109,0.27021801471710205
21030,0.3749276101589203
21034,88.82205200195312
21090,93.40884399414062
21091,0.3836236894130707
21095,91.42677307128906
21102,54.66740417480469
21103,8.911617279052734
21106,37.44734191894531
21107,0.4001332223415375
21214,14.289822578430176
21019,19.098766326904297
21017,16.602251052856445
21024,12.849824905395508
21086,2.6759958267211914
21084,2.80464243888855
21150,29.657724380493164
21082,91.56788635253906
21160,14.144718170166016
21157,14.782798767089844
21162,0.6464223265647888
21209,12.768498420715332
21122,5.321235179901123
21182,70.07713317871094
21021,35.262271881103516
21069,14.145942687988281
22006,33.15519332885742
22011,13.496706008911133
22012,23.585683822631836
22001,21.731056213378906
22005,8.399307250976562
22004,2.909179210662842
22017,48.536293029785156
22003,0.8179439902305603
22013,4.146058559417725
22007,25.598684310913086
22015,0.14037080109119415
22018,4.918992519378662
22002,0.7645592093467712
22008,31.510038375854492
22016,24.177175521850586
22014,24.37217903137207
22009,0.6907666921615601
22010,0.02745916321873665
23007,52.59529113769531
23009,52.42493438720703
23010,39.847110748291016
23008,51.51441192626953
23002,40.01413345336914
23006,41.843074798583984
23003,79.50548553466797
23011,56.59623718261719
23005,67.85124969482422
23001,78.35614776611328
23004,21.434404373168945
24016,53.19987106323242
24032,3.6332850456237793
24051,36.644866943359375
24029,11.808691024780273
24033,71.71807098388672
24027,1.5438508987426758
24025,86.91673278808594
24015,22.025989532470703
24059,48.967525482177734
24013,5.319425582885742
24002,3.8149571418762207
24003,2.160975694656372
24004,17.421226501464844
24028,35.93028259277344
24050,21.35954475402832
24057,1.0789902210235596
24049,91.124267578125
24006,10.685575485229492
24018,1.4933968782424927
24037,0.7247255444526672
24038,10.740427017211914
24020,9.54328441619873
24001,31.08081817626953
24045,30.60826873779297
24026,11.415674209594727
24044,49.25651931762695
24039,10.326600074768066
24048,52.355873107910156
24055,2.6937172412872314
24054,0.012705405242741108
24053,1.8717305660247803
24052,20.345340728759766
24019,3.0374703407287598
24014,3.651012420654297
24017,11.09579086303711
24008,14.855070114135742
24056,73.89151763916016
24034,41.6800651550293
24010,2.1179208755493164
24046,24.67913818359375
24047,13.455676078796387
24024,5.152143955230713
24023,5.178283214569092
24022,48.30078887939453
24009,69.91390991210938
24036,1.497666835784912
24007,64.59429931640625
24043,8.651667594909668
24042,25.25770378112793
24012,5.646980285644531
24035,73.5802230834961
24041,11.54047966003418
24021,27.427417755126953
24058,2.5350944995880127
24005,30.962800979614258
24030,1.5236302614212036
24040,22.886585235595703
24011,6.336112976074219
24031,1.113549828529358
25016,0.021478721871972084
25015,19.617889404296875
25019,44.82879638671875
25020,35.744964599609375
25002,21.83013153076172
25018,21.3113956451416
25010,11.465591430664062
25009,6.954125881195068
25013,0.9648390412330627
25011,37.18354415893555
25001,29.426292419433594
25007,2.4198532104492188
25008,6.966128826141357
25012,1.5240949392318726
25006,3.538097620010376
25005,1.4482899904251099
25014,1.1129623651504517
25004,0.30874544382095337
25017,0.5707883238792419
25003,0.8267918229103088
26037,41.065521240234375
26036,43.09020233154297
26021,25.08115577697754
26054,8.908618927001953
26068,24.957565307617188
26046,58.495052337646484
26045,28.43048095703125
26041,9.319222450256348
26033,45.48383331298828
26034,17.93437957763672
26014,15.053732872009277
26026,54.10761642456055
26016,60.26861572265625
26044,15.34642219543457
26047,54.21194076538086
26043,33.563934326171875
26071,73.09927368164062
26029,12.64147663116455
26069,5.080750465393066
26025,42.76374053955078
26039,64.89608001708984
26055,120.02021789550781
26030,18.946489334106445
26035,21.406038284301758
26022,34.9084358215332
26050,29.011428833007812
26013,22.240257263183594
26012,26.829957962036133
26032,10.59294319152832
26053,14.261273384094238
26048,59.26362991333008
26057,4.105480670928955
26065,45.25157165527344
26066,22.726211547851562
26070,72.45677185058594
26072,58.73185729980469
26058,38.182456970214844
26017,62.49136734008789
26009,7.931863784790039
26020,38.51430892944336
26015,12.432974815368652
26059,51.98563766479492
26060,50.543582916259766
26001,11.812901496887207
26042,16.20237922668457
26067,11.65392017364502
26018,14.07712459564209
26023,13.609892845153809
26007,65.99821472167969
26028,14.628829956054688
26005,11.277755737304688
26003,2.91316294670105
26004,43.04833984375
26008,5.733911037445068
26027,33.72370147705078
26031,7.2493672370910645
26006,15.952743530273438
26064,53.173954010009766
26062,22.45289421081543
26052,4.70199728012085
26051,7.9237470626831055
26010,7.247103214263916
26011,32.77229309082031
26019,39.60272216796875
26061,6.3758697509765625
26024,21.40386962890625
26049,4.131834030151367
26063,11.302542686462402
26040,3.630340576171875
26038,14.224343299865723
26056,25.653173446655273
26002,17.607574462890625
27006,95.8658676147461
27005,104.16451263427734
27008,18.433176040649414
27004,91.57098388671875
27010,113.54939270019531
27003,119.4398422241211
27015,5.645783424377441
27014,103.29582214355469
27007,70.84760284423828
27011,134.21859741210938
27013,119.05262756347656
27017,5.201820373535156
27002,88.52379608154297
27001,72.38154602050781
27009,91.43453979492188
27016,4.648386478424072
27012,35.188053131103516
28009,104.45160675048828
28003,64.47883605957031
28022,219.30484008789062
28021,25.511930465698242
28013,0.060488179326057434
28041,2.100750207901001
28014,149.61526489257812
28040,256.2886657714844
28010,34.015010833740234
28015,177.46800231933594
28039,0.619926929473877
28020,3.851548194885254
28027,146.1236114501953
28005,55.477081298828125
28007,158.4429168701172
28038,93.02611541748047
28026,7.216885566711426
28037,8.177160263061523
28019,9.311169624328613
28028,16.10151481628418
28025,149.4078369140625
28002,12.222807884216309
28001,52.21418762207031
28004,15.704803466796875
28029,1.1356855630874634
28031,5.331943988800049
28035,160.2836151123047
28034,9.913069725036621
28006,10.541802406311035
28033,230.49929809570312
28043,61.03336715698242
28032,175.69915771484375
28023,176.8251190185547
28017,0.16535812616348267
28042,5.812143325805664
28008,7.76226806640625
28016,0.12283049523830414
28018,36.232242584228516
28011,0.6593717336654663
28024,133.68704223632812
28036,61.33673858642578
28030,39.123958587646484
28012,15.95182991027832
29013,13.293185234069824
29051,76.16722869873047
29059,75.91770935058594
29011,52.46464538574219
29060,93.89115142822266
29009,54.67484664916992
29030,23.05314826965332
29021,5.618182182312012
29058,90.803955078125
29046,20.28951644897461
29035,36.724700927734375
29025,31.04008674621582
29052,30.77047348022461
29031,48.916893005371094
29032,63.506038665771484
29024,24.112417221069336
29042,79.27620697021484
29053,76.11241149902344
29034,10.791565895080566
29006,11.594717025756836
29044,79.49298095703125
29049,59.43487548828125
29040,23.690441131591797
29026,65.61968994140625
29055,43.84807586669922
29022,39.492713928222656
29001,42.74311065673828
29037,14.772092819213867
29054,94.28421020507812
29036,29.594409942626953
29010,41.957794189453125
29033,32.5469856262207
29023,51.146602630615234
29050,28.047021865844727
29041,47.980045318603516
29057,55.361045837402344
29048,104.82903289794922
29020,30.514562606811523
29017,38.86503219604492
29056,53.873958587646484
29002,52.48529815673828
29007,57.544437408447266
29004,25.04297637939453
29012,30.394338607788086
29029,92.20906066894531
29028,10.569165229797363
29008,46.42373275756836
29047,68.6489486694336
29039,50.89653778076172
29005,60.649024963378906
29045,54.85777282714844
29016,18.403907775878906
29019,47.66484451293945
29014,34.196773529052734
29015,23.896011352539062
29018,75.19927978515625
29038,50.29933547973633
29043,50.00251388549805
29027,51.9643440246582
29003,42.58525848388672
30051,9.302864074707031
30056,22.563983917236328
30055,18.1815185546875
30054,72.81819152832031
30053,12.320731163024902
30183,8.46326732635498
30182,4.043455600738525
30181,39.815757751464844
30110,0.22627227008342743
30111,89.72193145751953
30180,0.010181532241404057
30178,165.39895629882812
30175,25.86109161376953
30201,0.18643984198570251
30208,134.67007446289062
30207,34.70952606201172
30204,84.97499084472656
30202,3.0507426261901855
30200,3.5656704902648926
30186,3.6113994121551514
30197,2.0785329341888428
30196,7.79087495803833
30137,2.16758131980896
30184,4.31574010848999
30105,107.49652099609375
30043,4.46566915512085
30042,26.808427810668945
30019,8.598020553588867
30163,2.491438388824463
30115,3.7960894107818604
30114,35.685386657714844
30113,4.292296409606934
30010,0.6360191702842712
30097,232.3889923095703
30087,7.617257595062256
30149,5.140093803405762
30150,64.31449890136719
30148,21.99625587463379
30147,2.5158908367156982
30064,5.703209400177002
30074,3.06190824508667
30168,0.7693020701408386
30166,28.16364860534668
30165,2.3814752101898193
30164,1.1878979206085205
30126,16.8762264251709
30050,5.623547554016113
30046,0.4998721778392792
30004,10.149221420288086
30128,34.89015579223633
30145,79.7219009399414
30146,4.726165294647217
30098,4.451294898986816
30107,0.3681724965572357
30116,109.67323303222656
30131,38.0968132019043
30136,46.47853469848633
30138,4.599764347076416
30140,0.24676847457885742
30156,0.0949208065867424
30157,24.029319763183594
30158,46.79070281982422
30159,2.949390411376953
30160,23.006763458251953
30161,32.383338928222656
30162,2.6369574069976807
30078,30.77875518798828
30167,23.495927810668945
30169,67.25521850585938
30185,0.5603392720222473
30190,74.51515197753906
30003,78.50634765625
30194,78.47830963134766
30199,109.98680877685547
30206,130.1892547607422
30011,131.27142333984375
30012,183.01382446289062
30015,141.33592224121094
30016,146.3776092529297
30017,6.824434757232666
30117,2.7894508838653564
30044,1.2588069438934326
30047,0.7798096537590027
30049,18.222972869873047
30052,5.467227935791016
30099,14.782941818237305
30100,67.53324127197266
30198,0.2374945878982544
30139,244.58883666992188
30041,1.4618067741394043
30058,10.92545223236084
30135,9.921144485473633
30176,71.94756317138672
30120,117.56824493408203
30020,1.2072360515594482
30021,3.1184048652648926
30022,0.82929927110672
30023,1.5027252435684204
30024,0.3308213949203491
30025,4.864048957824707
30026,17.291704177856445
30027,9.543862342834473
30028,197.8010711669922
30029,0.7713705897331238
30030,16.03661346435547
30033,52.019287109375
30034,39.7448844909668
30065,7.123927593231201
30066,13.847493171691895
30067,3.380460739135742
30068,2.9381930828094482
30070,43.34218215942383
30072,0.20925742387771606
30073,62.283119201660156
30075,133.60342407226562
30112,10.968161582946777
30109,1.9668244123458862
30141,55.077049255371094
30142,111.58174133300781
30143,103.262939453125
30144,142.89178466796875
30151,37.31936264038086
30152,84.40158081054688
30153,11.532238006591797
30154,38.11381912231445
30155,28.69877815246582
30187,2.8914763927459717
30188,2.215465545654297
30189,51.83494567871094
30191,90.44914245605469
30192,8.482338905334473
30195,5.777431488037109
30210,4.259345531463623
30211,70.21742248535156
30212,63.01772689819336
30048,102.3166275024414
30059,91.11668395996094
30209,4.701929092407227
30173,0.689829409122467
30205,46.1533203125
30203,0.8919357061386108
30031,10.910416603088379
30079,0.531408429145813
30069,50.32584762573242
30101,0.8522477149963379
30103,4.535160541534424
30104,19.91914176940918
30106,1.7505401372909546
30102,19.09499168395996
30108,8.274608612060547
30193,156.15390014648438
30177,3.2416465282440186
30179,6.625056743621826
30174,18.52815818786621
30172,106.52112579345703
30171,2.8895530700683594
30170,0.0800749734044075
30134,7.426816463470459
30001,2.663863182067871
30133,80.50174713134766
30132,7.887192726135254
30122,119.92650604248047
30130,35.22370147705078
30129,31.133453369140625
30125,6.247660160064697
30124,27.74312973022461
30127,0.7835472226142883
30123,49.192447662353516
30002,26.854372024536133
30005,161.76712036132812
30121,65.03782653808594
30119,52.45515823364258
30006,4.256746292114258
30118,14.261032104492188
30096,3.820552110671997
30095,19.718849182128906
30094,115.0571517944336
30093,14.461231231689453
30007,24.555360794067383
30008,1.0292969942092896
30009,14.244316101074219
30071,1.1712980270385742
30092,1.4372053146362305
30091,53.25718688964844
30090,95.91046905517578
30089,96.14443969726562
30088,3.60312819480896
30086,0.5983702540397644
30018,7.393139362335205
30035,12.034544944763184
30036,8.96414566040039
30037,9.109881401062012
30085,1.8668850660324097
30084,118.02694702148438
30083,3.01119327545166
30082,96.60914611816406
30081,0.5317298769950867
30038,1.5498545169830322
30039,112.14935302734375
30040,24.0920352935791
30032,5.105052471160889
30080,0.3665117025375366
30077,88.94450378417969
30076,0.5185655951499939
30063,19.220409393310547
30062,0.8530195951461792
30061,5.75177526473999
30013,43.85221862792969
30014,0.5621652603149414
30060,47.792606353759766
30045,39.67738723754883
30057,5.222047328948975
31054,103.91471862792969
31051,136.1394500732422
31046,70.85447692871094
31045,83.85152435302734
31014,54.98108673095703
31029,94.36267852783203
31006,78.13121032714844
31093,89.3514633178711
31092,52.68408203125
31061,129.64254760742188
31008,62.277679443359375
31011,103.86532592773438
31081,52.83982849121094
31017,55.66547393798828
31091,55.145729064941406
31096,60.346553802490234
31018,68.78254699707031
31059,138.3084259033203
31040,59.91130447387695
31085,55.573673248291016
31052,91.88240051269531
31048,80.53675079345703
31047,65.95953369140625
31036,65.30500030517578
31104,51.204139709472656
31101,89.1732406616211
31102,54.38555145263672
31071,56.24552917480469
31069,56.12776565551758
31067,76.32826232910156
31050,84.88650512695312
31065,110.63204956054688
31084,66.79356384277344
31079,49.21101760864258
31064,75.15804290771484
31001,76.2230453491211
31049,67.73014831542969
31032,56.36697769165039
31024,68.23265075683594
31022,54.28152847290039
31094,54.88557434082031
31106,121.71318817138672
31105,114.25567626953125
31103,68.93477630615234
31097,54.77912521362305
31095,116.2132797241211
31090,82.07810974121094
31088,86.23583221435547
31087,110.8965072631836
31086,80.61761474609375
31083,147.03089904785156
31082,117.0341796875
31080,66.8480224609375
31055,78.33087158203125
31078,83.8326644897461
31077,66.20941925048828
31074,79.6700668334961
31073,52.5388298034668
31072,85.65261840820312
31070,77.34451293945312
31068,116.09954833984375
31063,96.61347198486328
31060,54.048736572265625
31053,77.21900177001953
31044,100.80562591552734
31066,65.56344604492188
31043,56.904296875
31020,145.20516967773438
31039,138.0957794189453
31037,62.95518112182617
31035,74.03419494628906
31034,75.12596130371094
31033,89.08505249023438
31031,68.06355285644531
31027,112.63845825195312
31026,133.56488037109375
31089,69.19365692138672
31025,69.43061828613281
31098,46.553245544433594
31042,59.57076644897461
31062,76.16791534423828
31075,62.990455627441406
31023,83.50031280517578
31016,58.993717193603516
31015,70.67394256591797
31013,139.6089630126953
31056,57.44955825805664
31057,90.10816955566406
31012,58.79124450683594
31010,59.148345947265625
31009,91.14852142333984
31007,86.55379486083984
31005,84.95225524902344
31004,109.64155578613281
31003,62.49514389038086
31076,72.3129653930664
31019,56.24021530151367
31028,103.41940307617188
31058,52.150291442871094
31021,53.23504638671875
31030,53.67524337768555
31038,119.0050048828125
31041,105.72232818603516
31099,56.37587356567383
31100,116.09227752685547
31002,76.66573333740234
32029,95.79972839355469
32028,1.8263646364212036
32027,50.234806060791016
32026,18.267539978027344
32025,55.33285903930664
32024,73.62957763671875
32008,37.23674774169922
32031,3.6225099563598633
32022,84.78997039794922
32018,11.169937133789062
32052,61.414344787597656
32016,69.34696197509766
32054,86.40826416015625
32006,91.16461181640625
32013,110.64195251464844
32007,26.50901222229004
32034,13.37785816192627
32053,78.86845397949219
32055,17.33194351196289
32003,8.62978744506836
32039,51.29818344116211
32038,43.037498474121094
32015,10.412789344787598
32017,91.19654083251953
32020,19.468063354492188
32023,14.451297760009766
32058,13.12592887878418
32036,58.30385208129883
32057,87.2002182006836
32030,21.62919044494629
32032,122.12584686279297
32056,109.38148498535156
32035,14.75866985321045
32005,109.45732116699219
32010,36.48671340942383
32001,7.155534267425537
32011,4.23122501373291
32002,39.30664825439453
32040,41.519920349121094
32041,46.1903190612793
32037,92.51119232177734
32021,1.3313533067703247
32047,8.648987770080566
32045,16.527912139892578
32051,73.18560028076172
32050,99.57355499267578
32049,2.9969654083251953
32048,6.937077045440674
32019,9.304219245910645
32033,7.758575916290283
32012,35.483985900878906
32046,13.001226425170898
32044,12.064215660095215
32004,11.530192375183105
32043,8.01741886138916
32042,23.812236785888672
32014,52.72859573364258
32009,14.021711349487305
