CVEGEO,local_I,p_sim,quadrant,cluster
01001,1.9120768668765644,0.012,HH,HH
01002,0.8672451331483446,0.007,HH,HH
01003,0.23623851110660982,0.018,HH,HH
01004,0.21345176694472284,0.101,HH,ns
01005,1.699575071060144,0.006,HH,HH
01006,1.378003799364601,0.004,HH,HH
01007,0.8903469456278481,0.119,HH,ns
01008,0.1218988720036164,0.007,HH,HH
01009,0.4826935624952945,0.041,HH,HH
01010,0.40141044326835,0.005,HH,HH
01011,1.9930026191077064,0.002,HH,HH
02001,1.2936969124857547,0.026,LL,LL
02002,0.9209358163403272,0.019,LL,LL
02003,0.2464895269646323,0.159,LL,ns
02004,-0.22058140888390373,0.134,HL,ns
02005,-0.05998642397374272,0.355,LH,ns
02006,3.2686011307035785,0.017,LL,LL
02007,2.668639972926167,0.018,LL,LL
03001,1.6301385976903355,0.048,LL,LL
03002,1.3987554862179186,0.028,LL,LL
03003,0.4626857488246446,0.162,LL,ns
03008,-0.1598860441075574,0.237,HL,ns
03009,1.812880427613583,0.047,LL,LL
04001,0.4832040602975664,0.099,HH,ns
04002,0.5246851264111986,0.205,HH,ns
04003,0.5624781148042772,0.062,HH,ns
04004,0.24647892384340353,0.196,HH,ns
04005,0.17895808720392922,0.243,HH,ns
04006,-0.07092658785736722,0.115,LH,ns
04007,-0.1549393175387881,0.05,LH,ns
04008,0.4261058665327761,0.177,HH,ns
04009,0.08891882526283458,0.274,HH,ns
04010,-0.05925184360811254,0.436,LH,ns
04011,0.04381481393756194,0.172,HH,ns
04012,0.2783054163437863,0.064,HH,ns
04013,0.012585467530669914,0.485,HH,ns
05001,1.5582553772313872,0.008,LL,LL
05002,-0.027956793258839794,0.317,HL,ns
05003,0.5591754081154247,0.067,HH,ns
05004,0.04510237432902749,0.35,HH,ns
05005,1.534503989003305,0.005,LL,LL
05006,-0.09480072911731058,0.315,HL,ns
05007,0.044204290681245616,0.337,LL,ns
05008,3.0347574560740727,0.002,LL,LL
05009,0.1731606964349086,0.104,HH,ns
05010,-0.2511156966101818,0.197,HL,ns
05011,-0.19786737853096387,0.097,LH,ns
05012,2.2692214955905627,0.018,LL,LL
05013,4.4176437321464705,0.041,LL,LL
05014,0.0008552047752100032,0.233,HH,ns
05015,1.929108920304764,0.001,LL,LL
05016,0.41546035554336236,0.084,LL,ns
05017,1.3335719757507585,0.025,HH,HH
05018,-0.442208429250289,0.158,HL,ns
05019,0.2478451318729068,0.064,HH,ns
05020,0.05407339105705779,0.204,LL,ns
05021,0.18709402739934247,0.152,LL,ns
05022,0.04164552643004223,0.467,HH,ns
05023,0.4368989017902374,0.06,LL,ns
05024,-0.021196772521181424,0.149,HL,ns
05025,0.3732091129466968,0.265,HH,ns
05026,2.8967700463898107,0.044,LL,LL
05027,0.35168865511052155,0.11,HH,ns
05028,-1.0275581481241525,0.076,HL,ns
05029,0.013935702415333968,0.479,LL,ns
05030,-0.7823540395553605,0.033,HL,HL
05031,0.42784301004287867,0.002,LL,LL
05032,0.5168709205784139,0.119,HH,ns
05033,0.13729143682350325,0.26,HH,ns
05034,0.20849648544365496,0.258,LL,ns
05035,0.13793701488232787,0.416,HH,ns
05036,0.10071856952046367,0.203,LL,ns
05037,-0.023600190874224106,0.402,LH,ns
05038,0.010826250808863196,0.158,HH,ns
06001,0.224856169987017,0.242,HH,ns
06002,-0.02282506390467986,0.464,HL,ns
06003,-0.005844982992346418,0.461,LH,ns
06004,0.11386088939051639,0.146,HH,ns
06005,0.233042659737084,0.274,HH,ns
06006,-0.09464411790577337,0.437,LH,ns
06007,0.004238113278752113,0.494,HH,ns
06008,0.2416308937701852,0.244,LL,ns
06010,0.07198435737738204,0.299,HH,ns
07001,0.6323474726337147,0.143,HH,ns
07002,0.2777373953280299,0.084,HH,ns
07003,1.684158515529032,0.001,HH,HH
07004,-0.011614965595439813,0.306,HL,ns
07005,0.055141114381964215,0.14,HH,ns
07006,-0.03847173330838924,0.184,HL,ns
07007,0.051469947854434143,0.178,HH,ns
07008,-0.23881324572602902,0.021,HL,HL
07009,1.1694971440319253,0.014,HH,HH
07010,0.07643404748014274,0.303,LL,ns
07011,0.017186912819555304,0.364,LL,ns
07012,1.2177595282318014,0.023,HH,HH
07013,0.26292319902452416,0.124,HH,ns
07014,-0.0014176166401923716,0.469,HL,ns
07015,0.45066379133351264,0.037,HH,HH
07016,0.22221035879818915,0.009,HH,HH
07017,0.14481606996588992,0.134,HH,ns
07018,0.1440342683557164,0.221,HH,ns
07019,-0.03493819242364192,0.419,HL,ns
07020,-0.044235180097320394,0.144,LH,ns
07021,0.10307742669948668,0.205,HH,ns
07022,-0.06717391589681788,0.271,LH,ns
07023,0.16966384045377697,0.198,HH,ns
07024,-0.0063209549164563415,0.488,LH,ns
07025,0.0053908254894519956,0.466,HH,ns
07026,0.04742653769016579,0.323,HH,ns
07027,0.6088036490744916,0.004,HH,HH
07028,0.1059582836767197,0.263,HH,ns
07029,0.2526814977110442,0.093,HH,ns
07030,0.21938626361328414,0.07,LL,ns
07031,0.03319538526958914,0.347,HH,ns
07032,0.06427019066639507,0.447,HH,ns
07033,-0.5556672048252033,0.163,LH,ns
07034,0.03827378236087424,0.367,LL,ns
07035,0.622316212135234,0.009,HH,HH
07036,-5.7145952221161885e-06,0.487,LH,ns
07037,1.6019607130411564,0.003,HH,HH
07038,-0.05967137667698144,0.396,LH,ns
07039,0.047384793827076284,0.183,HH,ns
07040,1.8053633364326946,0.002,HH,HH
07041,-0.01008211170162969,0.49,LH,ns
07042,0.15943801400649243,0.21,HH,ns
07043,0.08921619329271836,0.302,HH,ns
07044,0.3078220231128356,0.057,HH,ns
07045,-0.025604504641918036,0.126,LH,ns
07046,0.3879638536876846,0.014,HH,HH
07047,0.1422500287217499,0.212,HH,ns
07048,1.3743253061710141,0.001,HH,HH
07049,0.03827578978257355,0.335,HH,ns
07050,0.2011205762766864,0.054,HH,ns
07051,0.19243365687403535,0.341,HH,ns
07052,0.05451960726872656,0.243,LL,ns
07053,-0.05845767913402164,0.474,LH,ns
07054,1.720980646621247,0.002,HH,HH
07055,0.3878179972090233,0.125,HH,ns
07056,-0.09212031638050575,0.306,LH,ns
07057,0.2089742071586012,0.03,HH,HH
07058,0.12328514088066912,0.251,HH,ns
07059,0.1029725755235053,0.233,LL,ns
07060,0.0002933672689644908,0.405,LL,ns
07061,0.672188827696064,0.006,HH,HH
07062,0.1609196548574023,0.261,HH,ns
07063,0.16611891053401498,0.009,HH,HH
07064,-0.008899415569807846,0.326,HL,ns
07065,0.48386988309278384,0.048,HH,HH
07066,0.034369934414348734,0.387,HH,ns
07067,0.13548899051956334,0.182,HH,ns
07068,0.29911969844215325,0.156,HH,ns
07069,0.4742230073106544,0.076,HH,ns
07070,-0.03441027294768429,0.317,HL,ns
07071,2.1685765525344483,0.007,HH,HH
07072,0.0905601055601499,0.387,HH,ns
07073,0.32766705191114415,0.203,HH,ns
07074,1.910302109969787,0.002,HH,HH
07075,0.1089171107922049,0.241,HH,ns
07076,0.03191435744272996,0.15,HH,ns
07077,0.3040443254788694,0.063,HH,ns
07078,0.8251959783821464,0.232,HH,ns
07079,0.813819680438374,0.022,HH,HH
07080,-0.110583766748963,0.127,HL,ns
07081,0.05644209428451269,0.368,HH,ns
07082,-0.0963951324015669,0.328,LH,ns
07083,-0.001288711223748106,0.399,LH,ns
07084,0.017431223216246627,0.356,HH,ns
07085,0.32420425368950084,0.121,HH,ns
07086,0.9625136397680522,0.007,HH,HH
07087,1.31322481308332,0.039,HH,HH
07088,-0.05560137265556796,0.136,LH,ns
07089,1.4322597818689793,0.01,HH,HH
07090,0.0029618224195394737,0.325,HH,ns
07091,0.38854036409367776,0.26,HH,ns
07092,0.12126978957080879,0.178,HH,ns
07093,0.0018717245444264904,0.467,HH,ns
07094,0.34009160426964385,0.164,HH,ns
07096,0.19827292460006804,0.041,HH,HH
07097,1.4359631735531806,0.01,HH,HH
07098,0.10378937035070007,0.112,HH,ns
07099,0.008000248981225254,0.447,LL,ns
07100,-0.04580204681372553,0.247,LH,ns
07101,1.6697440957751786,0.02,HH,HH
07102,0.697610018253116,0.058,HH,ns
07103,0.9507208610513714,0.007,HH,HH
07104,0.016463374388282888,0.432,HH,ns
07105,0.052822375587709476,0.138,HH,ns
07106,0.2568908708096342,0.117,HH,ns
07107,0.21611217051357906,0.02,HH,HH
07108,1.1088647908098324,0.014,HH,HH
07109,0.042917677342265634,0.371,HH,ns
07110,0.2208680089496089,0.05,HH,ns
07111,0.47629537961866103,0.108,HH,ns
07112,0.001282322866946891,0.487,HH,ns
07113,-0.02385674367739076,0.448,HL,ns
07114,0.8402851561653991,0.107,LL,ns
07115,0.31525240862665876,0.312,LL,ns
07116,0.9036271096238493,0.147,LL,ns
07117,0.026867365602876753,0.46,LL,ns
07118,-0.006340303760302859,0.197,LH,ns
07119,-0.3877363543135849,0.292,LH,ns
07120,0.23018576668545682,0.337,LL,ns
07121,-0.06221606636294996,0.063,LH,ns
07122,0.4201492804402278,0.051,HH,ns
07123,0.18942870582936597,0.088,HH,ns
07124,0.23183334982881817,0.086,HH,ns
07125,0.16779481758043832,0.453,LL,ns
08001,0.06407079570633768,0.185,LL,ns
08002,-0.04945214700710363,0.362,HL,ns
08003,-0.0388078617312376,0.392,HL,ns
08004,0.6143962329892046,0.083,HH,ns
08005,0.05161076288355605,0.29,LL,ns
08006,-0.2676139406221766,0.337,LH,ns
08007,0.962578866046396,0.004,LL,LL
08008,1.5031609052485566,0.058,LL,ns
08009,0.017772349863756698,0.009,LL,LL
08010,0.594474768209904,0.059,LL,ns
08011,-0.20162395219640353,0.054,HL,ns
08012,1.330880838888608,0.003,LL,LL
08013,1.1041328129016643,0.001,LL,LL
08014,-0.029865275002014142,0.481,LH,ns
08015,0.6327577562654944,0.211,LL,ns
08016,0.0663429579791603,0.449,LL,ns
08017,-0.7742172599701491,0.013,HL,HL
08018,3.3279361117850508,0.046,LL,LL
08019,0.7755428314235019,0.174,HH,ns
08020,1.3260365956489448,0.083,LL,ns
08021,0.8162829898913062,0.207,HH,ns
08022,2.840310259950418,0.001,LL,LL
08023,1.5192575164613333,0.062,LL,ns
08024,-0.03826365469039696,0.066,HL,ns
08025,0.6512619547238169,0.06,LL,ns
08026,1.607823142140187,0.027,LL,LL
08027,0.34474840679898455,0.002,LL,LL
08028,0.3648059685812086,0.262,LL,ns
08029,0.9081170259814368,0.028,LL,LL
08030,1.443433363738459,0.002,LL,LL
08031,-0.3003882884748755,0.009,HL,HL
08032,-0.0857317727159117,0.413,HL,ns
08033,1.7567576066043837,0.044,LL,LL
08034,1.1659985742485866,0.031,LL,LL
08035,1.2428031087460198,0.043,LL,LL
08036,-0.14286890721019993,0.251,HL,ns
08037,-0.9559886061719465,0.142,HL,ns
08038,-1.057343328287691,0.016,LH,LH
08039,0.022893552355667268,0.451,HH,ns
08040,0.4278403520303016,0.018,LL,LL
08041,3.0088609577036416,0.066,LL,ns
08042,0.897107368222948,0.195,LL,ns
08043,0.09693208755147426,0.255,LL,ns
08044,-0.033444176892802185,0.347,HL,ns
08045,0.7560287652985964,0.119,HH,ns
08046,1.7199048095894929,0.058,LL,ns
08047,0.9983833727500526,0.063,LL,ns
08048,0.18113243784342856,0.108,LL,ns
08049,1.6343665926528832,0.004,LL,LL
08050,0.09272443682676064,0.012,LL,LL
08051,0.25509760562638567,0.002,LL,LL
08052,0.3499404296061595,0.021,LL,LL
08053,0.968833150069594,0.08,LL,ns
08054,0.014918469619195553,0.478,HH,ns
08055,0.16194289678284263,0.118,HH,ns
08056,2.1688258949281605,0.003,LL,LL
08057,2.7237564739324274,0.001,LL,LL
08058,-0.3258732903512593,0.368,LH,ns
08059,0.11241315815333973,0.258,LL,ns
08060,-0.019920672906268026,0.411,LH,ns
08061,0.8798947927887387,0.058,LL,ns
08062,-0.30275098482693874,0.235,HL,ns
08063,0.441945272822537,0.111,LL,ns
08064,2.2895551908025444,0.012,LL,LL
08065,1.1100397047939083,0.003,LL,LL
08066,2.1436907623794577,0.001,LL,LL
08067,0.18123589731837275,0.064,LL,ns
09002,4.654342055496836,0.001,HH,HH
09003,2.8023284428923274,0.001,HH,HH
09004,3.4586936785161284,0.001,HH,HH
09005,4.365408223378371,0.001,HH,HH
09006,0.9227466611562979,0.001,HH,HH
09007,3.7686666693469313,0.001,HH,HH
09008,2.736484464671521,0.001,HH,HH
09009,0.7542025972119459,0.01,HH,HH
09010,3.7310868903047365,0.001,HH,HH
09011,3.620174887115617,0.001,HH,HH
09012,2.217143889031083,0.008,HH,HH
09013,2.6370128929838828,0.001,HH,HH
09014,3.3061500668292068,0.001,HH,HH
09015,3.440204132204862,0.001,HH,HH
09016,5.503166216943743,0.001,HH,HH
09017,2.1807484301877693,0.001,HH,HH
10001,-0.07893810113401425,0.242,HL,ns
10002,0.6269096546356312,0.183,LL,ns
10003,0.03772902413681012,0.47,LL,ns
10004,0.0031821809964783726,0.408,HH,ns
10005,-0.023041270475170156,0.467,HL,ns
10006,-0.061576836247890246,0.436,LH,ns
10007,1.2168425279947366,0.038,HH,HH
10008,0.16800503366497202,0.27,HH,ns
10009,0.43474612647838995,0.07,LL,ns
10010,1.2146948309653904,0.033,LL,LL
10011,2.373027999527179,0.028,LL,LL
10012,0.2630791179623116,0.262,HH,ns
10013,-0.003833762077778167,0.445,HL,ns
10014,0.11429924833343626,0.351,LL,ns
10015,0.2193073569415373,0.104,LL,ns
10016,0.23413911503631848,0.229,HH,ns
10017,0.06775503438909387,0.202,LL,ns
10018,0.2598872645814987,0.019,LL,LL
10019,1.4132390579960872,0.123,LL,ns
10020,0.050970466407049955,0.32,HH,ns
10021,0.0025164377757540914,0.486,LL,ns
10022,0.4219791087906538,0.029,HH,HH
10023,0.10146241031909228,0.154,LL,ns
10024,0.8758097395854546,0.002,LL,LL
10025,0.46326729136171796,0.259,LL,ns
10026,0.4826310629683731,0.152,LL,ns
10027,0.4686425671950495,0.076,LL,ns
10028,0.18890900919910963,0.107,LL,ns
10029,1.392606648417976,0.03,LL,LL
10030,2.0798037234625033,0.018,LL,LL
10031,0.2094017662006535,0.229,LL,ns
10032,-0.28101451727707727,0.019,HL,HL
10033,-0.015119348034730019,0.282,LH,ns
10034,0.9289287634656214,0.005,LL,LL
10035,-0.06452102309465756,0.034,HL,HL
10036,0.10434851775030317,0.216,HH,ns
10037,0.9298299537841876,0.09,LL,ns
10038,0.6463795040544073,0.152,HH,ns
10039,-0.24401063551757102,0.244,HL,ns
11001,0.6042524746069412,0.019,HH,HH
11002,0.6208625332309632,0.046,HH,HH
11003,1.7107075481509113,0.001,HH,HH
11004,0.389934758860497,0.083,HH,ns
11005,2.0247198594025844,0.001,HH,HH
11006,1.5732351855156943,0.052,LL,ns
11007,3.3371091112377207,0.002,HH,HH
11008,0.45386706667861576,0.003,HH,HH
11009,2.1664314557626914,0.006,HH,HH
11010,0.09174271189504679,0.419,LL,ns
11011,2.5900293483132844,0.001,HH,HH
11012,0.6128805984261123,0.052,HH,ns
11013,-0.005910498650369168,0.464,HL,ns
11014,1.6591983764474512,0.01,HH,HH
11015,2.373162658014793,0.001,HH,HH
11016,-0.07420454515745822,0.092,LH,ns
11017,2.0406109996343376,0.002,HH,HH
11018,1.1094004441516656,0.013,HH,HH
11019,-0.015269075105555665,0.114,LH,ns
11020,2.9767264703240417,0.001,HH,HH
11021,0.3147847273778022,0.151,HH,ns
11022,0.10922800719880958,0.078,HH,ns
11023,0.48961778600479583,0.108,HH,ns
11024,0.1238764871335459,0.012,HH,HH
11025,1.465595029938023,0.007,HH,HH
11026,0.7816054317866737,0.001,HH,HH
11027,3.3663749444301247,0.001,HH,HH
11028,0.4967191297637801,0.086,HH,ns
11029,0.6293718039512713,0.027,HH,HH
11030,1.0961476390548657,0.001,HH,HH
11031,2.2056984628436025,0.006,HH,HH
11032,0.5271605496670658,0.1,HH,ns
11033,0.18021879372031155,0.052,HH,ns
11034,0.4673413365353474,0.05,LL,ns
11035,2.1246864224682125,0.001,HH,HH
11036,-0.2602177834898623,0.141,LH,ns
11037,3.0573447809072603,0.001,HH,HH
11038,0.20147018710079287,0.12,HH,ns
11039,0.33337591783363657,0.101,HH,ns
11040,0.10505842688213406,0.331,LL,ns
11041,0.45215575799931235,0.129,HH,ns
11042,0.5674280626588777,0.099,HH,ns
11043,0.18954839307189061,0.231,LL,ns
11044,3.1606600610353004,0.001,HH,HH
11045,1.2289701961775863,0.024,LL,LL
11046,0.19897457500206508,0.047,HH,HH
12001,-0.12325084953297899,0.418,HL,ns
12002,0.018860693605868433,0.446,LL,ns
12003,0.193306638591376,0.222,LL,ns
12004,0.2960613733044322,0.08,LL,ns
12005,0.2537871770979191,0.05,LL,ns
12006,0.01253053893532845,0.398,LL,ns
12007,0.06368638131118981,0.192,LL,ns
12008,0.24320942720799354,0.18,LL,ns
12009,0.5749529095936842,0.053,LL,ns
12010,0.10403124693536733,0.155,LL,ns
12011,0.23743036022441733,0.178,LL,ns
12012,0.2474747319960717,0.055,LL,ns
12013,0.01345589356781548,0.375,LL,ns
12014,0.23462016858186427,0.207,LL,ns
12015,0.2665128683205174,0.091,HH,ns
12016,0.287907096013256,0.2,LL,ns
12017,0.06716337003618646,0.28,HH,ns
12018,0.027489826971392253,0.384,LL,ns
12019,0.009081667928761862,0.166,LL,ns
12020,0.3178207676611638,0.084,LL,ns
12021,0.020039180132985297,0.281,LL,ns
12022,0.3764329232702977,0.087,LL,ns
12023,-0.09843313480204945,0.113,HL,ns
12024,0.19120019411963973,0.239,LL,ns
12025,0.26343476026712925,0.092,LL,ns
12026,-0.1469996849904957,0.281,LH,ns
12027,0.10824955284972901,0.278,LL,ns
12028,-0.04928732388508431,0.395,HL,ns
12029,0.008843801967675225,0.385,HH,ns
12030,0.09506061131267901,0.256,LL,ns
12031,-0.03809931961976862,0.485,LH,ns
12032,-0.008469580242597785,0.32,HL,ns
12033,0.18506012519979745,0.101,LL,ns
12034,0.007629883160895315,0.345,HH,ns
12035,0.35092149873937906,0.167,HH,ns
12036,0.009815761003678989,0.283,HH,ns
12037,-0.06619906357802612,0.331,LH,ns
12038,0.10486055811086488,0.183,LL,ns
12039,-0.024595930436454905,0.403,LH,ns
12040,0.06251574268086417,0.366,HH,ns
12041,1.029648759076875,0.08,LL,ns
12042,0.04606753136758019,0.24,HH,ns
12043,0.34104289968605955,0.063,LL,ns
12044,-0.016077128521467043,0.345,LH,ns
12045,0.0592442840814777,0.132,LL,ns
12046,-0.20490629299362093,0.283,HL,ns
12047,-0.1145630269325222,0.357,LH,ns
12048,0.48345201336433724,0.171,LL,ns
12049,-0.003263179152603201,0.483,HL,ns
12050,-0.19301571784998695,0.139,HL,ns
12051,-0.027993138882660924,0.337,HL,ns
12052,-0.007067917073920115,0.023,HL,HL
12053,0.0021949818323793663,0.457,LL,ns
12054,0.281396453955712,0.167,LL,ns
12055,0.06084734892829761,0.406,HH,ns
12056,0.06356137314022184,0.322,LL,ns
12057,0.4953634547885262,0.057,LL,ns
12058,-0.0696856870497833,0.344,HL,ns
12059,-0.027738630945872023,0.185,LH,ns
12060,-0.021312317902394625,0.412,LH,ns
12061,0.1008696643419563,0.241,HH,ns
12062,-0.015707862166704705,0.199,HL,ns
12063,1.0018059446175895,0.044,LL,LL
12064,0.014194120170397112,0.429,LL,ns
12065,0.443027872544528,0.056,LL,ns
12066,0.027717691826760912,0.089,LL,ns
12067,-0.03127627367055478,0.358,HL,ns
12068,-0.07591699012701003,0.313,LH,ns
12069,0.19551377987166244,0.161,LL,ns
12070,0.1526903892921726,0.067,LL,ns
12071,0.026331379914852487,0.334,LL,ns
12072,0.4916816006382343,0.075,LL,ns
12073,0.34483980951245186,0.122,LL,ns
12074,0.042386225106397356,0.392,HH,ns
12075,0.041974523369939,0.406,HH,ns
12076,0.20712900572127818,0.256,LL,ns
12077,0.021790465392089058,0.344,LL,ns
12078,0.18256533000281702,0.354,LL,ns
12079,-0.02113143818493755,0.418,LH,ns
12080,0.012127513772160817,0.477,LL,ns
12081,0.6439659994611441,0.053,LL,ns
12082,0.09568162665644615,0.34,LL,ns
12083,0.34737989482245224,0.366,LL,ns
12084,0.42630695540766317,0.281,LL,ns
12085,0.2538296354374282,0.255,LL,ns
13001,-0.021032886574593884,0.4,LH,ns
13002,0.006764085592239492,0.443,HH,ns
13003,0.33533593889608865,0.086,HH,ns
13004,0.20371368545524823,0.206,LL,ns
13005,1.5599783649072776,0.001,HH,HH
13006,0.116013220982998,0.143,HH,ns
13007,0.18518289601867433,0.157,HH,ns
13008,0.6808581277989226,0.019,HH,HH
13009,0.1360035637533295,0.193,HH,ns
13010,2.65342936809689,0.001,HH,HH
13011,-0.0002334206237233803,0.498,LH,ns
13012,-0.057971120887080944,0.294,HL,ns
13013,3.3135414920161153,0.001,HH,HH
13014,0.11616599301753235,0.07,LL,ns
13015,0.34875820926005935,0.075,LL,ns
13016,0.638477825531346,0.028,HH,HH
13017,0.35942739044789856,0.019,HH,HH
13018,0.406430774275799,0.111,LL,ns
13019,0.10789450006917588,0.045,HH,HH
13020,1.2693064416914108,0.028,LL,LL
13021,0.5191400565451244,0.009,HH,HH
13022,0.33577071828452654,0.028,HH,HH
13023,0.8369959352512002,0.035,HH,HH
13024,-0.045306541044004424,0.449,LH,ns
13025,0.0030232269265940237,0.413,HH,ns
13026,-0.08108050394386286,0.402,LH,ns
13027,0.4232742577862374,0.025,LL,LL
13028,-0.03853239018908549,0.45,HL,ns
13029,0.5003881757484064,0.122,HH,ns
13030,-0.008560055053104488,0.483,HL,ns
13031,0.6257915724403027,0.01,LL,LL
13032,0.3326032368967328,0.208,HH,ns
13033,1.7049601877437204,0.021,LL,LL
13034,0.5379003924796878,0.184,LL,ns
13035,-0.23200234163928343,0.23,HL,ns
13036,0.005378934939999645,0.483,LL,ns
13037,0.038398211496210186,0.293,LL,ns
13038,-0.15230198538225018,0.115,LH,ns
13039,0.3355427691737,0.032,HH,HH
13040,1.1144729942458143,0.019,LL,LL
13041,0.9115947656009894,0.034,HH,HH
13042,0.47131134731002855,0.002,LL,LL
13043,0.5853887786727775,0.092,LL,ns
13044,0.3133922874876624,0.023,HH,HH
13045,-0.002259101871797133,0.371,LH,ns
13046,0.04478326202581659,0.346,HH,ns
13047,0.5581713939484945,0.094,LL,ns
13048,2.181066281552417,0.006,HH,HH
13049,0.32302313345423067,0.088,LL,ns
13050,0.5790272802550385,0.142,HH,ns
13051,1.837743636833188,0.022,HH,HH
13052,0.7160207714593583,0.022,HH,HH
13053,0.509699386089618,0.052,LL,ns
13054,0.35730380083709185,0.013,HH,HH
13055,0.1129047252173895,0.368,HH,ns
13056,0.7630316075002075,0.043,HH,HH
13057,0.3266054540750997,0.062,HH,ns
13058,-0.011946849741815502,0.288,LH,ns
13059,0.12307721526499515,0.274,HH,ns
13060,0.536854149411112,0.054,LL,ns
13061,1.0636400767080785,0.022,HH,HH
13062,0.7954904087293239,0.023,LL,LL
13063,1.9044554307734374,0.001,HH,HH
13064,0.4722880810290955,0.025,HH,HH
13065,0.7324130271823421,0.017,HH,HH
13066,1.4699070242783758,0.006,HH,HH
13067,0.9298799961831515,0.056,HH,ns
13068,0.26318100004699163,0.195,LL,ns
13069,1.9006704004815378,0.004,HH,HH
13070,0.7705712176268665,0.003,HH,HH
13071,1.8304212387727248,0.009,LL,LL
13072,0.6583756386880808,0.008,HH,HH
13073,0.02336196622273478,0.367,LL,ns
13074,1.6068285006801832,0.009,HH,HH
13075,1.291009490943101,0.002,HH,HH
13076,2.0834146433160026,0.001,HH,HH
13077,0.5584959969334468,0.14,HH,ns
13078,0.14951291124883542,0.136,LL,ns
13079,0.37732509151257987,0.117,LL,ns
13080,-0.08311409467915017,0.122,HL,ns
13081,-0.18618500095561757,0.05,HL,ns
13082,1.5094238768143167,0.002,HH,HH
13083,1.1793892970768982,0.002,HH,HH
13084,0.02788561906849518,0.222,LL,ns
14001,-0.01924225094838321,0.472,LH,ns
14002,0.9588823374023877,0.009,HH,HH
14003,0.30915220141642585,0.082,HH,ns
14004,-0.031040146927110743,0.415,LH,ns
14005,0.48495526639987335,0.065,HH,ns
14006,-0.10105793082456281,0.333,HL,ns
14007,0.22770222822774253,0.13,HH,ns
14008,0.22510151044775156,0.055,HH,ns
14009,0.31651504968851574,0.034,HH,HH
14010,0.031414334656247614,0.407,LL,ns
14011,0.48967467600480163,0.061,LL,ns
14012,0.22849500670504022,0.173,LL,ns
14013,0.5169554300093987,0.022,HH,HH
14014,0.07440097824402561,0.308,HH,ns
14015,-0.014733797468836603,0.048,HL,HL
14016,0.3181247614202519,0.036,HH,HH
14017,0.3803176154987691,0.071,LL,ns
14018,1.0993969045881926,0.01,HH,HH
14019,0.9059882987570967,0.012,LL,LL
14020,0.11265556493115586,0.347,LL,ns
14021,-0.038921022249122916,0.226,HL,ns
14022,-0.07988645619321537,0.315,HL,ns
14023,0.13350737660884546,0.288,HH,ns
14024,-0.009883481953042693,0.409,HL,ns
14025,-0.027596102980094524,0.297,HL,ns
14026,0.0019326269617633862,0.411,HH,ns
14027,0.14411325250142548,0.285,LL,ns
14028,0.33564861092309384,0.115,LL,ns
14029,0.006582015477678889,0.378,LL,ns
14030,0.4865876740961066,0.112,HH,ns
14031,1.5888733776877726,0.053,LL,ns
14032,0.503834564239573,0.072,LL,ns
14033,-0.020894691286051436,0.009,LH,LH
14034,0.7929685118548427,0.039,LL,LL
14035,0.7381800844643319,0.019,HH,HH
14036,0.15138905363190017,0.211,HH,ns
14037,0.6618370656291865,0.052,LL,ns
14038,0.10336409473261687,0.395,LL,ns
14039,0.7293323438806381,0.031,HH,HH
14040,0.010590232398813295,0.331,HH,ns
14041,-0.05045013891557868,0.358,HL,ns
14042,0.6282935468777472,0.084,LL,ns
14043,0.1287601359143594,0.414,LL,ns
14044,0.6298174575528822,0.05,HH,ns
14045,0.043976374520906816,0.276,LL,ns
14046,0.018710423901776727,0.44,HH,ns
14047,0.9528046240913087,0.021,HH,HH
14048,0.21891261142558477,0.034,HH,HH
14049,0.3213499514873103,0.187,LL,ns
14050,0.41457202650158415,0.025,HH,HH
14051,-0.134221266415357,0.028,LH,LH
14052,0.6271110047992033,0.06,LL,ns
14053,0.9600512074735342,0.012,HH,HH
14054,0.7124859056658489,0.048,LL,LL
14055,0.16993164132443572,0.201,HH,ns
14056,0.18231112602347627,0.307,LL,ns
14057,-0.004997957413079716,0.401,LH,ns
14058,-0.04925495935546713,0.189,HL,ns
14059,-0.001245650721132204,0.425,LH,ns
14060,0.0029043011054675507,0.475,LL,ns
14061,0.8241391407417079,0.053,LL,ns
14062,0.23880425857586773,0.209,LL,ns
14063,1.273468871778005,0.017,HH,HH
14064,0.11369312124018327,0.155,HH,ns
14065,0.22030015631984362,0.191,LL,ns
14066,0.5800593170843507,0.081,HH,ns
14067,0.24094894228280367,0.279,HH,ns
14068,0.24071332681513513,0.175,LL,ns
14069,0.05128566743782985,0.426,LL,ns
14070,1.2669432444334374,0.01,HH,HH
14071,0.17951268295613065,0.397,LL,ns
14072,0.0928026626893215,0.037,HH,HH
14073,0.20541138821093283,0.049,HH,HH
14074,0.16872170305139658,0.154,HH,ns
14075,-0.13009500731629692,0.215,LH,ns
14076,0.6813225016421874,0.041,LL,LL
14077,0.004655984608533966,0.18,HH,ns
14078,0.08257661437100604,0.185,HH,ns
14079,0.1267775112901747,0.219,HH,ns
14080,0.05583280649092893,0.395,LL,ns
14081,-0.03151870134544518,0.282,LH,ns
14082,0.023982261932900904,0.446,HH,ns
14083,0.6431948129429459,0.061,HH,ns
14084,-0.00953070415791723,0.166,HL,ns
14085,6.493233655199516e-05,0.318,LL,ns
14086,0.11104398774787552,0.22,LL,ns
14087,0.20356112428429984,0.247,LL,ns
14088,0.19814482723141763,0.133,LL,ns
14089,-0.0047237121865906775,0.48,LH,ns
14090,0.5239696162735858,0.042,LL,LL
14091,0.00644149886461161,0.447,HH,ns
14092,0.0017658540090105693,0.229,HH,ns
14093,0.07442563288648571,0.325,HH,ns
14094,-0.0533760699802025,0.378,HL,ns
14095,0.11447483649632105,0.058,HH,ns
14096,0.07705550525190438,0.112,HH,ns
14097,1.6284611883050082,0.015,HH,HH
14098,2.027447862510017,0.004,HH,HH
14099,0.5786561758328269,0.044,LL,LL
14100,0.2631170542635087,0.137,LL,ns
14101,0.324117313664666,0.053,HH,ns
14102,0.36603514864121345,0.039,LL,LL
14103,0.0006569269521963486,0.458,HH,ns
14104,0.41569711783564056,0.06,LL,ns
14105,0.17544006977855445,0.096,HH,ns
14106,0.7401593932407708,0.066,LL,ns
14107,-0.058695824978889,0.209,LH,ns
14108,-0.061019103949451245,0.283,HL,ns
14109,1.013533486217636,0.004,HH,HH
14110,0.4780906909122658,0.075,LL,ns
14111,-0.017272572694281278,0.362,LH,ns
14112,0.0445134001731369,0.286,LL,ns
14113,0.13747436021292478,0.212,LL,ns
14114,0.2082163556863262,0.125,HH,ns
14115,0.5814592008710127,0.022,LL,LL
14116,-0.04841481807715204,0.282,HL,ns
14117,-0.028753986465567868,0.433,LH,ns
14118,-0.005629724934595115,0.467,HL,ns
14119,0.20405433724139857,0.223,HH,ns
14120,0.357319142606475,0.248,HH,ns
14121,0.019893028290684865,0.465,HH,ns
14122,0.1737307048381694,0.31,LL,ns
14123,0.2884338039790826,0.034,HH,HH
14124,-0.03477307154148336,0.358,LH,ns
14125,0.1525823883865281,0.217,HH,ns
15001,0.4883220599672434,0.039,HH,HH
15002,2.4550865846802385,0.001,HH,HH
15003,0.17476212321055115,0.065,HH,ns
15004,0.00280735979258449,0.395,LL,ns
15005,0.5177040417470161,0.186,HH,ns
15006,0.6292522038240681,0.073,HH,ns
15007,-0.14173616578131915,0.238,LH,ns
15008,0.006084342207559891,0.477,LL,ns
15009,0.4463740522719684,0.025,HH,HH
15010,2.8159112360667398,0.002,HH,HH
15011,1.5495580092989454,0.001,HH,HH
15012,0.5884599660962104,0.082,HH,ns
15013,1.5618857914212654,0.002,HH,HH
15014,1.4129906386373778,0.023,HH,HH
15015,0.3611624340243017,0.097,HH,ns
15016,0.9510034463057814,0.005,HH,HH
15017,-0.16560603327276607,0.041,LH,LH
15018,0.6547592599539974,0.004,HH,HH
15019,0.34214839093594157,0.003,HH,HH
15020,1.7107924475934309,0.001,HH,HH
15021,-0.00547988361151087,0.47,LH,ns
15022,0.1776273083261658,0.042,HH,HH
15023,2.4945140009963365,0.001,HH,HH
15024,2.2475546743181325,0.001,HH,HH
15025,1.4075392771844828,0.002,HH,HH
15026,0.08797499475215695,0.053,HH,ns
15027,-0.08419152867330326,0.001,LH,LH
15028,0.6736016868104217,0.005,HH,HH
15029,2.2635195287423313,0.001,HH,HH
15030,0.5544827350539984,0.109,HH,ns
15031,2.841109283323047,0.001,HH,HH
15032,0.23657015071111467,0.287,LL,ns
15033,3.598296895085667,0.001,HH,HH
15034,-0.1583409891478448,0.083,LH,ns
15035,3.2342651447791373,0.001,HH,HH
15036,0.9912685691821655,0.001,HH,HH
15037,3.3427796794679736,0.001,HH,HH
15038,-0.1622135286157317,0.033,LH,LH
15039,1.4833331401364096,0.001,HH,HH
15040,0.0039021656750794537,0.423,HH,ns
15041,0.6313803462007759,0.073,LL,ns
15042,1.038496395590143,0.033,HH,HH
15043,0.6023982580871647,0.069,HH,ns
15044,0.2897630136657289,0.014,HH,HH
15045,0.9330411664314168,0.01,HH,HH
15046,0.20026042043331826,0.009,HH,HH
15047,-0.06429736939581986,0.013,LH,LH
15048,1.3887496967266404,0.006,HH,HH
15049,0.06093912052577675,0.26,HH,ns
15050,0.12882381878464955,0.067,HH,ns
15051,2.4317587583458735,0.001,HH,HH
15052,-0.014728471309466975,0.464,HL,ns
15053,0.538597089312541,0.024,HH,HH
15054,2.2991506596593703,0.001,HH,HH
15055,0.5800104314471994,0.001,HH,HH
15056,0.05638990406170822,0.387,HH,ns
15057,3.169198344966356,0.001,HH,HH
15058,2.5449903985304028,0.001,HH,HH
15059,1.6661913709208143,0.001,HH,HH
15060,0.3618048969988577,0.164,HH,ns
15061,0.8437183138564477,0.051,HH,ns
15062,1.9489329265469861,0.001,HH,HH
15063,-0.020492391394893252,0.059,LH,ns
15064,0.5042609030850211,0.021,HH,HH
15065,0.3138549120270918,0.053,HH,ns
15066,0.6953690264894602,0.074,LL,ns
15067,0.5923749415347067,0.013,HH,HH
15068,0.4693604863030948,0.074,HH,ns
15069,-0.6728276115533207,0.039,LH,LH
15070,3.34444251022522,0.001,HH,HH
15071,0.7055348909451953,0.074,HH,ns
15072,0.1682363109241577,0.146,HH,ns
15073,0.3280373036928504,0.05,HH,ns
15074,0.5873156101901078,0.032,HH,HH
15075,1.3970722849272925,0.022,HH,HH
15076,2.301726293989834,0.001,HH,HH
15077,0.18237468345708288,0.334,LL,ns
15078,0.7035603673715909,0.044,LL,LL
15079,1.7700365461792387,0.001,HH,HH
15080,-0.006696146429384094,0.482,LH,ns
15081,2.570405054701806,0.001,HH,HH
15082,-0.10555106118804045,0.284,HL,ns
15083,0.46634870908465154,0.058,HH,ns
15084,1.6432210986586955,0.001,HH,HH
15085,1.313338764321228,0.018,HH,HH
15086,-0.0027664215789863,0.493,LH,ns
15087,0.45265228648130745,0.014,HH,HH
15088,0.14981635714504632,0.362,HH,ns
15089,0.4309464601025172,0.102,HH,ns
15090,0.544568932860795,0.038,HH,HH
15091,2.370414422638236,0.001,HH,HH
15092,1.837662206715052,0.001,HH,HH
15093,0.20418021825689037,0.005,HH,HH
15094,0.20198246588815114,0.245,HH,ns
15095,2.3568576313995537,0.001,HH,HH
15096,2.378508568724921,0.001,HH,HH
15097,0.00432504808113399,0.315,LL,ns
15098,0.10103034113411974,0.025,HH,HH
15099,1.5160884543935023,0.001,HH,HH
15100,1.9954817761502266,0.007,HH,HH
15101,0.8760925938306163,0.004,HH,HH
15102,0.03563201241990654,0.031,HH,HH
15103,0.5653042838728508,0.004,HH,HH
15104,5.28116667748678,0.001,HH,HH
15105,0.058798567723358605,0.327,LL,ns
15106,2.44313510709244,0.001,HH,HH
15107,0.005681935353679694,0.484,HH,ns
15108,1.4552700529591052,0.007,HH,HH
15109,2.947353575962966,0.001,HH,HH
15110,-0.04294335240471686,0.127,HL,ns
15111,0.04306001606470922,0.456,LL,ns
15112,0.16247729072889555,0.097,HH,ns
15113,0.02524125661604844,0.276,HH,ns
15114,-0.001092344334322275,0.493,HL,ns
15115,0.5651235646743415,0.001,HH,HH
15116,0.06840879215453359,0.224,LL,ns
15117,0.010201577109808527,0.384,LL,ns
15118,0.3867843295131853,0.098,HH,ns
15119,-0.00017844424701027913,0.479,LH,ns
15120,2.184585302243039,0.001,HH,HH
15121,3.519767564259005,0.001,HH,HH
15122,3.4956948506595324,0.001,HH,HH
15123,0.15877574805521535,0.041,LL,LL
15124,0.028854370737342493,0.153,HH,ns
15125,1.179711133005357,0.001,HH,HH
16001,0.12815266192069782,0.027,HH,HH
16002,0.5428680528168411,0.11,LL,ns
16003,0.5955290883615599,0.024,HH,HH
16004,-0.08726285774644872,0.138,LH,ns
16005,0.03804990612986733,0.387,HH,ns
16006,0.09781017945294188,0.371,HH,ns
16007,-0.11183255459169202,0.192,LH,ns
16008,0.3866275938588136,0.275,LL,ns
16009,0.21823116462387562,0.197,HH,ns
16010,-0.17843144631829508,0.115,HL,ns
16011,-0.2864848142567548,0.014,LH,LH
16012,-0.020735193918932214,0.356,HL,ns
16013,0.20045880641997454,0.224,LL,ns
16014,0.9807231157876302,0.028,LL,LL
16015,0.7629592611342001,0.025,LL,LL
16016,0.6713611345174,0.027,HH,HH
16017,0.25794527253843186,0.059,HH,ns
16018,-0.09172270241530821,0.058,LH,ns
16019,0.005057066500384817,0.451,LL,ns
16020,0.3891835502211786,0.084,HH,ns
16021,0.12238309055543771,0.057,HH,ns
16022,0.26839766822298533,0.09,HH,ns
16023,0.21250864788094334,0.236,HH,ns
16024,0.0557493697344178,0.024,HH,HH
16025,0.20208854568479218,0.09,HH,ns
16026,1.419463587088483,0.043,LL,LL
16027,-0.034992973035483044,0.338,LH,ns
16028,-0.2271170511043511,0.265,LH,ns
16029,0.10352153863751574,0.316,LL,ns
16030,0.3155050544118627,0.112,HH,ns
16031,-0.04724708869692486,0.347,LH,ns
16032,0.0039414258745506785,0.001,HH,HH
16033,0.2287508331506225,0.049,HH,HH
16034,0.0019400921920898631,0.47,HH,ns
16035,0.02209587595859293,0.326,HH,ns
16036,0.013925026564493629,0.336,HH,ns
16037,-0.18981870127237735,0.161,LH,ns
16038,0.0708332751228051,0.066,LL,ns
16039,0.143002077212711,0.007,HH,HH
16040,0.12019257624390686,0.345,HH,ns
16041,0.15261434999998566,0.274,HH,ns
16042,0.14725085079160966,0.027,HH,HH
16043,0.14885359432995224,0.19,HH,ns
16044,0.04426333833570986,0.105,HH,ns
16045,0.08316247818875556,0.277,HH,ns
16046,0.29117599592210025,0.105,LL,ns
16047,0.015397830891102023,0.475,LL,ns
16048,0.4382576149597919,0.044,HH,HH
16049,-0.0032206778103091287,0.471,LH,ns
16050,0.323044819520696,0.123,HH,ns
16051,-0.03315289593265559,0.458,HL,ns
16052,-0.7129131263116181,0.207,HL,ns
16053,0.6961410299422081,0.102,HH,ns
16054,-0.05139807321843093,0.39,LH,ns
16055,0.49383910257559843,0.154,HH,ns
16056,0.7355483586732637,0.008,HH,HH
16057,0.06312745295442741,0.378,LL,ns
16058,0.47182238473124577,0.114,HH,ns
16059,-0.7932176743484513,0.022,LH,LH
16060,-0.1193862558165947,0.078,LH,ns
16061,0.09805684154179908,0.339,HH,ns
16062,0.059642701231669586,0.134,HH,ns
16063,0.23378828540518592,0.166,HH,ns
16064,0.4640259399075164,0.045,HH,HH
16065,0.4597443501018264,0.061,HH,ns
16066,1.22194169230853,0.011,HH,HH
16067,-0.027839459906552635,0.288,LH,ns
16068,-0.00391823252512053,0.457,LH,ns
16069,0.4879879103818905,0.222,HH,ns
16070,0.16000536766658494,0.263,HH,ns
16071,0.17089476737610168,0.241,HH,ns
16072,-0.060374993786106196,0.307,LH,ns
16073,1.0602203089918296,0.019,HH,HH
16074,0.03605962230418641,0.108,HH,ns
16075,0.08915925777560912,0.286,HH,ns
16076,0.16127595591394395,0.313,HH,ns
16077,0.18654592900608344,0.231,LL,ns
16078,0.3202624382443839,0.041,HH,HH
16079,1.2873100889536693,0.006,HH,HH
16080,0.10175976925362412,0.181,HH,ns
16081,0.8655546210928641,0.109,LL,ns
16082,0.20157567821804317,0.119,HH,ns
16083,-0.1791081242224737,0.04,LH,LH
16084,0.1347398675544609,0.161,HH,ns
16085,-0.007751200997669854,0.295,LH,ns
16086,0.7066669799760302,0.01,HH,HH
16087,0.6823459683006761,0.035,HH,HH
16088,0.6018429151453417,0.029,HH,HH
16089,0.1436024133250929,0.182,LL,ns
16090,1.143405980878624,0.001,HH,HH
16091,0.05376942939499804,0.228,HH,ns
16092,0.27125765678892494,0.1,LL,ns
16093,0.2558915721410111,0.154,HH,ns
16094,-0.29786617842518653,0.189,LH,ns
16095,-0.03919816453772807,0.364,HL,ns
16096,0.06270215780983605,0.433,LL,ns
16097,0.01216302947804833,0.445,LL,ns
16098,0.0508467926851054,0.345,HH,ns
16099,0.4041048626677605,0.055,LL,ns
16100,0.8960178207032913,0.011,HH,HH
16101,-0.13353289191012468,0.294,LH,ns
16102,0.760339647863381,0.076,HH,ns
16103,-0.08252604610870355,0.142,LH,ns
16104,0.18053933898267024,0.222,HH,ns
16105,0.6984423992387937,0.176,HH,ns
16106,0.7255696516148958,0.035,HH,HH
16107,0.3994226030077586,0.23,HH,ns
16108,0.5501105272696475,0.218,HH,ns
16109,-0.010420428410373524,0.381,LH,ns
16110,0.30659208994534115,0.08,HH,ns
16111,0.9949098434546378,0.001,HH,HH
16112,-0.28844261629916607,0.076,HL,ns
16113,0.07711041580537539,0.048,HH,HH
17001,-0.010158877138505268,0.481,HL,ns
17002,0.48341491274971576,0.032,HH,HH
17003,0.04190927832851359,0.42,HH,ns
17004,0.4967067292203902,0.046,HH,HH
17005,-0.06413891481793853,0.42,LH,ns
17006,1.0576545813612441,0.032,HH,HH
17007,0.8432890174680471,0.035,HH,HH
17008,1.071937255440064,0.002,HH,HH
17009,0.7092618173678481,0.002,HH,HH
17010,0.00971206475661648,0.146,HH,ns
17011,1.4362269638092107,0.032,HH,HH
17012,0.2659638107627283,0.13,HH,ns
17013,0.24602489082720536,0.146,HH,ns
17014,0.05786593878622387,0.405,LL,ns
17015,0.003648521997890749,0.397,HH,ns
17016,0.006883860589022338,0.316,HH,ns
17017,0.12738328220030945,0.292,HH,ns
17018,0.50858909858569,0.065,HH,ns
17019,0.1626999471882877,0.258,HH,ns
17020,0.5163718201868891,0.068,HH,ns
17021,0.2313757219486931,0.251,LL,ns
17022,0.00722223434754024,0.451,LL,ns
17023,0.00010069704830745443,0.238,HH,ns
17024,0.37515162118288864,0.017,HH,HH
17025,0.022437863529265484,0.182,HH,ns
17026,0.012811268764407073,0.288,HH,ns
17027,-0.05454373888495367,0.229,LH,ns
17028,0.658546580783573,0.103,HH,ns
17029,0.4495739184019124,0.005,HH,HH
17030,0.8208681761731194,0.048,HH,HH
17031,0.3340838141174013,0.184,HH,ns
17032,0.02192006185619727,0.417,HH,ns
17033,0.1809058752649,0.069,HH,ns
17034,-0.09509709078544812,0.121,LH,ns
17035,0.4157514103602397,0.077,HH,ns
17036,0.0008311187116853716,0.489,LL,ns
18001,-0.24881616538742493,0.218,HL,ns
18002,-0.0028849678096039004,0.488,HL,ns
18003,-0.015526671943341069,0.395,LH,ns
18004,-0.13457917505205452,0.244,LH,ns
18005,-0.08094078684376105,0.434,LH,ns
18006,-0.03411639344871795,0.443,HL,ns
18007,-0.015608328795363358,0.402,LH,ns
18008,0.1866175670007595,0.253,HH,ns
18009,0.06819726020010289,0.384,LL,ns
18010,0.002679377145199165,0.48,LL,ns
18011,-0.11872670283926197,0.273,HL,ns
18012,0.16224795937967143,0.294,LL,ns
18013,-0.0120128277339901,0.427,LH,ns
18014,0.031014539161065544,0.358,HH,ns
18015,0.10888085978562206,0.343,LL,ns
18016,0.02782624665262621,0.286,HH,ns
18017,0.08176202058815087,0.456,HH,ns
18018,0.00839615425947011,0.463,LL,ns
18019,0.21880547934900643,0.231,LL,ns
18020,0.07999875646669219,0.438,HH,ns
19001,0.8227850048116384,0.001,HH,HH
19002,0.3143036428280115,0.031,LL,LL
19003,4.837252347680379,0.003,LL,LL
19004,-0.08342509275160577,0.251,LH,ns
19005,-0.31617306227812725,0.002,HL,HL
19006,4.603739105373427,0.001,HH,HH
19007,0.7268561966028972,0.032,LL,LL
19008,0.35002036711849316,0.107,LL,ns
19009,0.3156747094495073,0.182,HH,ns
19010,1.4641049410860307,0.006,HH,HH
19011,0.3733831431142158,0.044,LL,LL
19012,0.0713346398937655,0.433,HH,ns
19013,0.48839102880663365,0.017,LL,LL
19014,-0.06608395393449921,0.104,HL,ns
19015,2.1980082627063022,0.013,LL,LL
19016,0.009634375324747741,0.399,HH,ns
19017,0.09127261860426596,0.187,LL,ns
19018,1.1661362373755555,0.017,HH,HH
19019,2.6131125798924657,0.008,HH,HH
19020,0.02430132416656313,0.432,LL,ns
19021,2.634779082225836,0.001,HH,HH
19022,0.03116868615071154,0.414,HH,ns
19023,2.1702067649748984,0.002,LL,LL
19024,0.5562927146309535,0.14,LL,ns
19025,0.7544465248590234,0.043,HH,HH
19026,3.967934635835071,0.001,HH,HH
19027,1.4973189097145345,0.002,LL,LL
19028,-0.8476985191817484,0.136,LH,ns
19029,0.1383713728832956,0.186,HH,ns
19030,0.6171479930049161,0.043,LL,LL
19031,1.4416050538859033,0.001,HH,HH
19032,0.3431138422413714,0.002,LL,LL
19033,-0.5746535961612557,0.035,HL,HL
19034,0.0038965794231366753,0.491,HH,ns
19035,3.088247290159028,0.003,LL,LL
19036,0.4689923230159208,0.141,LL,ns
19037,-0.09707526638381832,0.235,LH,ns
19038,0.01108659976918725,0.469,HH,ns
19039,3.2461187475044744,0.001,HH,HH
19040,1.557577343697011,0.031,LL,LL
19041,0.6720420550642546,0.062,HH,ns
19042,-0.016188405349145448,0.448,LH,ns
19043,-0.0562268006579228,0.468,LH,ns
19044,-0.15898920687266005,0.191,HL,ns
19045,0.24787389029426493,0.157,HH,ns
19046,5.364767995865908,0.001,HH,HH
19047,0.6407908097190507,0.002,HH,HH
19048,1.0850275093270483,0.002,HH,HH
19049,-0.07825146491585194,0.209,LH,ns
19050,0.8645258055623302,0.141,LL,ns
19051,-0.00023821808887563903,0.474,HL,ns
20001,1.6494421257855614,0.006,LL,LL
20002,0.35868830559936465,0.201,HH,ns
20003,1.1781730736938678,0.007,LL,LL
20004,1.1539543988675942,0.03,LL,LL
20005,1.7946008353047849,0.001,HH,HH
20006,-0.8087422664519363,0.021,HL,HL
20007,-0.13322360459246413,0.386,LH,ns
20008,0.3017043153151604,0.228,LL,ns
20009,0.18050374749222511,0.042,LL,LL
20010,1.3113971501186577,0.014,HH,HH
20011,2.8748796993132073,0.01,LL,LL
20012,0.01194890914271765,0.306,LL,ns
20013,0.32016056976944246,0.129,HH,ns
20014,2.4444473742202995,0.012,HH,HH
20015,0.005564415679904758,0.388,LL,ns
20016,0.22927066720560949,0.149,LL,ns
20017,0.49619191015576486,0.039,LL,LL
20018,0.6366224049972288,0.054,LL,ns
20019,0.8228255529892172,0.007,LL,LL
20020,0.6062162675039897,0.193,LL,ns
20021,0.7136299374410379,0.04,HH,HH
20022,0.2677566505510448,0.188,LL,ns
20023,-0.054412833183549614,0.422,HL,ns
20024,0.20436188011271353,0.093,LL,ns
20025,0.08718571786256833,0.374,HH,ns
20026,0.4957190372118055,0.001,LL,LL
20027,-0.04891867199008654,0.054,HL,ns
20028,-0.09534523689018592,0.01,HL,HL
20029,0.0943631735951626,0.322,LL,ns
20030,3.334358806384286,0.001,HH,HH
20031,0.45248533131673263,0.048,LL,LL
20032,0.7814857022441467,0.158,LL,ns
20033,0.5182684908870777,0.057,HH,ns
20034,0.6748192255842013,0.05,LL,ns
20035,0.8999735032443977,0.055,LL,ns
20036,-0.0012847667112369048,0.462,HL,ns
20037,0.4535726224040984,0.162,LL,ns
20038,0.021565902003235486,0.041,LL,LL
20039,-0.06695223512258004,0.438,HL,ns
20040,0.014393482479718113,0.347,LL,ns
20041,-0.16437674107041347,0.219,HL,ns
20042,0.4576597878019835,0.001,LL,LL
20043,2.9226549458859328,0.001,HH,HH
20044,0.8999589411341908,0.173,HH,ns
20045,0.4930273809247729,0.171,HH,ns
20046,0.7942642481487784,0.017,LL,LL
20047,1.8435337570029522,0.006,LL,LL
20048,8.256879338988451,0.002,LL,LL
20049,0.35967486837323875,0.204,LL,ns
20050,1.3983814725213453,0.001,LL,LL
20051,0.3090698700291524,0.147,HH,ns
20052,0.05987349929111934,0.068,LL,ns
20053,0.7286343756082232,0.009,HH,HH
20054,0.6006809896740537,0.105,LL,ns
20055,0.7042764983731895,0.001,LL,LL
20056,0.0014205182205037508,0.492,LL,ns
20057,0.7401816389265106,0.092,HH,ns
20058,0.05215726789296816,0.364,LL,ns
20059,-0.1236814363947105,0.007,HL,HL
20060,0.4416455514452223,0.192,LL,ns
20061,0.04870164331245979,0.466,LL,ns
20062,1.2302848501508203,0.107,LL,ns
20063,0.046647541165227596,0.264,HH,ns
20064,0.6691940482288834,0.109,LL,ns
20065,1.4120060008544133,0.022,LL,LL
20066,1.0301222566052,0.002,HH,HH
20067,2.7292196779501117,0.001,HH,HH
20068,-0.09820389635488656,0.309,HL,ns
20069,0.804646578655595,0.126,LL,ns
20070,0.007905411015086893,0.493,HH,ns
20071,0.21933336373208182,0.049,LL,LL
20072,0.08827795329326525,0.164,LL,ns
20073,0.1851179003070439,0.019,LL,LL
20074,1.3776564639187014,0.008,LL,LL
20075,0.19555714397558654,0.072,HH,ns
20076,0.5254880276532008,0.085,LL,ns
20077,0.2079900180153477,0.07,HH,ns
20078,0.2832331906545043,0.004,HH,HH
20079,2.2905126412334575,0.041,HH,HH
20080,0.34869158417734303,0.071,LL,ns
20081,0.8747624863819509,0.095,LL,ns
20082,0.28704773733105604,0.213,LL,ns
20083,0.15187598556566376,0.131,HH,ns
20084,0.01771571315718519,0.335,HH,ns
20085,0.23355568518854733,0.096,LL,ns
20086,1.6376219510024261,0.014,LL,LL
20087,2.2130017629023198,0.001,HH,HH
20088,0.8352515565495743,0.048,LL,LL
20089,0.1298209828261822,0.264,LL,ns
20090,-0.020625572358762917,0.439,LH,ns
20091,0.65735848033104,0.002,HH,HH
20092,0.2065995862152827,0.265,LL,ns
20093,2.0513551459841888,0.034,LL,LL
20094,0.8073921186268705,0.082,LL,ns
20095,0.2110015030190484,0.104,LL,ns
20096,0.9862201266743923,0.049,LL,LL
20097,1.056241145369642,0.001,LL,LL
20098,0.22741551965130374,0.116,LL,ns
20099,2.462033080288302,0.019,LL,LL
20100,1.894901774443565,0.016,LL,LL
20101,0.17257460001591576,0.251,LL,ns
20102,0.0032377928023685485,0.428,HH,ns
20103,0.14432039439208375,0.292,HH,ns
20104,0.6605753088560478,0.023,LL,LL
20105,0.7158694730976279,0.059,LL,ns
20106,0.6931406304730743,0.164,LL,ns
20107,0.9716171801875912,0.001,HH,HH
20108,1.5445396648761613,0.001,LL,LL
20109,-0.43797914895223267,0.09,LH,ns
20110,1.9999789207336087,0.022,LL,LL
20111,0.03102065860862115,0.312,LL,ns
20112,0.05269136256694162,0.261,HH,ns
20113,0.4098673405903667,0.119,LL,ns
20114,1.381765330183992,0.034,LL,LL
20115,0.02349182799811823,0.478,HH,ns
20116,0.013057188515827843,0.404,LL,ns
20117,0.21138818442863458,0.252,LL,ns
20118,0.04180615956203208,0.197,HH,ns
20119,1.4845728342101725,0.003,LL,LL
20120,2.0153297945003197,0.024,LL,LL
20121,1.315520623609879,0.016,LL,LL
20122,0.6319131628137842,0.02,LL,LL
20123,0.5989233160185624,0.015,LL,LL
20124,4.010991208270193,0.001,HH,HH
20125,1.1750697335479545,0.001,LL,LL
20126,0.09941666611061831,0.032,LL,LL
20127,1.3001279228398719,0.046,LL,LL
20128,0.9617645881971494,0.081,LL,ns
20129,0.37821059078400654,0.076,LL,ns
20130,1.3668072349879927,0.001,HH,HH
20131,0.15941736117154404,0.231,HH,ns
20132,-0.03239593678889668,0.452,LH,ns
20133,1.527615267198999,0.002,LL,LL
20134,0.0210344973672282,0.453,HH,ns
20135,-0.25006079088877525,0.019,HL,HL
20136,0.0679265949507084,0.074,LL,ns
20137,2.007405408774795,0.006,LL,LL
20138,0.3464692320401502,0.094,LL,ns
20139,1.0174994461422224,0.038,LL,LL
20140,2.2525927266977575,0.001,LL,LL
20141,0.8706994454650252,0.011,HH,HH
20142,0.1052659299266067,0.083,LL,ns
20143,0.6849975316265682,0.049,HH,HH
20144,0.6767723099430176,0.014,LL,LL
20145,1.0117788691007887,0.024,HH,HH
20146,0.04447316073796662,0.378,LL,ns
20147,1.7073928666613243,0.003,LL,LL
20148,3.0746872343830787,0.017,LL,LL
20149,0.33305968149762283,0.143,LL,ns
20150,-0.2805937406110955,0.141,HL,ns
20151,1.1916269154139965,0.004,LL,LL
20152,1.3503618143220406,0.005,LL,LL
20153,0.001862307414356667,0.252,LL,ns
20154,0.3191191608250041,0.3,LL,ns
20155,0.44295058359238565,0.11,LL,ns
20156,1.0428756581192955,0.001,LL,LL
20157,2.2266467793122255,0.006,HH,HH
20158,2.1123778159386606,0.034,LL,LL
20159,0.42860257596332685,0.213,LL,ns
20160,0.029754909470051473,0.422,LL,ns
20161,0.5933135287079102,0.036,LL,LL
20162,-0.09213972573987521,0.345,LH,ns
20163,0.0036576694014419323,0.12,LL,ns
20164,0.6855209848324523,0.041,LL,LL
20165,0.2586692874567002,0.15,LL,ns
20166,0.07126908461173753,0.138,HH,ns
20167,0.37500057721467905,0.119,LL,ns
20168,0.17085022256645888,0.304,LL,ns
20169,-0.13064011163510905,0.3,LH,ns
20170,0.24498837825858294,0.016,LL,LL
20171,-0.010005402894496107,0.425,LH,ns
20172,3.5366535006179567,0.002,LL,LL
20173,0.944811350992597,0.011,LL,LL
20174,-0.10280342179360237,0.106,LH,ns
20175,1.5016924442742343,0.013,LL,LL
20176,0.21805433527483506,0.022,LL,LL
20177,-0.046086009931622963,0.001,HL,HL
20178,0.09253892156792078,0.338,HH,ns
20179,0.39925094722288723,0.188,LL,ns
20180,-0.004271349590490407,0.472,LH,ns
20181,1.3620909306886606,0.038,LL,LL
20182,0.30300221747049794,0.147,LL,ns
20183,1.093805889858331,0.001,LL,LL
20184,1.0428860479007096,0.021,HH,HH
20185,0.02179862891371371,0.393,LL,ns
20186,2.0459054194015693,0.024,LL,LL
20187,0.02609834792317451,0.467,LL,ns
20188,3.7327729233763114e-05,0.142,LL,ns
20189,1.9594125946676213,0.012,LL,LL
20190,-0.0451045064922096,0.171,HL,ns
20191,1.0076528845873298,0.043,LL,LL
20192,-0.11037961741228566,0.158,LH,ns
20193,-0.03289393725941512,0.375,LH,ns
20194,0.017142099747219242,0.449,HH,ns
20195,1.5002947987046094,0.02,LL,LL
20196,0.9177474263515375,0.051,LL,ns
20197,0.400767755371475,0.116,HH,ns
20198,0.8063392517007678,0.081,HH,ns
20199,2.8853244542534338,0.011,LL,LL
20200,0.660664611563934,0.009,LL,LL
20201,2.2291479832901104,0.001,LL,LL
20202,0.0035292054747641218,0.272,LL,ns
20203,0.07929910765960049,0.393,LL,ns
20204,1.0018745051822024,0.073,LL,ns
20205,0.8212376030538796,0.044,LL,LL
20206,-0.006898673968979428,0.434,HL,ns
20207,0.3707665838280437,0.094,LL,ns
20208,0.6312337916299964,0.013,LL,LL
20209,1.5059323473495059,0.009,LL,LL
20210,1.9544899502263193,0.004,LL,LL
20211,3.27358991314834,0.001,LL,LL
20212,2.086205072135669,0.043,LL,LL
20213,0.8812797564673392,0.054,LL,ns
20214,1.0489062760175263,0.001,LL,LL
20215,1.0048830295364997,0.009,LL,LL
20216,1.3168205687920478,0.053,LL,ns
20217,1.6724266466005324,0.005,LL,LL
20218,1.226547050816712,0.016,LL,LL
20219,0.1388884455622972,0.196,HH,ns
20220,1.9502203600583048,0.008,LL,LL
20221,2.0908026953882035,0.001,LL,LL
20222,1.3000247393159658,0.021,LL,LL
20223,1.7769393313693602,0.012,LL,LL
20224,0.6637472313042401,0.083,LL,ns
20225,0.05129067398398376,0.282,LL,ns
20226,-0.04673570561364053,0.279,LH,ns
20227,0.47305209892236527,0.139,HH,ns
20228,0.18487904732719118,0.174,LL,ns
20229,0.6967099736492979,0.105,LL,ns
20230,1.404321737353733,0.163,LL,ns
20231,1.5826206652518093,0.043,LL,LL
20232,0.13182687938019833,0.23,HH,ns
20233,-0.02566589524130619,0.121,LH,ns
20234,-0.009204094816713582,0.495,LH,ns
20235,0.02514197394676293,0.175,LL,ns
20236,1.7489158109079157,0.016,LL,LL
20237,0.3169223124941457,0.047,LL,LL
20238,0.35899581311852813,0.256,LL,ns
20239,3.896019146184273,0.001,LL,LL
20240,0.693420983114044,0.101,LL,ns
20241,0.09521207216943699,0.127,LL,ns
20242,0.39958122096034915,0.108,LL,ns
20243,0.09723354175924419,0.134,HH,ns
20244,-0.007976791187279111,0.329,HL,ns
20245,4.3983110422108815,0.02,LL,LL
20246,0.04186596331568644,0.23,LL,ns
20247,0.4200461681005581,0.002,LL,LL
20248,1.6616441110757942,0.001,HH,HH
20249,-0.04494266278484517,0.29,HL,ns
20250,0.8454164574896884,0.021,LL,LL
20251,1.241248807141828,0.005,LL,LL
20252,1.0959164216558341,0.001,LL,LL
20253,1.3669503916773906,0.026,LL,LL
20254,0.5637106165707776,0.018,LL,LL
20255,1.1511107789888964,0.007,LL,LL
20256,1.6147933558265937,0.006,LL,LL
20257,0.9255105512580576,0.011,LL,LL
20258,2.348636511776869,0.001,LL,LL
20259,1.8087098703065165,0.002,LL,LL
20260,0.7458272510943851,0.005,LL,LL
20261,0.7472200677199974,0.002,LL,LL
20262,0.3965264370255962,0.056,LL,ns
20263,0.17796104586587477,0.07,LL,ns
20264,0.6209678926723193,0.08,LL,ns
20265,-0.40651634815178606,0.012,LH,LH
20266,0.909255952461875,0.004,LL,LL
20267,0.8941914348402372,0.016,LL,LL
20268,0.7018407525662546,0.177,LL,ns
20269,1.0199296809263245,0.002,LL,LL
20270,0.07792846907545449,0.174,LL,ns
20271,0.7359300509890444,0.033,LL,LL
20272,0.17589771336443683,0.288,LL,ns
20273,2.399040378264066,0.001,LL,LL
20274,2.0250036814991454,0.009,LL,LL
20275,0.6844265739080383,0.004,LL,LL
20276,1.0603664567710263,0.04,LL,LL
20277,0.41510731249132105,0.004,LL,LL
20278,0.21756519090657064,0.062,HH,ns
20279,0.5855106693222201,0.012,LL,LL
20280,0.667517841351531,0.001,LL,LL
20281,1.3542221786933955,0.008,LL,LL
20282,-0.5909982136137835,0.213,LH,ns
20283,0.2297227189174387,0.019,LL,LL
20284,0.0917973379183296,0.265,HH,ns
20285,0.0016034740262743925,0.471,HH,ns
20286,0.9583453865391168,0.026,LL,LL
20287,0.6469009784889754,0.004,LL,LL
20288,4.618018743257207,0.007,LL,LL
20289,0.16729048200553792,0.282,LL,ns
20290,1.938966426089955,0.008,LL,LL
20291,0.4488921341093521,0.073,LL,ns
20292,2.8848298595010995,0.034,LL,LL
20293,0.8746975921802018,0.022,HH,HH
20294,0.06151680337263386,0.354,HH,ns
20295,-0.06764719093553043,0.441,HL,ns
20296,1.3902140184390286,0.006,LL,LL
20297,1.144771250273912,0.004,LL,LL
20298,0.09603931469772076,0.31,HH,ns
20299,-0.03812998995274813,0.109,HL,ns
20300,-0.06033353670687706,0.255,HL,ns
20301,0.09097910031365339,0.269,LL,ns
20302,0.02971756090420606,0.359,LL,ns
20303,-0.09784273308354757,0.104,HL,ns
20304,1.1958441701752325,0.123,LL,ns
20305,1.9932305815108173,0.001,HH,HH
20306,0.8092266571019455,0.081,LL,ns
20307,0.23633418542548257,0.057,LL,ns
20308,1.8447900919407771,0.001,HH,HH
20309,0.10895767592667754,0.258,HH,ns
20310,-0.24096727193766423,0.196,HL,ns
20311,0.36621240146799433,0.085,LL,ns
20312,0.0033386756999985866,0.459,HH,ns
20313,0.28206720350898934,0.15,LL,ns
20314,0.1556201818367453,0.197,LL,ns
20315,0.12497391884265624,0.172,LL,ns
20316,1.1588691318354165,0.042,LL,LL
20317,1.4680755608693805,0.028,LL,LL
20318,-0.025325311277629825,0.451,HL,ns
20319,2.1319475555810548,0.003,LL,LL
20320,2.0061003757736207,0.011,LL,LL
20321,1.1450544098061248,0.029,LL,LL
20322,0.1442344183857433,0.129,LL,ns
20323,1.7601375291862758,0.059,LL,ns
20324,-0.14166412077511523,0.27,HL,ns
20325,0.06469217720909425,0.081,LL,ns
20326,1.1611501308680754,0.01,LL,LL
20327,0.19926638498455915,0.049,HH,HH
20328,0.0475106848090543,0.298,LL,ns
20329,0.7465627839948733,0.011,LL,LL
20330,0.07073171225585162,0.152,LL,ns
20331,1.1194915415474422,0.008,LL,LL
20332,2.360462832561562,0.005,LL,LL
20333,0.027422189865337114,0.445,LL,ns
20334,-0.11495361147083472,0.185,HL,ns
20335,4.002604765680422,0.005,LL,LL
20336,1.023829438635047,0.048,LL,LL
20337,0.08992014439542137,0.196,LL,ns
20338,0.5856491908418624,0.034,HH,HH
20339,0.5273336203123141,0.001,LL,LL
20340,0.3967547467889004,0.052,LL,ns
20341,4.843974330149972,0.018,LL,LL
20342,0.2977525699669566,0.004,HH,HH
20343,0.06904814735725189,0.065,HH,ns
20344,0.22015525550884746,0.196,LL,ns
20345,0.01984748414200712,0.424,LL,ns
20346,0.04486759031183766,0.074,LL,ns
20347,0.4003147578360812,0.011,LL,LL
20348,0.37334411839637993,0.024,LL,LL
20349,-0.013799717502695916,0.236,LH,ns
20350,1.0678969532261053,0.036,HH,HH
20351,0.13957222961516608,0.316,LL,ns
20352,2.122923262866114,0.004,LL,LL
20353,0.01762161863388079,0.432,LL,ns
20354,0.41025663379151567,0.215,LL,ns
20355,0.3135687610253467,0.052,LL,ns
20356,0.480720504732278,0.07,HH,ns
20357,0.7214544255451248,0.058,LL,ns
20358,0.06723720955952855,0.403,LL,ns
20359,1.452828907600402,0.011,LL,LL
20360,-0.05428585817621263,0.172,LH,ns
20361,2.156748637246071,0.014,LL,LL
20362,0.11308994554473299,0.324,LL,ns
20363,-0.015787423400697883,0.192,HL,ns
20364,-0.1970073467114489,0.091,HL,ns
20365,-0.14119116722012368,0.388,LH,ns
20366,0.55223812454815,0.098,LL,ns
20367,0.09181650580942077,0.189,LL,ns
20368,0.019661777169938523,0.353,HH,ns
20369,-0.030209169997938996,0.36,LH,ns
20370,4.125900775388309,0.001,LL,LL
20371,1.3387939959081925,0.021,LL,LL
20372,2.5322185283678467,0.009,LL,LL
20373,0.5970486937385411,0.024,LL,LL
20374,0.11251655446770412,0.251,LL,ns
20375,0.7474770020790839,0.002,HH,HH
20376,3.0760552419306757,0.012,LL,LL
20377,0.9156486499583281,0.008,LL,LL
20378,0.13336520398743046,0.176,LL,ns
20379,1.4227537351951056,0.067,LL,ns
20380,0.09585514436949154,0.194,HH,ns
20381,0.5806053298298133,0.011,LL,LL
20382,1.3340003365832425,0.004,LL,LL
20383,5.788602725384983,0.001,LL,LL
20384,-0.04154892857780321,0.154,HL,ns
20385,1.1759629129187474,0.008,HH,HH
20386,2.128179536084365,0.009,LL,LL
20387,0.027039682899863,0.116,HH,ns
20388,2.869503743057212,0.005,LL,LL
20389,-0.008651262962327926,0.247,LH,ns
20390,1.7760638176841919,0.024,HH,HH
20391,0.36584757686796066,0.236,LL,ns
20392,1.744920649016142,0.005,LL,LL
20393,0.024559696547808874,0.423,LL,ns
20394,0.9707884018489618,0.01,LL,LL
20395,0.8607433960361814,0.053,LL,ns
20396,0.09431599841308304,0.341,HH,ns
20397,0.10577811382440236,0.001,LL,LL
20398,0.07968869118366438,0.072,LL,ns
20399,0.9246338401735523,0.003,HH,HH
20400,0.8065482804331269,0.027,LL,LL
20401,-0.07363388224721115,0.281,HL,ns
20402,0.22096933278004088,0.143,LL,ns
20403,0.20487145609365343,0.048,HH,HH
20404,0.6125599009185523,0.039,LL,LL
20405,-0.019108347422584375,0.056,HL,ns
20406,-0.0098985811737719,0.408,LH,ns
20407,-0.5208282089918048,0.029,LH,LH
20408,6.809045866768196,0.002,LL,LL
20409,1.6214229579783164,0.009,HH,HH
20410,0.5986782866451772,0.042,LL,LL
20411,0.04717236961287742,0.178,HH,ns
20412,0.006761311349412553,0.474,HH,ns
20413,-0.007793731343755477,0.44,HL,ns
20414,8.195330247389426e-05,0.481,LL,ns
20415,0.13063614407213897,0.262,LL,ns
20416,0.12901635466866956,0.301,LL,ns
20417,-0.09909820243919314,0.244,LH,ns
20418,0.06406659374626866,0.378,HH,ns
20419,0.5211839655896919,0.012,LL,LL
20420,0.9487536013096949,0.099,LL,ns
20421,0.43604986461670203,0.054,HH,ns
20422,1.1584442423238266,0.011,LL,LL
20423,5.8821741437849635,0.001,LL,LL
20424,2.3041173776887405,0.003,LL,LL
20425,1.990940827848212,0.013,LL,LL
20426,1.1906107501587389,0.029,LL,LL
20427,0.8238757354759888,0.072,HH,ns
20428,1.321129024046039,0.065,LL,ns
20429,0.5416811964486319,0.094,LL,ns
20430,1.5207109445995755,0.017,LL,LL
20431,0.016461780816314615,0.393,LL,ns
20432,1.3081155709246115,0.034,LL,LL
20433,-0.24657989339040123,0.306,LH,ns
20434,0.1684510893132628,0.359,LL,ns
20435,0.4322537720266546,0.123,LL,ns
20436,0.5539621718829709,0.051,LL,ns
20437,0.26472852498415744,0.024,LL,LL
20438,0.6730513354962888,0.073,LL,ns
20439,-0.04002087904401406,0.426,HL,ns
20440,0.19178411058205552,0.346,LL,ns
20441,4.497874304940141,0.001,HH,HH
20442,1.7409437243468275,0.003,LL,LL
20443,0.8526153879260102,0.063,LL,ns
20444,1.5653316662745205,0.012,LL,LL
20445,1.3152278237052097,0.012,LL,LL
20446,2.49392875600627,0.017,LL,LL
20447,0.17275463490826262,0.085,LL,ns
20448,2.2761427132081344,0.006,LL,LL
20449,0.1497034129846147,0.079,LL,ns
20450,1.454829099742525,0.007,LL,LL
20451,0.3249916039481838,0.068,LL,ns
20452,0.11548732331936991,0.296,HH,ns
20453,-0.1843894976451801,0.277,LH,ns
20454,1.129497540979374,0.036,LL,LL
20455,0.4506553581548044,0.163,LL,ns
20456,0.20260061238879024,0.147,LL,ns
20457,1.5453634706082324,0.009,LL,LL
20458,1.1359195445677945,0.055,LL,ns
20459,0.14733861016469793,0.067,LL,ns
20460,1.975024279050089,0.008,LL,LL
20461,1.1821693361739185,0.047,LL,LL
20462,0.31887646022412824,0.115,LL,ns
20463,1.471378810520798,0.047,LL,LL
20464,1.3197515408489353,0.007,LL,LL
20465,1.2031630069447947,0.027,LL,LL
20466,0.683599548292006,0.007,LL,LL
20467,0.0378007804188211,0.143,LL,ns
20468,0.2140375746839159,0.104,LL,ns
20469,0.2813246494826167,0.019,LL,LL
20470,0.1428864994863239,0.206,LL,ns
20471,1.921632308587343,0.013,LL,LL
20472,0.48818329424230833,0.045,HH,HH
20473,0.826418129317022,0.05,LL,ns
20474,0.028116888411789442,0.423,LL,ns
20475,0.21121194317410968,0.161,HH,ns
20476,0.9023038142042995,0.034,LL,LL
20477,0.9516916833221641,0.007,LL,LL
20478,0.5045224333730146,0.045,LL,LL
20479,3.361850077638775,0.002,LL,LL
20480,2.82046094937518,0.002,LL,LL
20481,3.631275060684649,0.002,LL,LL
20482,-0.1346333079713344,0.224,HL,ns
20483,-0.07099189833917595,0.375,HL,ns
20484,0.8431014505485649,0.002,LL,LL
20485,0.38713239367065716,0.256,LL,ns
20486,0.4031567008910865,0.003,LL,LL
20487,0.02687698344348844,0.431,LL,ns
20488,1.5976989168419897,0.032,LL,LL
20489,0.49232878595799745,0.045,LL,LL
20490,0.25247317861710045,0.324,LL,ns
20491,1.7138671836392845,0.027,LL,LL
20492,1.1446565513436753,0.003,LL,LL
20493,1.5044677305412562,0.018,LL,LL
20494,2.55821499820945,0.006,LL,LL
20495,2.537962301310447,0.002,LL,LL
20496,2.295374178657062,0.001,LL,LL
20497,-0.046190052627342174,0.403,HL,ns
20498,0.1443333294293159,0.343,LL,ns
20499,0.6478522194400803,0.001,LL,LL
20500,0.859552827231399,0.003,LL,LL
20501,2.3339187456848163,0.01,LL,LL
20502,0.8725992249898468,0.024,LL,LL
20503,0.9205134302901615,0.004,LL,LL
20504,0.007176865861686729,0.49,LL,ns
20505,1.1426523830673299,0.001,HH,HH
20506,-0.06348829161143839,0.406,LH,ns
20507,0.28204328654225097,0.197,LL,ns
20508,1.0387219221312123,0.001,HH,HH
20509,0.003365406710372999,0.486,LL,ns
20510,1.460903106795809,0.053,LL,ns
20511,1.1223188246832099,0.027,LL,LL
20512,1.7587052512765753,0.003,LL,LL
20513,0.011924370843735524,0.008,HH,HH
20514,2.78692847998327,0.011,LL,LL
20515,0.25542420151503886,0.333,HH,ns
20516,0.901450698494805,0.003,LL,LL
20517,0.009615068841388612,0.335,LL,ns
20518,2.630307890622039,0.006,LL,LL
20519,0.9265741836208029,0.001,HH,HH
20520,0.3376639168311562,0.033,LL,LL
20521,2.513243250433498,0.019,LL,LL
20522,0.05981706435642453,0.193,LL,ns
20523,0.8333557420341957,0.005,LL,LL
20524,0.1993211805024604,0.312,LL,ns
20525,0.23667389520702384,0.089,HH,ns
20526,0.012584579680931853,0.409,HH,ns
20527,1.2407979108182439,0.029,LL,LL
20528,0.9830977935927229,0.043,LL,LL
20529,1.9139466072362867,0.003,LL,LL
20530,0.17679035148860506,0.114,HH,ns
20531,-0.0711451088160551,0.353,HL,ns
20532,1.9500785260752653,0.003,LL,LL
20533,0.17209143668631596,0.209,LL,ns
20534,-0.07430005825872299,0.127,HL,ns
20535,0.8827303451095518,0.035,LL,LL
20536,4.066222096491833,0.002,LL,LL
20537,1.2669774851017106,0.006,LL,LL
20538,0.16321959583371667,0.384,LL,ns
20539,0.039217939860771565,0.143,HH,ns
20540,-0.47324552272884385,0.013,HL,HL
20541,1.580220725939253,0.003,LL,LL
20542,1.0646430460565437,0.052,LL,ns
20543,0.35581402691746034,0.044,LL,LL
20544,0.46437467980761116,0.108,LL,ns
20545,-0.25603851424839974,0.187,HL,ns
20546,0.4123303205192633,0.066,HH,ns
20547,0.18889139909543748,0.028,LL,LL
20548,0.08009212161626236,0.249,LL,ns
20549,0.2720242794538068,0.008,LL,LL
20550,0.9002012444644079,0.049,HH,HH
20551,0.43911565490381077,0.208,HH,ns
20552,1.2960561702097686,0.011,LL,LL
20553,0.9782960969859937,0.03,HH,HH
20554,1.0647091584478467,0.002,LL,LL
20555,0.04847709113455638,0.403,HH,ns
20556,1.7585492231893063,0.016,LL,LL
20557,3.051016478851708,0.001,HH,HH
20558,0.4504162694655285,0.171,LL,ns
20559,0.07345858973784615,0.104,LL,ns
20560,-0.14324468699540616,0.143,HL,ns
20561,-0.005812088824141622,0.482,HL,ns
20562,2.0070090951232067,0.001,LL,LL
20563,0.1902205676685373,0.227,LL,ns
20564,0.11322418780465576,0.02,LL,LL
20565,-0.2421600180615662,0.307,HL,ns
20566,1.5567275318393334,0.002,LL,LL
20567,1.6277788544590657,0.004,LL,LL
20568,0.010116589513153137,0.437,HH,ns
20569,1.6273271842483175,0.012,LL,LL
20570,-0.4764003725789452,0.046,HL,HL
21001,1.2686440108166834,0.003,HH,HH
21002,0.06723306062378649,0.109,HH,ns
21003,0.014170531552913198,0.081,LL,ns
21004,0.28173658553177117,0.043,HH,HH
21005,0.003580391270722322,0.467,HH,ns
21006,0.218856196913632,0.053,LL,ns
21007,0.031907048745471546,0.429,LL,ns
21008,0.0034753800879964176,0.315,HH,ns
21009,0.33093055689464707,0.22,LL,ns
21010,0.45326612292991153,0.098,HH,ns
21011,0.3842248896752184,0.103,LL,ns
21012,0.04490941758002009,0.463,LL,ns
21013,1.0816139776458369,0.022,HH,HH
21014,0.3485277084613318,0.019,LL,LL
21015,2.169757075098278,0.003,HH,HH
21016,-0.009977014382153265,0.456,LH,ns
21017,0.46163081816486917,0.181,HH,ns
21018,0.04677456530792147,0.45,LL,ns
21019,0.1846627205037429,0.361,HH,ns
21020,0.04042208844019753,0.296,HH,ns
21021,-0.4608368314329309,0.169,LH,ns
21022,0.007655531771349271,0.206,HH,ns
21023,0.055152843702354196,0.387,LL,ns
21024,0.9798176824469848,0.096,LL,ns
21025,0.07032352406096844,0.208,HH,ns
21026,0.3562165252732319,0.031,HH,HH
21027,0.24337597659814858,0.294,LL,ns
21028,0.4833343321081199,0.134,LL,ns
21029,0.045302389248677015,0.365,HH,ns
21030,0.44565916280695544,0.133,LL,ns
21031,-0.0004629328304054286,0.498,HL,ns
21032,0.7355143498970533,0.094,LL,ns
21033,0.0053126470349908386,0.484,HH,ns
21034,1.8031466397635358,0.001,HH,HH
21035,0.5102831442461749,0.102,HH,ns
21036,0.047901878807103566,0.319,LL,ns
21037,0.0899073092459946,0.346,LL,ns
21038,0.43510706159379137,0.135,HH,ns
21039,0.13949350826335982,0.288,LL,ns
21040,0.5389270627629322,0.001,HH,HH
21041,2.9716021848229714,0.001,HH,HH
21042,0.009248056500609897,0.471,LL,ns
21043,0.01849138205564118,0.468,HH,ns
21044,0.10606582687936826,0.096,HH,ns
21045,-0.08674841982418606,0.211,HL,ns
21046,0.23129180117043507,0.202,HH,ns
21047,0.04511594490657146,0.142,LL,ns
21048,0.74776538799588,0.001,HH,HH
21049,0.19074970462362428,0.295,LL,ns
21050,0.3267305271023543,0.099,LL,ns
21051,0.04580158623006358,0.443,HH,ns
21052,0.11218579624715766,0.346,HH,ns
21053,0.1801923577399641,0.201,HH,ns
21054,0.4405952910413498,0.043,HH,HH
21055,0.059531579977583994,0.167,LL,ns
21056,1.2550972728415586,0.053,LL,ns
21057,0.052039728975992745,0.398,LL,ns
21058,0.30110458972673193,0.057,LL,ns
21059,0.46137861434297056,0.06,LL,ns
21060,-0.0621040574309239,0.028,LH,LH
21061,0.03442328996100703,0.439,LL,ns
21062,0.16911133764527223,0.265,LL,ns
21063,0.006113459791788925,0.477,HH,ns
21064,0.05456676819098641,0.355,LL,ns
21065,-0.013503479372211254,0.287,LH,ns
21066,0.3837479336989691,0.057,LL,ns
21067,-0.004459903052726815,0.466,HL,ns
21068,0.5885675737940147,0.094,LL,ns
21069,0.012481805947549713,0.45,HH,ns
21070,0.07133210207110577,0.247,HH,ns
21071,0.06718753057864145,0.131,LL,ns
21072,-0.02407273154265788,0.467,HL,ns
21073,0.009198926945604945,0.5,LL,ns
21074,1.6462448265043537,0.002,HH,HH
21075,0.20085215635579784,0.069,HH,ns
21076,0.18285733558831074,0.119,HH,ns
21077,0.07508076152962075,0.144,LL,ns
21078,0.023701227757514615,0.252,LL,ns
21079,-0.03394344055982229,0.398,LH,ns
21080,0.060758091044858624,0.343,LL,ns
21081,0.45292284298517194,0.094,LL,ns
21082,0.009540884612875894,0.452,HH,ns
21083,-0.050385588279855724,0.24,LH,ns
21084,-0.09070727311151204,0.287,HL,ns
21085,-0.1724289017295633,0.301,HL,ns
21086,0.2472775469169,0.348,LL,ns
21087,0.25572743443075613,0.149,LL,ns
21088,-0.0551177736575796,0.298,LH,ns
21089,-0.014907584349732696,0.083,HL,ns
21090,1.1545724182818842,0.001,HH,HH
21091,0.1369419921278192,0.295,LL,ns
21092,0.08214808457094634,0.128,HH,ns
21093,-0.18085048399033365,0.405,LH,ns
21094,0.3016036358082109,0.12,HH,ns
21095,0.07904510212922629,0.286,HH,ns
21096,-0.13888189426287786,0.05,LH,ns
21097,0.07122210943245887,0.091,HH,ns
21098,-0.03280589219178847,0.34,LH,ns
21099,0.11449583114936346,0.134,HH,ns
21100,0.24051051369567836,0.273,LL,ns
21101,-0.03261757048080019,0.331,LH,ns
21102,0.10885526386976163,0.314,HH,ns
21103,-0.11272377830818331,0.122,LH,ns
21104,0.9268884318774145,0.004,HH,HH
21105,-0.0593993740497945,0.315,LH,ns
21106,0.5266354276528595,0.002,HH,HH
21107,-0.014584598602695766,0.373,HL,ns
21108,0.36477625065586616,0.037,HH,HH
21109,0.17310010324541752,0.107,LL,ns
21110,0.6874289022962434,0.019,HH,HH
21111,0.17631813173317393,0.126,LL,ns
21112,0.05593808282299534,0.106,LL,ns
21113,0.5047021464218165,0.029,LL,LL
21114,2.3991824583988586,0.001,HH,HH
21115,0.28409870248679797,0.146,HH,ns
21116,0.6071156976155082,0.106,LL,ns
21117,1.4317782559546526,0.027,HH,HH
21118,0.2558155090853492,0.047,HH,HH
21119,1.7374456721825857,0.003,HH,HH
21120,-0.249238963413857,0.018,LH,LH
21121,-0.1577657464405484,0.268,LH,ns
21122,0.2675018343804451,0.01,HH,HH
21123,0.8684733257304644,0.15,LL,ns
21124,0.46658623610423156,0.023,HH,HH
21125,0.5084515789885369,0.079,HH,ns
21126,0.004988108844919504,0.01,HH,HH
21127,0.3371259998438306,0.111,LL,ns
21128,0.8641552547928038,0.033,HH,HH
21129,0.45668929676907,0.111,HH,ns
21130,-0.05949211258517111,0.378,LH,ns
21131,0.10200464796839097,0.308,HH,ns
21132,1.7841003490786922,0.002,HH,HH
21133,0.5144983700904552,0.261,LL,ns
21134,1.1597230340787208,0.002,HH,HH
21135,0.37059033695177684,0.153,LL,ns
21136,1.0764815496720883,0.008,HH,HH
21137,-0.0375243520843694,0.391,LH,ns
21138,0.21650394909373843,0.044,HH,HH
21139,0.2117322838518856,0.111,LL,ns
21140,2.2653696853938174,0.001,HH,HH
21141,0.24876595239725377,0.096,LL,ns
21142,-0.014967720407504008,0.479,HL,ns
21143,1.1602198795754977,0.003,HH,HH
21144,0.4373713154352091,0.065,HH,ns
21145,0.038651553931860996,0.113,LL,ns
21146,0.0713103250991116,0.323,HH,ns
21147,0.005063330319424768,0.487,HH,ns
21148,0.4097785053032964,0.106,HH,ns
21149,0.6503688469877255,0.076,HH,ns
21150,0.011100912830923602,0.043,HH,HH
21151,-0.08166510702465592,0.033,LH,LH
21152,0.1270413219658764,0.076,HH,ns
21153,0.46441555168961723,0.212,HH,ns
21154,0.7613830311780446,0.03,HH,HH
21155,0.32089046562016765,0.282,LL,ns
21156,0.4563699536065866,0.123,HH,ns
21157,0.013741897561920681,0.178,LL,ns
21158,-0.06619067760469416,0.219,LH,ns
21159,0.01643689830692515,0.128,HH,ns
21160,-0.04712381748366534,0.437,LH,ns
21161,0.8602029026044994,0.025,HH,HH
21162,0.13497711878583646,0.105,LL,ns
21163,1.177926415035731,0.001,HH,HH
21164,0.7725164669215032,0.022,HH,HH
21165,-0.033836916574085885,0.401,LH,ns
21166,-0.031737861408281935,0.205,HL,ns
21167,0.15453211371689807,0.304,LL,ns
21168,-0.04621733106882141,0.306,LH,ns
21169,-0.08289312292017723,0.274,HL,ns
21170,0.3438471839850487,0.102,HH,ns
21171,-0.011511658330194822,0.38,LH,ns
21172,0.014613225626727004,0.346,LL,ns
21173,0.19595264843493299,0.038,HH,HH
21174,0.4954168581860469,0.19,HH,ns
21175,0.07278309208804085,0.103,HH,ns
21176,-0.0027106271402970845,0.45,LH,ns
21177,0.8470837903716046,0.046,HH,HH
21178,0.5329846059504929,0.037,LL,LL
21179,0.28375307064341676,0.051,LL,ns
21180,0.6204357121895747,0.001,HH,HH
21181,0.7262919220425322,0.001,HH,HH
21182,-0.020875445825932936,0.192,LH,ns
21183,0.18324515187778884,0.147,LL,ns
21184,0.3952468309034077,0.087,LL,ns
21185,-0.005141052058230691,0.489,LH,ns
21186,0.20176195755433912,0.05,HH,ns
21187,0.8858299443903433,0.109,LL,ns
21188,-0.031682959646946916,0.151,LH,ns
21189,0.15222012536047363,0.182,HH,ns
21190,0.40906356909215474,0.168,LL,ns
21191,0.3033726977686122,0.006,LL,LL
21192,-0.0024252849620850867,0.298,LH,ns
21193,0.20421064060299024,0.04,HH,HH
21194,-0.06785856622070995,0.291,HL,ns
21195,-3.905604486495759e-05,0.5,LH,ns
21196,0.27465978481922276,0.234,LL,ns
21197,0.013524640481929818,0.109,LL,ns
21198,0.7817442307991483,0.053,LL,ns
21199,0.1704626833146037,0.026,HH,HH
21200,-0.039982138899181154,0.321,LH,ns
21201,0.3067992554207698,0.118,LL,ns
21202,-0.0328640726207694,0.294,HL,ns
21203,0.15661767131752644,0.07,HH,ns
21204,0.017619365438695928,0.223,HH,ns
21205,0.9673196473777874,0.02,HH,HH
21206,-0.010408644617109062,0.319,LH,ns
21207,0.1110857577400154,0.168,HH,ns
21208,-0.004907469595809974,0.398,HL,ns
21209,-0.008832254706532039,0.409,LH,ns
21210,0.16416007485317463,0.277,LL,ns
21211,0.32382908950990275,0.225,HH,ns
21212,0.09688078343003548,0.301,HH,ns
21213,0.032373834329104796,0.382,LL,ns
21214,1.293450588696962,0.004,HH,HH
21215,0.09249236012372113,0.073,LL,ns
21216,-0.07178299860203499,0.326,LH,ns
21217,-0.009404050527083076,0.264,LH,ns
22001,0.1779095859735462,0.026,HH,HH
22002,0.4368587656682913,0.027,LL,LL
22003,1.0874016210420707,0.002,LL,LL
22004,0.02214091401261397,0.42,LL,ns
22005,0.5501638892489611,0.079,HH,ns
22006,0.5317872154677398,0.035,HH,HH
22007,0.0994417374543339,0.303,HH,ns
22008,0.425696748173724,0.001,HH,HH
22009,0.5363210390325596,0.013,LL,LL
22010,0.7534853176906244,0.042,LL,LL
22011,1.097435795859728,0.013,HH,HH
22012,1.272701266892285,0.01,HH,HH
22013,0.5766838693888326,0.025,LL,LL
22014,1.6622295114241832,0.003,HH,HH
22015,0.29518731470627374,0.116,LL,ns
22016,1.2028078221535081,0.098,HH,ns
22017,0.6429415302071776,0.006,HH,HH
22018,-0.03075146577131572,0.405,LH,ns
23001,0.337177290486637,0.054,HH,ns
23002,0.05904134232990606,0.355,HH,ns
23003,0.38834192216362756,0.034,HH,HH
23004,0.3261954595481782,0.171,LL,ns
23005,1.2098313810426242,0.103,HH,ns
23006,-0.07302308321114451,0.368,LH,ns
23007,0.6616406721437745,0.026,HH,HH
23008,1.1586477562777506,0.077,HH,ns
23009,0.9999922308460831,0.039,HH,HH
23010,0.30523774211361226,0.214,LL,ns
23011,1.3934946847437182,0.005,HH,HH
24001,0.13351606051897544,0.157,HH,ns
24002,-0.15547980512589413,0.329,LH,ns
24003,-0.0011432226929126016,0.469,LH,ns
24004,1.8804138814147846,0.015,LL,LL
24005,-0.02702282634036867,0.439,HL,ns
24006,0.04275527069296912,0.273,LL,ns
24007,0.3851273905620315,0.201,HH,ns
24008,-0.7747772541389218,0.005,HL,HL
24009,-0.22024435568060352,0.342,LH,ns
24010,0.018545786107530406,0.415,LL,ns
24011,-0.2881523894497934,0.041,HL,HL
24012,0.05933983200507732,0.302,LL,ns
24013,0.1499599606381091,0.371,HH,ns
24014,0.026413156003946676,0.389,LL,ns
24015,-0.14492753929991115,0.163,HL,ns
24016,2.077302519482468,0.005,HH,HH
24017,0.23098174627606335,0.151,LL,ns
24018,0.01772099871087156,0.304,LL,ns
24019,1.6230836079205264,0.011,LL,LL
24020,0.2592663153780985,0.347,HH,ns
24021,0.6071135276578206,0.069,HH,ns
24022,0.04276223829181485,0.326,HH,ns
24023,-0.05187689808530853,0.02,HL,HL
24024,-0.22423747193348856,0.033,HL,HL
24025,-0.031425322460743484,0.269,HL,ns
24026,0.11078704866496633,0.307,LL,ns
24027,0.42605812344382527,0.08,LL,ns
24028,1.5825346344232194,0.04,HH,HH
24029,-0.004063782066595614,0.478,LH,ns
24030,0.47826746228263367,0.377,LL,ns
24031,1.596588384641398,0.189,LL,ns
24032,0.1569617628837852,0.154,HH,ns
24033,0.25414726640372926,0.318,LL,ns
24034,0.1619190729225091,0.057,HH,ns
24035,0.9739941774446564,0.141,HH,ns
24036,-0.30948009970151635,0.055,HL,ns
24037,-0.14276746557599337,0.089,HL,ns
24038,0.005802936072999179,0.488,LL,ns
24039,0.040927923213862245,0.248,LL,ns
24040,1.1199594362172016,0.023,HH,HH
24041,-0.039539276301750255,0.217,LH,ns
24042,0.026810097278816537,0.384,LL,ns
24043,-0.09335283136956936,0.259,LH,ns
24044,-0.015218281764282512,0.279,HL,ns
24045,-0.010531313816683617,0.443,HL,ns
24046,0.1115342802690852,0.037,HH,HH
24047,-0.1700100721945962,0.295,LH,ns
24048,0.1395895937951501,0.258,HH,ns
24049,0.08278433600130011,0.248,LL,ns
24050,0.9363733817766539,0.099,HH,ns
24051,0.04071549457315837,0.176,LL,ns
24052,0.1481186512241423,0.083,LL,ns
24053,-0.03321172590618462,0.257,HL,ns
24054,0.1881160931898569,0.179,LL,ns
24055,0.09955341533316558,0.169,LL,ns
24056,-0.0041044119678421715,0.403,LH,ns
24057,0.03130864170565285,0.309,LL,ns
24058,5.4554991975814784e-05,0.498,LL,ns
24059,0.646503193180471,0.047,HH,HH
25001,0.5120449331662595,0.139,HH,ns
25002,-0.043436520457272774,0.418,LH,ns
25003,0.7594136348174784,0.087,LL,ns
25004,0.032500785632011406,0.355,LL,ns
25005,0.2680568246378939,0.214,LL,ns
25006,0.1049400833756107,0.345,HH,ns
25007,-0.01580788313749944,0.005,HL,HL
25008,0.14184879554719443,0.123,LL,ns
25009,0.03219761333828378,0.468,HH,ns
25010,0.287952783118367,0.281,HH,ns
25011,0.06634586962276098,0.271,HH,ns
25012,-0.4109908045372247,0.226,HL,ns
25013,0.0015763620235305885,0.483,LL,ns
25014,-0.04461118915588843,0.324,HL,ns
25015,-0.029010734547154395,0.444,HL,ns
25016,0.39141700021518944,0.127,LL,ns
25017,-0.0006644792125393415,0.143,LH,ns
25018,0.23792724222263464,0.268,HH,ns
25019,0.36401852394003653,0.151,HH,ns
25020,0.20346393393127504,0.163,HH,ns
26001,0.011001795147569375,0.065,LL,ns
26002,-0.43668706396050583,0.027,HL,HL
26003,0.23270366481715593,0.033,LL,LL
26004,0.8071419571239004,0.002,LL,LL
26005,0.8640565992415065,0.106,LL,ns
26006,0.20804986863988614,0.226,LL,ns
26007,6.829603300977465,0.001,LL,LL
26008,1.8790667059981667,0.002,LL,LL
26009,1.044825547843486,0.017,LL,LL
26010,2.8583671813565243,0.006,LL,LL
26011,0.08093934055711992,0.433,LL,ns
26012,0.02431530314125493,0.32,HH,ns
26013,0.249315779838376,0.167,LL,ns
26014,0.2505555918727189,0.093,LL,ns
26015,1.4785563605727285,0.102,LL,ns
26016,0.05727800061373462,0.365,HH,ns
26017,-0.14688418369061138,0.092,HL,ns
26018,-0.08082334424810983,0.048,HL,HL
26019,-0.2470827081049491,0.106,HL,ns
26020,-0.003096083562700418,0.46,LH,ns
26021,1.4323457929609213,0.005,LL,LL
26022,-0.5971017026589288,0.149,LH,ns
26023,0.10078354197808478,0.041,LL,LL
26024,1.4358347424445483,0.017,LL,LL
26025,1.1641956135129683,0.135,HH,ns
26026,0.040529010616733,0.366,LL,ns
26027,-0.002071166205121377,0.453,LH,ns
26028,1.831903904807795,0.008,LL,LL
26029,0.32823553591716753,0.259,HH,ns
26030,0.12740393370887573,0.302,HH,ns
26031,2.413766100854177,0.006,LL,LL
26032,1.3712701418959365,0.006,LL,LL
26033,0.0160013581931814,0.447,LL,ns
26034,0.41014102468894675,0.124,LL,ns
26035,-0.04395388381194569,0.359,HL,ns
26036,-0.7401673856955251,0.098,HL,ns
26037,0.6658482631463752,0.067,LL,ns
26038,0.4066050622568228,0.014,LL,LL
26039,0.03608388469819091,0.341,LL,ns
26040,1.5478320606309617,0.006,LL,LL
26041,-0.403962965258212,0.026,HL,HL
26042,-0.14994864896395202,0.125,HL,ns
26043,-1.1469915018074917,0.008,HL,HL
26044,1.1038893741666074,0.02,LL,LL
26045,-0.030446248148745726,0.207,HL,ns
26046,7.067661699909296,0.005,LL,LL
26047,0.015618933828994023,0.462,LL,ns
26048,0.44307100411193645,0.086,LL,ns
26049,0.5636445336159104,0.167,LL,ns
26050,0.10394397893324252,0.123,LL,ns
26051,0.6527455004614906,0.02,LL,LL
26052,0.591934560318506,0.003,LL,LL
26053,0.6733606163322926,0.227,LL,ns
26054,2.242892761444655,0.011,LL,LL
26055,0.7747282950610417,0.156,LL,ns
26056,-0.0002911456133440425,0.493,LH,ns
26057,1.054669233522555,0.006,LL,LL
26058,-0.9623170975627764,0.051,HL,ns
26059,-0.5678783733875461,0.222,LH,ns
26060,2.2098035273390484,0.023,LL,LL
26061,2.298179364858584,0.005,LL,LL
26062,1.1067257517292954,0.008,LL,LL
26063,0.9138055763119184,0.048,LL,LL
26064,0.3902362514337811,0.002,LL,LL
26065,2.563014301110986,0.05,LL,ns
26066,0.08724544910142301,0.109,LL,ns
26067,0.5679599495748477,0.246,LL,ns
26068,1.2512661619799155,0.017,LL,LL
26069,0.10238241758974731,0.002,LL,LL
26070,0.24443981457100908,0.38,LL,ns
26071,-0.040612964061451345,0.435,LH,ns
26072,-0.2602123809308309,0.187,LH,ns
27001,0.8543145649899239,0.054,HH,ns
27002,1.029725075370017,0.001,HH,HH
27003,0.588614340780534,0.001,HH,HH
27004,2.490269096456937,0.002,HH,HH
27005,2.130348655213919,0.003,HH,HH
27006,1.8360506406053452,0.001,HH,HH
27007,0.6453335889146962,0.067,HH,ns
27008,1.007197335507955,0.009,HH,HH
27009,1.601115871988822,0.001,HH,HH
27010,1.054242558163635,0.001,HH,HH
27011,0.2478971576176274,0.021,HH,HH
27012,1.4997169404442208,0.01,HH,HH
27013,1.0910349555406196,0.003,HH,HH
27014,1.771190306762224,0.02,HH,HH
27015,0.7761691411322449,0.031,HH,HH
27016,1.015125854734616,0.007,HH,HH
27017,0.6197577347433629,0.022,HH,HH
28001,0.44194575219648186,0.024,LL,LL
28002,-0.008883890388003244,0.418,LH,ns
28003,2.4955536591440497,0.002,HH,HH
28004,-0.25563244027585813,0.112,LH,ns
28005,0.7201849041272698,0.008,LL,LL
28006,0.5523435280457397,0.082,LL,ns
28007,0.06732674574026863,0.117,LL,ns
28008,0.16264041037848345,0.362,LL,ns
28009,2.801909213937501,0.001,HH,HH
28010,1.6339673314826157,0.003,LL,LL
28011,-0.060562155281214516,0.388,LH,ns
28012,0.3009096486147941,0.066,HH,ns
28013,0.24549218329486874,0.195,LL,ns
28014,0.7139948907234015,0.076,LL,ns
28015,0.21732890996735657,0.241,HH,ns
28016,0.08327222173384423,0.025,LL,LL
28017,0.10913373894833937,0.153,LL,ns
28018,1.033002700452994,0.002,LL,LL
28019,0.002199763053530759,0.474,HH,ns
28020,0.829099192270517,0.167,LL,ns
28021,0.39811180884548775,0.12,HH,ns
28022,1.2299841044992157,0.06,HH,ns
28023,-0.3583945738418414,0.238,LH,ns
28024,1.178574243037744,0.001,LL,LL
28025,1.1133678986485966,0.003,LL,LL
28026,0.4260331663666261,0.05,LL,ns
28027,-0.285024731163563,0.259,HL,ns
28028,-0.05727531386294867,0.423,LH,ns
28029,0.13645581934917198,0.194,LL,ns
28030,0.2204088277073136,0.041,LL,LL
28031,0.5509930628311996,0.102,LL,ns
28032,-0.015403928179608955,0.493,HL,ns
28033,0.8860966210000732,0.093,HH,ns
28034,0.8677654113116972,0.007,LL,LL
28035,0.06516292071175364,0.258,LL,ns
28036,3.990551127594976,0.036,LL,LL
28037,0.4644586325681941,0.121,LL,ns
28038,3.256541205733187,0.001,HH,HH
28039,0.2966749920027555,0.094,LL,ns
28040,2.017607227352112,0.016,HH,HH
28041,-0.8711758218933373,0.113,HL,ns
28042,0.5298443301480005,0.094,LL,ns
28043,0.10809814519478335,0.287,HH,ns
29001,2.206511736325292,0.002,HH,HH
29002,2.6644502095189257,0.001,HH,HH
29003,0.7384930490847585,0.074,HH,ns
29004,0.45238905408485436,0.138,HH,ns
29005,4.577693138545986,0.001,HH,HH
29006,0.9319350635034247,0.025,HH,HH
29007,0.7548547280314372,0.02,HH,HH
29008,0.797569895708738,0.026,HH,HH
29009,0.3935656295939031,0.006,HH,HH
29010,3.02992498088379,0.001,HH,HH
29011,0.8067516934454514,0.02,HH,HH
29012,0.7639620777609784,0.01,HH,HH
29013,1.6580542328219912,0.001,HH,HH
29014,1.0246729002322865,0.04,HH,HH
29015,1.3176021734947336,0.001,HH,HH
29016,1.0668791526305712,0.016,HH,HH
29017,0.7313361791574731,0.016,HH,HH
29018,3.1137958045169136,0.006,HH,HH
29019,1.1522587591445264,0.005,HH,HH
29020,0.49808937430762035,0.112,HH,ns
29021,0.8042367358763328,0.036,HH,HH
29022,0.5723758957464568,0.005,HH,HH
29023,1.1423428304295034,0.002,HH,HH
29024,0.666538948464543,0.003,HH,HH
29025,1.9966850401824272,0.001,HH,HH
29026,2.1877103838917247,0.001,HH,HH
29027,1.7559394660337249,0.001,HH,HH
29028,2.0529392718458177,0.002,HH,HH
29029,1.6662115469263368,0.001,HH,HH
29030,0.14736685145466363,0.047,HH,HH
29031,1.853651975775928,0.014,HH,HH
29032,0.5089478652704438,0.027,HH,HH
29033,1.9636516234856531,0.001,HH,HH
29034,0.8884088730715137,0.116,HH,ns
29035,1.6396191794349408,0.001,HH,HH
29036,0.9014598457367167,0.057,HH,ns
29037,0.9964048113713532,0.015,HH,HH
29038,2.4491678557912766,0.001,HH,HH
29039,2.699944845104682,0.001,HH,HH
29040,1.502888784040964,0.001,HH,HH
29041,2.155664793886841,0.001,HH,HH
29042,1.5993248158970421,0.001,HH,HH
29043,3.5289125572679776,0.001,HH,HH
29044,1.213097821088539,0.001,HH,HH
29045,0.1931099717460559,0.039,HH,HH
29046,-0.016914412780167594,0.409,HL,ns
29047,-0.20693672170410796,0.174,LH,ns
29048,2.719638355378044,0.001,HH,HH
29049,0.3174349090387024,0.077,HH,ns
29050,1.3919504101229918,0.002,HH,HH
29051,0.1869026597872673,0.09,HH,ns
29052,0.6416749984016858,0.012,HH,HH
29053,0.7070507217269169,0.118,HH,ns
29054,0.6398619986561824,0.052,HH,ns
29055,0.9662827961272101,0.029,HH,HH
29056,0.4417469931300475,0.002,HH,HH
29057,0.16330808900202373,0.074,HH,ns
29058,1.4671047542539144,0.001,HH,HH
29059,1.7648241059165712,0.012,HH,HH
29060,2.409723480964917,0.002,HH,HH
30001,0.344760790343991,0.216,HH,ns
30002,-0.005618727639887044,0.25,HL,ns
30003,1.00973482295977,0.012,HH,HH
30004,0.3809648967335981,0.025,HH,HH
30005,-0.026656807109390782,0.241,LH,ns
30006,0.004673591906129005,0.481,LL,ns
30007,-0.0001058277891258614,0.427,LH,ns
30008,0.5978578733173759,0.129,LL,ns
30009,0.12411594031824616,0.298,HH,ns
30010,0.01786993319834648,0.351,LL,ns
30011,1.0883296095040549,0.013,HH,HH
30012,-0.45226471642406474,0.087,LH,ns
30013,-0.02430105233632709,0.11,HL,ns
30014,-0.017261079431935743,0.449,HL,ns
30015,0.24183934891125392,0.144,HH,ns
30016,0.8728174100521572,0.146,HH,ns
30017,0.2924487417050876,0.18,HH,ns
30018,-0.26593859815182347,0.35,LH,ns
30019,0.13347763299615234,0.227,LL,ns
30020,0.1848685388850837,0.109,LL,ns
30021,-0.03751845584108217,0.36,HL,ns
30022,0.1210155880985512,0.291,LL,ns
30023,-0.021334480441872444,0.337,LH,ns
30024,-0.0019963279024119433,0.412,LH,ns
30025,-0.12109716354689395,0.208,LH,ns
30026,2.4145670265056296,0.006,HH,HH
30027,0.3056089225646863,0.096,LL,ns
30028,2.3584812848692622,0.001,HH,HH
30029,0.5738963160171416,0.078,LL,ns
30030,0.01565865776871664,0.493,HH,ns
30031,-0.40544192677137614,0.165,LH,ns
30032,0.06659138918989997,0.197,HH,ns
30033,-0.006320567880480838,0.203,LH,ns
30034,0.0418314239259725,0.304,LL,ns
30035,0.10835517673302596,0.268,LL,ns
30036,-0.022703824972550767,0.407,LH,ns
30037,0.0037121342873673285,0.451,HH,ns
30038,1.1088707689791626,0.016,HH,HH
30039,2.3331167707704505,0.018,HH,HH
30040,0.126245754789934,0.122,HH,ns
30041,-0.13781003296615013,0.409,LH,ns
30042,0.012362298262426751,0.386,HH,ns
30043,0.05016997999747444,0.267,LL,ns
30044,-0.26318323240247415,0.176,HL,ns
30045,1.053509983068768,0.011,HH,HH
30046,0.04762388679375958,0.206,HH,ns
30047,0.12875663552924752,0.018,LL,LL
30048,3.995185626442663,0.003,HH,HH
30049,0.3626527877956623,0.017,HH,HH
30050,0.05498589596340553,0.341,HH,ns
30051,-0.014752020911053706,0.444,HL,ns
30052,-0.03768585274370901,0.452,HL,ns
30053,0.16438336133385284,0.215,HH,ns
30054,0.3286494283397972,0.082,HH,ns
30055,-0.009624566530123488,0.398,LH,ns
30056,-0.04059795368117526,0.335,LH,ns
30057,0.05147717450325518,0.425,LL,ns
30058,0.055279670821876584,0.31,LL,ns
30059,2.6519046320702437,0.001,HH,HH
30060,0.02640420436676851,0.153,LL,ns
30061,0.38336196488080715,0.077,HH,ns
30062,0.20666308863028182,0.351,LL,ns
30063,0.01035355002715547,0.356,LL,ns
30064,-0.05952391852810098,0.288,LH,ns
30065,1.0822739821673109,0.005,HH,HH
30066,0.07703365882848694,0.319,HH,ns
30067,0.0199476447260167,0.406,HH,ns
30068,-0.0942456041437829,0.316,HL,ns
30069,0.016338970533727803,0.374,HH,ns
30070,0.15758225413530746,0.011,HH,HH
30071,-0.08566647956929957,0.028,HL,HL
30072,0.20045792432743875,0.087,LL,ns
30073,1.0150934199515957,0.014,HH,HH
30074,-0.013091739637614369,0.158,LH,ns
30075,0.16539969679721808,0.065,HH,ns
30076,0.3838315150343592,0.247,LL,ns
30077,0.8532716598339354,0.011,HH,HH
30078,0.016774941779512144,0.376,LL,ns
30079,0.05620068176671545,0.274,LL,ns
30080,0.09049433943742559,0.287,LL,ns
30081,0.0075970730885343936,0.485,LL,ns
30082,2.447319798507252,0.001,HH,HH
30083,0.20039794534859065,0.111,LL,ns
30084,0.05031144058862482,0.025,HH,HH
30085,-0.15850209775130486,0.186,HL,ns
30086,-0.07106032634737525,0.068,LH,ns
30087,3.0909889169789753,0.001,HH,HH
30088,0.144476441841099,0.045,HH,HH
30089,1.0051258583347062,0.025,HH,HH
30090,0.25009988536693983,0.013,HH,HH
30091,0.38311679846050856,0.115,HH,ns
30092,0.16941684076086,0.091,HH,ns
30093,1.4527458341544988,0.002,HH,HH
30094,1.200882137636096,0.018,HH,HH
30095,-0.026401943391470103,0.422,LH,ns
30096,0.3608514573412648,0.286,LL,ns
30097,0.6448303840793542,0.179,HH,ns
30098,0.5799480360628062,0.118,LL,ns
30099,-0.11882619658663626,0.196,HL,ns
30100,1.3142876911505152,0.003,HH,HH
30101,0.09537894639267568,0.376,LL,ns
30102,0.19069614242690164,0.22,HH,ns
30103,0.000577181059957983,0.364,HH,ns
30104,0.11859118494506946,0.203,HH,ns
30105,1.7577267150399638,0.01,HH,HH
30106,0.15880320376337873,0.284,LL,ns
30107,-0.7402585495656085,0.216,LH,ns
30108,1.1767084713891975,0.038,HH,HH
30109,-0.08519262472178987,0.19,HL,ns
30110,0.3430509714280737,0.23,LL,ns
30111,0.5453113274379557,0.001,HH,HH
30112,0.45696445897687715,0.101,HH,ns
30113,0.07856822265947526,0.404,LL,ns
30114,-0.06533161134136954,0.266,LH,ns
30115,-0.006164526131449131,0.476,HL,ns
30116,0.8479468315080646,0.047,HH,HH
30117,0.08623084461541988,0.088,HH,ns
30118,-0.10955180205258142,0.361,HL,ns
30119,0.7305324906847585,0.003,HH,HH
30120,3.0084987120742492,0.001,HH,HH
30121,0.05694941684607737,0.38,HH,ns
30122,0.8291520596264562,0.075,HH,ns
30123,1.7733849412689595,0.001,HH,HH
30124,0.1455305592934075,0.213,HH,ns
30125,-0.06542473822957873,0.337,HL,ns
30126,0.22486540298764346,0.05,HH,ns
30127,0.37462765615447485,0.119,LL,ns
30128,0.3992473586325834,0.145,HH,ns
30129,-0.05877631601334397,0.303,LH,ns
30130,0.14285413901756738,0.111,HH,ns
30131,0.2745152155869817,0.252,HH,ns
30132,0.16031262835883558,0.403,HH,ns
30133,1.7309120048629392,0.001,HH,HH
30134,0.19850988210860418,0.144,HH,ns
30135,0.00296142730520452,0.354,LL,ns
30136,0.6670331020987381,0.006,HH,HH
30137,0.5574237404466102,0.134,LL,ns
30138,0.07894768853711923,0.362,HH,ns
30139,-0.32135261628159145,0.106,LH,ns
30140,0.8573988108915597,0.108,LL,ns
30141,0.601122236436253,0.096,HH,ns
30142,0.4980505895075384,0.073,HH,ns
30143,0.14121838618078053,0.132,HH,ns
30144,0.7770205220750622,0.009,HH,HH
30145,0.3221057090186707,0.001,HH,HH
30146,0.46423308906158545,0.265,LL,ns
30147,0.009376004407006977,0.434,LL,ns
30148,0.12829341341289938,0.3,HH,ns
30149,0.10250597834760189,0.217,HH,ns
30150,0.11672727772678522,0.265,LL,ns
30151,0.10656397932644221,0.417,LL,ns
30152,0.4472639835255717,0.019,HH,HH
30153,0.21840856106361684,0.241,LL,ns
30154,0.1437136142543637,0.337,LL,ns
30155,-0.004595131259389386,0.477,HL,ns
30156,0.05139020109073986,0.445,LL,ns
30157,-0.04634394577544343,0.443,LH,ns
30158,-0.04534540169653498,0.225,LH,ns
30159,0.06901177618633889,0.317,LL,ns
30160,-0.06639626118785244,0.252,HL,ns
30161,0.047018959041383285,0.153,HH,ns
30162,0.2889715621693322,0.235,LL,ns
30163,0.16065711948984093,0.237,LL,ns
30164,0.11096987195303279,0.21,HH,ns
30165,0.14789861740188381,0.418,LL,ns
30166,0.05004343793770561,0.314,HH,ns
30167,0.07315453379651171,0.318,LL,ns
30168,0.37696785232207947,0.075,LL,ns
30169,0.5867702530614483,0.089,HH,ns
30170,0.9631787435577126,0.063,LL,ns
30171,0.2236833514717823,0.086,LL,ns
30172,0.830083162148389,0.04,HH,HH
30173,0.2774199357437568,0.285,HH,ns
30174,0.9927567311812461,0.003,HH,HH
30175,0.03455967299166678,0.32,HH,ns
30176,-0.1628495267535794,0.047,LH,LH
30177,0.021209686234265314,0.489,LL,ns
30178,0.24601550862112675,0.075,HH,ns
30179,0.08103568482223394,0.248,LL,ns
30180,0.7529016572099009,0.033,LL,LL
30181,0.9243824241462223,0.008,HH,HH
30182,0.6636324091227189,0.001,HH,HH
30183,0.13913461820203393,0.334,HH,ns
30184,0.25751072395261826,0.175,LL,ns
30185,0.3608942505791539,0.162,LL,ns
30186,0.36355526012641565,0.245,LL,ns
30187,-0.03491781702927685,0.474,LH,ns
30188,0.24587082590103332,0.245,LL,ns
30189,0.0816649591313047,0.381,HH,ns
30190,-0.41198957551154664,0.056,LH,ns
30191,0.7110287216719596,0.066,HH,ns
30192,0.057300697764692904,0.412,HH,ns
30193,3.2850534009221906,0.045,HH,HH
30194,-0.08424103058674562,0.44,HL,ns
30195,0.04312072080308855,0.264,LL,ns
30196,-0.1313464633783366,0.177,LH,ns
30197,-0.002444502736621024,0.36,HL,ns
30198,0.7207348134731205,0.042,LL,LL
30199,1.90719399887983,0.001,HH,HH
30200,0.086261251095291,0.398,LL,ns
30201,0.0205981938132814,0.42,LL,ns
30202,0.5640466165522315,0.054,LL,ns
30203,0.03744535087790147,0.36,HH,ns
30204,0.2725873173970073,0.006,HH,HH
30205,0.4869215258157776,0.092,HH,ns
30206,2.4293441322752067,0.005,HH,HH
30207,2.3602845361861946,0.001,HH,HH
30208,0.7038642315980186,0.15,HH,ns
30209,0.03881694468363736,0.202,HH,ns
30210,0.09957247121271043,0.117,HH,ns
30211,0.08616059621151625,0.375,HH,ns
30212,0.15119447617605453,0.182,LL,ns
31001,-0.27630471680698876,0.001,LH,LH
31002,0.7996622755772728,0.036,HH,HH
31003,0.1310708217433624,0.283,HH,ns
31004,1.0511952439705403,0.011,HH,HH
31005,0.24423911351783162,0.056,HH,ns
31006,0.017780889382900004,0.337,HH,ns
31007,0.47216487212546526,0.075,HH,ns
31008,0.7091176575955633,0.023,HH,HH
31009,0.06556663418458326,0.247,HH,ns
31010,-0.05418374199312871,0.35,LH,ns
31011,0.023451524818233916,0.237,HH,ns
31012,0.09017737855268688,0.148,HH,ns
31013,0.8094837339570008,0.119,HH,ns
31014,0.20322519672190523,0.021,HH,HH
31015,-0.14181917171740366,0.121,LH,ns
31016,-0.014585173718618675,0.455,LH,ns
31017,0.0445958669652324,0.09,HH,ns
31018,0.09004346029151274,0.136,HH,ns
31019,1.5083747519772515,0.001,HH,HH
31020,0.61323193169685,0.054,HH,ns
31021,-0.01070955457337707,0.068,LH,ns
31022,0.04666448734451206,0.327,HH,ns
31023,0.7053601136694496,0.047,HH,HH
31024,0.007269264022110649,0.409,HH,ns
31025,0.15582967546040216,0.172,HH,ns
31026,0.23007602368751118,0.099,HH,ns
31027,-0.009224967325066573,0.476,HL,ns
31028,-0.022313803402309103,0.463,LH,ns
31029,-0.002469068434656473,0.477,LH,ns
31030,0.734163165899298,0.018,HH,HH
31031,0.02029013745212323,0.474,LL,ns
31032,1.0938519376331735,0.002,HH,HH
31033,0.9201599360265845,0.118,HH,ns
31034,0.06039842686637718,0.348,HH,ns
31035,-0.0003392971544161136,0.181,LH,ns
31036,-0.020257973335057394,0.164,LH,ns
31037,0.06601941991035909,0.391,HH,ns
31038,0.6172141445179371,0.193,HH,ns
31039,0.6859837407966536,0.013,HH,HH
31040,0.042165663271712756,0.451,HH,ns
31041,2.9236371639328547,0.001,HH,HH
31042,0.01951707488825359,0.259,HH,ns
31043,0.34201029287956813,0.094,HH,ns
31044,0.21739086831347065,0.127,HH,ns
31045,0.02302735246797936,0.138,HH,ns
31046,0.011058683943780801,0.241,HH,ns
31047,-0.011303766824052206,0.2,LH,ns
31048,0.4100392950671062,0.106,HH,ns
31049,0.0035183647822160167,0.414,HH,ns
31050,4.509187246389209,0.001,HH,HH
31051,0.6459672466486032,0.022,HH,HH
31052,0.6580094175765643,0.073,HH,ns
31053,0.22046081098116152,0.194,HH,ns
31054,0.5486491939748591,0.005,HH,HH
31055,-0.08800255210848018,0.118,LH,ns
31056,0.20454614047198674,0.214,HH,ns
31057,0.000591927232650139,0.49,LL,ns
31058,0.04665120636274468,0.407,HH,ns
31059,0.6250977276547796,0.187,HH,ns
31060,0.18935841788746596,0.233,HH,ns
31061,-0.006271777410681366,0.416,LH,ns
31062,0.06066485346579804,0.154,HH,ns
31063,0.5045248627540523,0.009,HH,HH
31064,0.01284904886401343,0.348,HH,ns
31065,0.047263738595817506,0.457,LL,ns
31066,-0.11919367343181526,0.065,LH,ns
31067,0.3135414753305043,0.11,HH,ns
31068,0.1007607738154773,0.203,HH,ns
31069,0.0446075722465504,0.372,HH,ns
31070,0.023736216581902832,0.124,HH,ns
31071,-0.07320753587814915,0.168,LH,ns
31072,0.010739313173983652,0.118,HH,ns
31073,0.01103385123929168,0.452,HH,ns
31074,-0.022776443325730054,0.092,LH,ns
31075,0.0057654735098339694,0.398,HH,ns
31076,0.17989004171082623,0.235,HH,ns
31077,-0.04554607739365446,0.375,LH,ns
31078,0.15872564336060818,0.309,HH,ns
31079,-0.004509098270580447,0.472,HL,ns
31080,0.06626382473176132,0.363,HH,ns
31081,0.08598766242793786,0.096,HH,ns
31082,0.24334093374184101,0.18,HH,ns
31083,-0.06729277861576352,0.245,LH,ns
31084,-0.0056749843105485115,0.477,HL,ns
31085,1.2259934679336504,0.001,HH,HH
31086,-0.03755644383836338,0.227,LH,ns
31087,0.04191093903650997,0.143,HH,ns
31088,-0.02546062218833323,0.211,LH,ns
31089,0.3588641306448294,0.224,HH,ns
31090,0.3985715643736649,0.033,HH,HH
31091,0.9150206773917836,0.052,HH,ns
31092,0.022011759222280297,0.401,HH,ns
31093,0.8180758983928327,0.045,HH,HH
31094,-0.014239014213217854,0.463,LH,ns
31095,0.9950649762173376,0.002,HH,HH
31096,0.6064880313736773,0.068,HH,ns
31097,-0.01046290017120912,0.134,LH,ns
31098,-0.009351614477391168,0.454,HL,ns
31099,1.421145762685473,0.001,HH,HH
31100,2.1466687945522076,0.001,HH,HH
31101,2.9236072904563146,0.003,HH,HH
31102,1.6159821017684806,0.021,HH,HH
31103,-0.04480331669822554,0.313,LH,ns
31104,0.22537222518810132,0.169,HH,ns
31105,0.6309195534322675,0.009,HH,HH
31106,-0.06274215679237943,0.134,LH,ns
32001,0.16755962162088536,0.232,LL,ns
32002,-0.09425338605250147,0.372,LH,ns
32003,0.743798160378838,0.062,LL,ns
32004,0.737189945805372,0.064,LL,ns
32005,0.4482707192485843,0.084,HH,ns
32006,0.27758313589627226,0.087,HH,ns
32007,0.04532899522023504,0.385,LL,ns
32008,0.03677441757180199,0.414,HH,ns
32009,-0.02482758901300431,0.465,HL,ns
32010,0.47457342580339645,0.15,HH,ns
32011,1.024235671020731,0.064,LL,ns
32012,-0.13010935484729358,0.052,LH,ns
32013,0.12326766787092978,0.058,HH,ns
32014,0.10283594869467082,0.12,LL,ns
32015,-0.013638827975717496,0.497,LH,ns
32016,0.00042329117618403536,0.499,LL,ns
32017,-0.1862194646248941,0.305,HL,ns
32018,0.06973616226020814,0.381,LL,ns
32019,0.06957649849910892,0.11,LL,ns
32020,0.27291633566001644,0.172,HH,ns
32021,0.07359192032509185,0.415,LL,ns
32022,-0.019370088149115994,0.477,LH,ns
32023,0.07821675991958273,0.069,LL,ns
32024,0.08263310180571108,0.413,HH,ns
32025,0.0004142970797804118,0.244,HH,ns
32026,0.6500565000816245,0.03,LL,LL
32027,0.14499972594474395,0.455,LL,ns
32028,1.0435063491214684,0.035,LL,LL
32029,0.0235933461937763,0.412,HH,ns
32030,0.18145453495003006,0.188,LL,ns
32031,0.14216677794298824,0.093,LL,ns
32032,0.07876582455280544,0.365,HH,ns
32033,0.09173584523567185,0.346,LL,ns
32034,-0.06779163558159369,0.334,HL,ns
32035,-0.12942127181254992,0.317,LH,ns
32036,-0.0382916619236133,0.351,HL,ns
32037,-0.1617155419073745,0.172,LH,ns
32038,0.08799608864175873,0.259,HH,ns
32039,0.3040708294655801,0.158,HH,ns
32040,0.7759649046793146,0.035,HH,HH
32041,-0.11147314006796062,0.392,LH,ns
32042,0.2905241286171016,0.115,HH,ns
32043,0.09184898009518205,0.389,LL,ns
32044,-0.02324649582797577,0.383,HL,ns
32045,0.2380694903112595,0.091,LL,ns
32046,-0.04002243780237269,0.389,LH,ns
32047,0.8327017925606851,0.057,LL,ns
32048,0.045229329525938056,0.075,LL,ns
32049,0.15598253143245255,0.195,LL,ns
32050,-0.26197728247291985,0.241,LH,ns
32051,-0.0007004111127275655,0.37,HL,ns
32052,0.06958450118221106,0.126,HH,ns
32053,0.09240086177749793,0.283,LL,ns
32054,0.0010442579798979168,0.471,LL,ns
32055,0.07024894252036505,0.434,HH,ns
32056,0.48707162219395006,0.126,HH,ns
32057,0.01676883343776409,0.457,LL,ns
32058,0.49707672000384984,0.115,LL,ns
